id,age,gender,department_id,admission_date,discharge_date,outcome
1,46,Female,1,2025-10-05,2025-10-10,recovered
2,44,Male,1,2025-10-15,2025-10-21,recovered
3,64,Female,1,2025-10-19,2025-10-25,recovered
4,46,Male,1,2025-10-22,2025-10-24,recovered
5,69,Male,1,2025-10-13,2025-10-19,referred
6,32,Male,1,2025-10-04,2025-10-09,recovered
7,59,Female,1,2025-10-20,2025-10-23,referred
8,40,Other,1,2025-10-20,2025-10-24,recovered
9,40,Female,1,2025-10-25,2025-10-30,referred
10,36,Male,1,2025-10-25,2025-10-30,ongoing
11,25,Male,1,2025-10-15,2025-10-20,recovered
12,67,Other,1,2025-10-27,2025-11-01,recovered
13,58,Female,1,2025-10-19,2025-10-24,recovered
14,67,Other,1,2025-10-22,2025-10-25,recovered
15,40,Female,1,2025-10-03,2025-10-10,ongoing
16,46,Male,1,2025-10-14,2025-10-18,ongoing
17,44,Male,1,2025-10-15,2025-10-21,deceased
18,47,Other,1,2025-10-01,2025-10-07,recovered
19,39,Male,1,2025-10-02,2025-10-06,recovered
20,29,Female,1,2025-10-16,2025-10-18,recovered
21,31,Female,1,2025-10-25,2025-10-28,recovered
22,28,Female,1,2025-10-13,2025-10-17,recovered
23,36,Male,1,2025-10-03,2025-10-09,recovered
24,30,Female,1,2025-10-06,2025-10-14,ongoing
25,45,Male,1,2025-10-05,2025-10-11,recovered
26,46,Other,1,2025-10-15,2025-10-21,recovered
27,46,Female,1,2025-10-18,2025-10-22,recovered
28,59,Male,1,2025-10-07,2025-10-14,recovered
29,21,Male,1,2025-10-26,2025-11-01,recovered
30,24,Other,1,2025-10-07,2025-10-09,recovered
31,43,Male,1,2025-10-15,2025-10-20,recovered
32,40,Female,1,2025-10-15,2025-10-18,deceased
33,71,Female,1,2025-10-28,2025-11-03,deceased
34,77,Other,1,2025-10-24,2025-10-29,ongoing
35,40,Female,1,2025-10-25,2025-10-31,referred
36,55,Male,1,2025-10-17,2025-10-20,recovered
37,26,Female,1,2025-10-02,2025-10-07,referred
38,33,Female,1,2025-10-22,2025-10-26,recovered
39,33,Male,1,2025-10-12,2025-10-19,referred
40,24,Male,1,2025-10-14,2025-10-18,recovered
41,19,Male,1,2025-10-06,2025-10-12,deceased
42,49,Female,1,2025-10-23,2025-10-26,recovered
43,30,Female,1,2025-10-18,2025-10-22,recovered
44,53,Male,1,2025-10-09,2025-10-12,recovered
45,20,Male,1,2025-10-28,2025-11-01,recovered
46,39,Other,1,2025-10-13,2025-10-19,recovered
47,50,Other,1,2025-10-28,2025-10-30,recovered
48,28,Male,1,2025-10-16,2025-10-19,recovered
49,53,Female,1,2025-10-01,2025-10-04,recovered
50,65,Female,1,2025-10-23,2025-10-28,recovered
51,47,Other,1,2025-10-08,2025-10-13,referred
52,32,Male,1,2025-10-12,2025-10-16,ongoing
53,51,Male,1,2025-10-16,2025-10-20,recovered
54,24,Male,1,2025-10-12,2025-10-16,ongoing
55,51,Other,1,2025-10-28,2025-10-31,ongoing
56,53,Female,1,2025-10-24,2025-10-28,recovered
57,35,Other,1,2025-10-11,2025-10-14,referred
58,40,Female,1,2025-10-22,2025-10-26,referred
59,23,Male,1,2025-10-21,2025-10-27,recovered
60,50,Female,1,2025-10-05,2025-10-11,recovered
61,60,Male,1,2025-10-18,2025-10-26,deceased
62,40,Male,1,2025-10-22,2025-10-24,recovered
63,47,Male,1,2025-10-05,2025-10-12,recovered
64,65,Male,1,2025-10-17,2025-10-21,ongoing
65,33,Female,1,2025-10-21,2025-10-27,recovered
66,34,Female,1,2025-10-01,2025-10-06,recovered
67,39,Male,1,2025-10-01,2025-10-06,ongoing
68,81,Female,1,2025-10-27,2025-11-02,deceased
69,51,Female,1,2025-10-06,2025-10-08,ongoing
70,49,Male,1,2025-10-17,2025-10-20,recovered
71,35,Other,1,2025-10-26,2025-10-30,recovered
72,54,Male,1,2025-10-23,2025-10-26,referred
73,58,Female,1,2025-10-28,2025-11-03,ongoing
74,47,Male,1,2025-10-16,2025-10-18,referred
75,55,Male,1,2025-10-06,2025-10-08,ongoing
76,29,Other,1,2025-10-28,2025-11-04,recovered
77,63,Female,1,2025-10-08,2025-10-11,recovered
78,24,Male,1,2025-10-02,2025-10-09,ongoing
79,56,Male,1,2025-10-19,2025-10-25,recovered
80,68,Female,1,2025-10-19,2025-10-22,recovered
81,46,Female,1,2025-10-10,2025-10-13,referred
82,70,Female,1,2025-10-18,2025-10-22,deceased
83,8,Male,1,2025-10-23,2025-10-29,recovered
84,44,Male,1,2025-10-14,2025-10-17,recovered
85,57,Male,1,2025-10-20,2025-10-26,recovered
86,41,Female,1,2025-10-21,2025-10-24,recovered
87,58,Other,1,2025-10-08,2025-10-12,referred
88,39,Other,1,2025-10-13,2025-10-15,recovered
89,54,Female,1,2025-10-26,2025-10-29,referred
90,49,Female,1,2025-10-26,2025-10-31,recovered
91,56,Male,1,2025-10-12,2025-10-14,deceased
92,45,Male,1,2025-10-09,2025-10-11,recovered
93,32,Male,1,2025-10-14,2025-10-18,recovered
94,40,Other,1,2025-10-12,2025-10-17,ongoing
95,36,Female,1,2025-10-26,2025-10-30,deceased
96,52,Other,1,2025-10-03,2025-10-09,recovered
97,41,Male,1,2025-10-19,2025-10-24,recovered
98,37,Male,1,2025-10-09,2025-10-14,recovered
99,37,Male,1,2025-10-14,2025-10-17,recovered
100,67,Female,1,2025-10-08,2025-10-14,ongoing
101,53,Female,1,2025-10-20,2025-10-23,recovered
102,52,Male,1,2025-10-27,2025-11-01,recovered
103,53,Other,1,2025-10-11,2025-10-15,recovered
104,27,Female,1,2025-10-10,2025-10-14,recovered
105,35,Female,1,2025-10-11,2025-10-14,ongoing
106,51,Female,1,2025-10-26,2025-10-29,recovered
107,24,Female,1,2025-10-27,2025-11-02,ongoing
108,68,Other,1,2025-10-18,2025-10-21,recovered
109,41,Male,1,2025-10-24,2025-10-28,deceased
110,31,Female,1,2025-10-23,2025-10-25,referred
111,41,Female,1,2025-10-16,2025-10-19,referred
112,54,Male,1,2025-10-14,2025-10-20,recovered
113,32,Female,1,2025-10-20,2025-10-25,ongoing
114,54,Male,1,2025-10-02,2025-10-08,referred
115,50,Female,1,2025-11-18,2025-11-23,referred
116,41,Other,1,2025-11-22,2025-11-26,recovered
117,39,Male,1,2025-11-19,2025-11-27,deceased
118,32,Male,1,2025-11-14,2025-11-16,recovered
119,27,Other,1,2025-11-08,2025-11-13,recovered
120,42,Female,1,2025-11-15,2025-11-19,deceased
121,32,Male,1,2025-11-22,2025-11-27,recovered
122,44,Male,1,2025-11-04,2025-11-07,recovered
123,52,Female,1,2025-11-27,2025-12-04,deceased
124,53,Male,1,2025-11-07,2025-11-12,recovered
125,41,Male,1,2025-11-04,2025-11-08,recovered
126,33,Male,1,2025-11-26,2025-12-02,deceased
127,41,Female,1,2025-11-11,2025-11-17,ongoing
128,37,Male,1,2025-11-06,2025-11-11,ongoing
129,46,Female,1,2025-11-14,2025-11-21,recovered
130,58,Female,1,2025-11-21,2025-11-27,recovered
131,50,Female,1,2025-11-24,2025-11-29,recovered
132,61,Male,1,2025-11-23,2025-11-26,deceased
133,50,Other,1,2025-11-23,2025-11-29,recovered
134,47,Female,1,2025-11-12,2025-11-16,recovered
135,10,Male,1,2025-11-09,2025-11-15,ongoing
136,47,Other,1,2025-11-13,2025-11-18,recovered
137,37,Male,1,2025-11-12,2025-11-16,ongoing
138,47,Female,1,2025-11-19,2025-11-21,recovered
139,54,Female,1,2025-11-04,2025-11-07,ongoing
140,53,Female,1,2025-11-13,2025-11-17,ongoing
141,28,Female,1,2025-11-13,2025-11-17,ongoing
142,46,Female,1,2025-11-06,2025-11-11,recovered
143,25,Male,1,2025-11-11,2025-11-18,recovered
144,26,Female,1,2025-11-05,2025-11-08,ongoing
145,31,Female,1,2025-11-17,2025-11-23,recovered
146,53,Male,1,2025-11-06,2025-11-08,deceased
147,54,Male,1,2025-11-25,2025-11-28,recovered
148,46,Female,1,2025-11-25,2025-11-29,ongoing
149,62,Male,1,2025-11-17,2025-11-19,ongoing
150,60,Female,1,2025-11-27,2025-12-03,ongoing
151,65,Female,1,2025-11-07,2025-11-15,recovered
152,60,Female,1,2025-11-28,2025-12-06,recovered
153,67,Male,1,2025-11-12,2025-11-19,deceased
154,58,Other,1,2025-11-26,2025-11-29,referred
155,34,Other,1,2025-11-12,2025-11-19,recovered
156,35,Female,1,2025-11-26,2025-11-29,deceased
157,27,Female,1,2025-11-02,2025-11-07,recovered
158,41,Other,1,2025-11-23,2025-11-26,recovered
159,64,Female,1,2025-11-28,2025-12-03,deceased
160,30,Male,1,2025-11-26,2025-11-30,recovered
161,42,Female,1,2025-11-28,2025-12-04,referred
162,38,Female,1,2025-11-11,2025-11-18,recovered
163,43,Female,1,2025-11-05,2025-11-10,recovered
164,58,Male,1,2025-11-21,2025-11-27,recovered
165,35,Female,1,2025-11-17,2025-11-23,recovered
166,19,Male,1,2025-11-11,2025-11-16,referred
167,36,Other,1,2025-11-15,2025-11-20,recovered
168,20,Female,1,2025-11-07,2025-11-14,recovered
169,41,Female,1,2025-11-09,2025-11-13,ongoing
170,61,Male,1,2025-11-28,2025-12-03,referred
171,63,Female,1,2025-11-25,2025-11-27,recovered
172,58,Female,1,2025-11-04,2025-11-11,recovered
173,53,Female,1,2025-11-15,2025-11-17,referred
174,42,Male,1,2025-11-10,2025-11-13,recovered
175,62,Female,1,2025-11-21,2025-11-25,recovered
176,54,Female,1,2025-11-13,2025-11-18,recovered
177,52,Male,1,2025-11-21,2025-11-23,recovered
178,50,Female,1,2025-11-19,2025-11-22,recovered
179,61,Female,1,2025-11-01,2025-11-07,referred
180,8,Female,1,2025-11-05,2025-11-10,recovered
181,54,Male,1,2025-11-03,2025-11-09,recovered
182,51,Female,1,2025-11-13,2025-11-19,referred
183,43,Female,1,2025-11-22,2025-11-25,recovered
184,44,Female,1,2025-11-12,2025-11-18,recovered
185,48,Male,1,2025-11-20,2025-11-26,recovered
186,40,Female,1,2025-11-25,2025-11-27,recovered
187,51,Male,1,2025-11-14,2025-11-18,recovered
188,53,Other,1,2025-11-18,2025-11-23,recovered
189,70,Male,1,2025-11-25,2025-12-02,recovered
190,49,Female,1,2025-11-17,2025-11-22,referred
191,71,Female,1,2025-11-13,2025-11-16,recovered
192,54,Female,1,2025-11-13,2025-11-15,referred
193,46,Male,1,2025-11-20,2025-11-22,recovered
194,43,Other,1,2025-11-05,2025-11-09,recovered
195,52,Male,1,2025-11-12,2025-11-17,recovered
196,58,Male,1,2025-11-19,2025-11-21,recovered
197,57,Male,1,2025-11-02,2025-11-09,referred
198,40,Female,1,2025-11-23,2025-11-28,recovered
199,34,Female,1,2025-11-23,2025-11-27,recovered
200,32,Other,1,2025-11-03,2025-11-07,recovered
201,36,Male,1,2025-11-26,2025-11-29,recovered
202,60,Female,1,2025-11-23,2025-11-27,recovered
203,31,Other,1,2025-11-08,2025-11-10,recovered
204,50,Female,1,2025-11-10,2025-11-16,recovered
205,42,Male,1,2025-11-01,2025-11-07,ongoing
206,37,Male,1,2025-11-17,2025-11-23,recovered
207,47,Male,1,2025-11-12,2025-11-14,deceased
208,34,Female,1,2025-11-01,2025-11-05,recovered
209,40,Male,1,2025-11-17,2025-11-19,recovered
210,28,Male,1,2025-11-15,2025-11-20,recovered
211,38,Male,1,2025-11-28,2025-12-03,ongoing
212,52,Female,1,2025-11-22,2025-11-28,referred
213,46,Male,1,2025-11-17,2025-11-19,recovered
214,43,Female,1,2025-11-12,2025-11-16,recovered
215,51,Female,1,2025-11-28,2025-11-30,recovered
216,25,Male,1,2025-11-11,2025-11-14,recovered
217,34,Male,1,2025-11-27,2025-11-29,recovered
218,56,Male,1,2025-11-08,2025-11-14,recovered
219,60,Male,1,2025-11-03,2025-11-10,recovered
220,27,Male,1,2025-11-03,2025-11-08,recovered
221,49,Female,1,2025-11-07,2025-11-10,recovered
222,23,Female,1,2025-11-12,2025-11-17,deceased
223,63,Female,1,2025-11-25,2025-11-28,recovered
224,31,Male,1,2025-11-01,2025-11-08,recovered
225,59,Male,1,2025-11-18,2025-11-22,recovered
226,21,Male,1,2025-11-25,2025-12-01,recovered
227,46,Male,1,2025-11-07,2025-11-12,recovered
228,60,Male,1,2025-11-23,2025-11-26,recovered
229,41,Male,1,2025-11-28,2025-12-03,ongoing
230,32,Female,1,2025-11-04,2025-11-09,recovered
231,13,Female,1,2025-11-19,2025-11-24,recovered
232,58,Female,1,2025-11-09,2025-11-16,referred
233,40,Male,1,2025-11-27,2025-12-03,recovered
234,54,Other,1,2025-11-05,2025-11-11,recovered
235,33,Male,1,2025-11-05,2025-11-07,ongoing
236,48,Female,1,2025-11-12,2025-11-19,recovered
237,48,Male,1,2025-11-10,2025-11-14,deceased
238,40,Male,1,2025-11-23,2025-11-29,recovered
239,57,Male,1,2025-11-27,2025-12-04,recovered
240,61,Male,1,2025-11-17,2025-11-19,recovered
241,58,Female,1,2025-11-27,2025-12-05,ongoing
242,47,Male,1,2025-11-24,2025-11-29,recovered
243,46,Female,1,2025-11-04,2025-11-10,recovered
244,46,Male,1,2025-11-07,2025-11-14,referred
245,60,Male,1,2025-11-21,2025-11-28,recovered
246,53,Female,1,2025-11-03,2025-11-06,deceased
247,58,Male,1,2025-11-05,2025-11-07,recovered
248,25,Other,1,2025-11-15,2025-11-17,recovered
249,31,Female,1,2025-11-27,2025-12-03,recovered
250,45,Female,1,2025-11-12,2025-11-15,recovered
251,55,Other,1,2025-11-09,2025-11-13,recovered
252,59,Female,1,2025-11-21,2025-11-24,ongoing
253,43,Female,1,2025-11-16,2025-11-18,referred
254,52,Other,1,2025-11-26,2025-12-01,deceased
255,34,Female,1,2025-12-13,2025-12-19,recovered
256,57,Female,1,2025-12-19,2025-12-24,recovered
257,42,Male,1,2025-12-06,2025-12-08,recovered
258,43,Other,1,2025-12-26,2026-01-03,recovered
259,45,Female,1,2025-12-25,2025-12-30,referred
260,52,Male,1,2025-12-08,2025-12-11,deceased
261,58,Female,1,2025-12-08,2025-12-13,recovered
262,43,Male,1,2025-12-08,2025-12-13,ongoing
263,34,Female,1,2025-12-01,2025-12-07,ongoing
264,58,Female,1,2025-12-07,2025-12-14,ongoing
265,49,Other,1,2025-12-10,2025-12-13,recovered
266,46,Male,1,2025-12-01,2025-12-06,recovered
267,59,Male,1,2025-12-20,2025-12-23,recovered
268,60,Female,1,2025-12-01,2025-12-04,deceased
269,66,Male,1,2025-12-04,2025-12-11,referred
270,18,Male,1,2025-12-22,2025-12-26,recovered
271,66,Female,1,2025-12-10,2025-12-14,deceased
272,41,Male,1,2025-12-21,2025-12-28,recovered
273,34,Male,1,2025-12-23,2025-12-30,recovered
274,16,Female,1,2025-12-22,2025-12-27,recovered
275,42,Male,1,2025-12-10,2025-12-16,referred
276,53,Other,1,2025-12-19,2025-12-23,recovered
277,75,Female,1,2025-12-06,2025-12-11,referred
278,28,Female,1,2025-12-19,2025-12-21,recovered
279,47,Female,1,2025-12-11,2025-12-17,referred
280,82,Male,1,2025-12-03,2025-12-10,recovered
281,45,Male,1,2025-12-01,2025-12-04,deceased
282,49,Male,1,2025-12-04,2025-12-10,recovered
283,72,Female,1,2025-12-15,2025-12-21,recovered
284,39,Male,1,2025-12-12,2025-12-17,deceased
285,25,Female,1,2025-12-16,2025-12-22,recovered
286,34,Male,1,2025-12-15,2025-12-17,recovered
287,49,Female,1,2025-12-01,2025-12-05,recovered
288,43,Other,1,2025-12-06,2025-12-12,recovered
289,33,Male,1,2025-12-11,2025-12-16,recovered
290,34,Female,1,2025-12-21,2025-12-24,recovered
291,47,Other,1,2025-12-02,2025-12-04,referred
292,53,Male,1,2025-12-24,2025-12-29,recovered
293,31,Female,1,2025-12-08,2025-12-10,recovered
294,55,Female,1,2025-12-02,2025-12-06,recovered
295,34,Male,1,2025-12-10,2025-12-17,recovered
296,34,Male,1,2025-12-07,2025-12-10,recovered
297,40,Female,1,2025-12-16,2025-12-23,referred
298,57,Other,1,2025-12-09,2025-12-11,recovered
299,38,Male,1,2025-12-06,2025-12-10,recovered
300,50,Female,1,2025-12-15,2025-12-19,deceased
301,56,Male,1,2025-12-09,2025-12-14,recovered
302,61,Other,1,2025-12-22,2025-12-26,recovered
303,20,Other,1,2025-12-25,2025-12-30,recovered
304,36,Female,1,2025-12-18,2025-12-24,ongoing
305,70,Male,1,2025-12-08,2025-12-13,ongoing
306,58,Other,1,2025-12-19,2025-12-26,referred
307,58,Female,1,2025-12-20,2025-12-23,recovered
308,40,Male,1,2025-12-26,2025-12-29,recovered
309,2,Female,1,2025-12-03,2025-12-11,deceased
310,63,Male,1,2025-12-20,2025-12-23,recovered
311,20,Other,1,2025-12-13,2025-12-18,recovered
312,36,Other,1,2025-12-28,2025-12-30,ongoing
313,50,Other,1,2025-12-17,2025-12-23,ongoing
314,49,Male,1,2025-12-19,2025-12-25,recovered
315,50,Male,1,2025-12-19,2025-12-25,recovered
316,18,Female,1,2025-12-09,2025-12-13,ongoing
317,51,Other,1,2025-12-20,2025-12-25,ongoing
318,56,Male,1,2025-12-22,2025-12-28,recovered
319,59,Male,1,2025-12-11,2025-12-17,recovered
320,49,Male,1,2025-12-01,2025-12-05,recovered
321,57,Female,1,2025-12-09,2025-12-16,recovered
322,29,Female,1,2025-12-10,2025-12-17,deceased
323,42,Male,1,2025-12-27,2025-12-31,recovered
324,26,Female,1,2025-12-15,2025-12-18,referred
325,61,Other,1,2025-12-16,2025-12-22,deceased
326,26,Other,1,2025-12-06,2025-12-08,recovered
327,27,Female,1,2025-12-05,2025-12-11,recovered
328,42,Male,1,2025-12-27,2025-12-30,recovered
329,63,Male,1,2025-12-02,2025-12-06,recovered
330,34,Female,1,2025-12-27,2025-12-31,referred
331,45,Female,1,2025-12-04,2025-12-10,recovered
332,60,Other,1,2025-12-28,2026-01-02,recovered
333,62,Male,1,2025-12-12,2025-12-15,recovered
334,31,Female,1,2025-12-01,2025-12-05,deceased
335,47,Female,1,2025-12-19,2025-12-25,referred
336,54,Female,1,2025-12-07,2025-12-10,ongoing
337,64,Female,1,2025-12-01,2025-12-08,recovered
338,40,Male,1,2025-12-21,2025-12-24,recovered
339,64,Male,1,2025-12-09,2025-12-14,recovered
340,37,Female,1,2025-12-13,2025-12-20,recovered
341,34,Female,1,2025-12-07,2025-12-11,ongoing
342,22,Male,1,2025-12-04,2025-12-06,ongoing
343,40,Female,1,2025-12-21,2025-12-26,recovered
344,64,Male,1,2025-12-11,2025-12-19,deceased
345,38,Male,1,2025-12-09,2025-12-12,recovered
346,17,Female,1,2025-12-05,2025-12-10,recovered
347,49,Male,1,2025-12-26,2026-01-02,referred
348,32,Female,1,2025-12-05,2025-12-11,recovered
349,27,Other,1,2025-12-09,2025-12-16,referred
350,57,Male,1,2025-12-19,2025-12-26,referred
351,22,Male,1,2025-12-23,2025-12-26,ongoing
352,39,Other,1,2025-12-10,2025-12-17,recovered
353,52,Other,1,2025-12-10,2025-12-12,deceased
354,52,Male,1,2025-12-06,2025-12-13,referred
355,49,Female,1,2025-12-03,2025-12-06,deceased
356,71,Other,1,2025-12-11,2025-12-15,recovered
357,18,Other,1,2025-12-15,2025-12-22,ongoing
358,49,Female,1,2025-12-20,2025-12-22,ongoing
359,36,Male,1,2025-12-04,2025-12-11,deceased
360,52,Female,1,2025-12-28,2025-12-31,recovered
361,75,Female,1,2025-12-14,2025-12-22,recovered
362,20,Female,1,2026-01-06,2026-01-12,recovered
363,43,Female,1,2026-01-21,2026-01-29,recovered
364,49,Female,1,2026-01-07,2026-01-13,ongoing
365,50,Female,1,2026-01-25,2026-01-28,ongoing
366,22,Female,1,2026-01-14,2026-01-19,recovered
367,53,Male,1,2026-01-16,2026-01-20,recovered
368,47,Other,1,2026-01-11,2026-01-17,recovered
369,37,Male,1,2026-01-01,2026-01-07,recovered
370,37,Other,1,2026-01-05,2026-01-07,ongoing
371,50,Male,1,2026-01-10,2026-01-13,recovered
372,34,Other,1,2026-01-24,2026-01-29,recovered
373,57,Female,1,2026-01-14,2026-01-21,recovered
374,44,Female,1,2026-01-25,2026-01-28,recovered
375,54,Male,1,2026-01-08,2026-01-11,ongoing
376,44,Male,1,2026-01-17,2026-01-20,referred
377,31,Other,1,2026-01-21,2026-01-27,ongoing
378,58,Male,1,2026-01-02,2026-01-07,referred
379,65,Female,1,2026-01-04,2026-01-10,recovered
380,47,Male,1,2026-01-13,2026-01-15,recovered
381,38,Male,1,2026-01-23,2026-01-26,recovered
382,27,Other,1,2026-01-22,2026-01-24,recovered
383,61,Male,1,2026-01-20,2026-01-25,ongoing
384,64,Male,1,2026-01-24,2026-01-29,recovered
385,47,Male,1,2026-01-26,2026-01-28,deceased
386,53,Male,1,2026-01-17,2026-01-24,referred
387,60,Female,1,2026-01-14,2026-01-17,referred
388,48,Male,1,2026-01-16,2026-01-20,recovered
389,58,Female,1,2026-01-22,2026-01-24,recovered
390,56,Male,1,2026-01-03,2026-01-09,referred
391,44,Male,1,2026-01-24,2026-01-26,recovered
392,54,Female,1,2026-01-15,2026-01-17,deceased
393,32,Female,1,2026-01-02,2026-01-09,referred
394,60,Male,1,2026-01-04,2026-01-06,recovered
395,37,Female,1,2026-01-28,2026-01-31,ongoing
396,35,Male,1,2026-01-09,2026-01-16,recovered
397,55,Female,1,2026-01-27,2026-01-31,recovered
398,53,Female,1,2026-01-27,2026-01-31,deceased
399,46,Male,1,2026-01-14,2026-01-20,deceased
400,38,Other,1,2026-01-06,2026-01-08,recovered
401,28,Male,1,2026-01-26,2026-01-31,ongoing
402,51,Female,1,2026-01-01,2026-01-08,recovered
403,41,Male,1,2026-01-16,2026-01-18,referred
404,47,Other,1,2026-01-11,2026-01-13,deceased
405,11,Male,1,2026-01-24,2026-01-29,ongoing
406,30,Other,1,2026-01-17,2026-01-23,recovered
407,45,Female,1,2026-01-14,2026-01-20,recovered
408,57,Other,1,2026-01-27,2026-02-03,recovered
409,59,Female,1,2026-01-01,2026-01-07,deceased
410,66,Female,1,2026-01-06,2026-01-08,recovered
411,42,Other,1,2026-01-08,2026-01-12,referred
412,60,Female,1,2026-01-13,2026-01-17,recovered
413,39,Female,1,2026-01-15,2026-01-19,recovered
414,42,Female,1,2026-01-11,2026-01-13,referred
415,42,Other,1,2026-01-21,2026-01-23,recovered
416,47,Other,1,2026-01-27,2026-01-29,ongoing
417,35,Female,1,2026-01-21,2026-01-25,recovered
418,44,Female,1,2026-01-12,2026-01-19,deceased
419,46,Male,1,2026-01-15,2026-01-19,referred
420,27,Female,1,2026-01-15,2026-01-17,recovered
421,29,Other,1,2026-01-11,2026-01-15,ongoing
422,27,Male,1,2026-01-12,2026-01-18,recovered
423,40,Male,1,2026-01-16,2026-01-19,recovered
424,24,Male,1,2026-01-20,2026-01-23,deceased
425,48,Male,1,2026-01-13,2026-01-16,recovered
426,37,Other,1,2026-01-25,2026-01-29,recovered
427,27,Other,1,2026-01-25,2026-02-01,recovered
428,49,Male,1,2026-01-16,2026-01-18,ongoing
429,29,Female,1,2026-01-14,2026-01-21,referred
430,46,Female,1,2026-01-19,2026-01-22,recovered
431,35,Female,1,2026-01-13,2026-01-19,recovered
432,37,Female,1,2026-01-20,2026-01-27,recovered
433,59,Female,1,2026-01-13,2026-01-20,recovered
434,42,Other,1,2026-01-14,2026-01-19,recovered
435,58,Other,1,2026-01-27,2026-02-02,referred
436,28,Other,1,2026-01-07,2026-01-10,referred
437,51,Female,1,2026-01-10,2026-01-16,ongoing
438,41,Male,1,2026-01-18,2026-01-24,referred
439,28,Female,1,2026-01-04,2026-01-10,referred
440,38,Other,1,2026-01-24,2026-01-31,recovered
441,51,Female,1,2026-01-28,2026-02-01,recovered
442,45,Female,1,2026-01-02,2026-01-08,recovered
443,65,Female,1,2026-01-25,2026-01-31,deceased
444,42,Male,1,2026-01-02,2026-01-08,recovered
445,35,Other,1,2026-01-25,2026-01-30,deceased
446,56,Female,1,2026-01-22,2026-01-28,referred
447,46,Male,1,2026-01-21,2026-01-26,referred
448,68,Female,1,2026-01-22,2026-01-24,recovered
449,56,Other,1,2026-01-14,2026-01-21,recovered
450,43,Female,1,2026-01-01,2026-01-07,ongoing
451,62,Male,1,2026-01-28,2026-02-03,deceased
452,26,Other,1,2026-01-19,2026-01-24,recovered
453,50,Male,1,2026-01-25,2026-01-31,recovered
454,58,Male,1,2026-01-06,2026-01-12,recovered
455,38,Other,1,2026-01-02,2026-01-06,deceased
456,42,Female,1,2026-01-09,2026-01-11,referred
457,61,Other,1,2026-01-05,2026-01-07,deceased
458,37,Other,1,2026-01-22,2026-01-26,ongoing
459,40,Female,1,2026-01-12,2026-01-14,ongoing
460,29,Female,1,2026-01-03,2026-01-09,recovered
461,52,Female,1,2026-01-18,2026-01-23,referred
462,50,Male,1,2026-01-11,2026-01-15,recovered
463,28,Male,1,2026-01-25,2026-01-30,recovered
464,47,Female,1,2026-01-22,2026-01-26,referred
465,45,Male,1,2026-01-20,2026-01-27,recovered
466,48,Female,1,2026-01-26,2026-02-02,recovered
467,60,Male,1,2026-01-18,2026-01-24,ongoing
468,47,Female,1,2026-01-26,2026-01-31,recovered
469,50,Male,1,2026-01-10,2026-01-17,recovered
470,59,Male,1,2026-01-25,2026-01-30,referred
471,38,Female,1,2026-01-03,2026-01-06,deceased
472,38,Female,1,2026-01-04,2026-01-07,referred
473,44,Female,1,2026-01-27,2026-02-03,referred
474,37,Male,1,2026-01-11,2026-01-13,recovered
475,28,Female,1,2026-01-06,2026-01-12,recovered
476,38,Female,1,2026-01-14,2026-01-18,recovered
477,37,Other,1,2026-01-11,2026-01-13,recovered
478,30,Male,1,2026-01-25,2026-01-31,referred
479,50,Male,1,2026-01-28,2026-01-30,ongoing
480,42,Female,1,2026-01-03,2026-01-06,recovered
481,52,Female,1,2026-01-13,2026-01-20,recovered
482,46,Other,1,2026-01-24,2026-01-28,recovered
483,31,Male,1,2026-01-21,2026-01-24,recovered
484,18,Female,1,2026-01-18,2026-01-25,recovered
485,31,Male,1,2026-01-02,2026-01-04,recovered
486,35,Male,1,2026-01-07,2026-01-13,recovered
487,49,Female,1,2026-01-14,2026-01-21,recovered
488,39,Female,1,2026-01-20,2026-01-27,recovered
489,40,Other,1,2026-01-06,2026-01-12,recovered
490,43,Male,1,2026-01-21,2026-01-26,referred
491,50,Male,1,2026-01-03,2026-01-06,recovered
492,61,Female,1,2026-01-05,2026-01-11,recovered
493,54,Female,1,2026-01-10,2026-01-15,recovered
494,38,Other,1,2026-01-20,2026-01-26,recovered
495,56,Female,1,2026-01-19,2026-01-24,recovered
496,13,Female,1,2026-01-11,2026-01-14,referred
497,42,Male,1,2026-01-24,2026-01-29,recovered
498,57,Male,1,2026-01-15,2026-01-19,recovered
499,41,Male,1,2026-01-18,2026-01-20,deceased
500,40,Other,1,2026-01-27,2026-01-30,recovered
501,47,Other,1,2026-02-21,2026-02-23,referred
502,46,Other,1,2026-02-01,2026-02-08,recovered
503,59,Other,1,2026-02-25,2026-03-02,ongoing
504,35,Female,1,2026-02-16,2026-02-22,recovered
505,48,Male,1,2026-02-13,2026-02-16,recovered
506,23,Male,1,2026-02-15,2026-02-20,recovered
507,31,Other,1,2026-02-12,2026-02-17,referred
508,22,Female,1,2026-02-06,2026-02-12,recovered
509,63,Female,1,2026-02-06,2026-02-09,referred
510,38,Male,1,2026-02-24,2026-03-01,recovered
511,46,Female,1,2026-02-08,2026-02-14,recovered
512,55,Male,1,2026-02-22,2026-02-25,recovered
513,47,Male,1,2026-02-16,2026-02-23,recovered
514,42,Male,1,2026-02-23,2026-03-02,deceased
515,37,Female,1,2026-02-24,2026-02-27,recovered
516,42,Male,1,2026-02-19,2026-02-25,ongoing
517,58,Male,1,2026-02-09,2026-02-13,deceased
518,36,Female,1,2026-02-28,2026-03-04,ongoing
519,50,Male,1,2026-02-01,2026-02-06,ongoing
520,51,Female,1,2026-02-21,2026-02-24,recovered
521,43,Female,1,2026-02-06,2026-02-10,recovered
522,38,Male,1,2026-02-26,2026-03-02,recovered
523,46,Female,1,2026-02-22,2026-02-27,recovered
524,52,Other,1,2026-02-08,2026-02-10,ongoing
525,17,Female,1,2026-02-06,2026-02-09,recovered
526,42,Female,1,2026-02-06,2026-02-09,ongoing
527,42,Male,1,2026-02-13,2026-02-18,recovered
528,43,Female,1,2026-02-07,2026-02-11,deceased
529,53,Other,1,2026-02-16,2026-02-19,deceased
530,29,Other,1,2026-02-25,2026-02-28,recovered
531,36,Other,1,2026-02-06,2026-02-12,recovered
532,57,Female,1,2026-02-08,2026-02-12,recovered
533,55,Female,1,2026-02-01,2026-02-04,deceased
534,32,Female,1,2026-02-05,2026-02-10,recovered
535,56,Male,1,2026-02-20,2026-02-25,recovered
536,33,Other,1,2026-02-16,2026-02-22,ongoing
537,63,Female,1,2026-02-27,2026-03-01,ongoing
538,37,Male,1,2026-02-14,2026-02-18,referred
539,59,Female,1,2026-02-17,2026-02-21,recovered
540,39,Other,1,2026-02-19,2026-02-25,recovered
541,35,Male,1,2026-02-14,2026-02-17,recovered
542,46,Female,1,2026-02-20,2026-02-27,recovered
543,44,Other,1,2026-02-07,2026-02-09,recovered
544,43,Female,1,2026-02-17,2026-02-19,referred
545,39,Other,1,2026-02-26,2026-03-02,recovered
546,50,Female,1,2026-02-09,2026-02-16,ongoing
547,58,Female,1,2026-02-12,2026-02-17,recovered
548,44,Female,1,2026-02-18,2026-02-24,recovered
549,5,Other,1,2026-02-12,2026-02-17,recovered
550,49,Female,1,2026-02-25,2026-03-03,deceased
551,44,Female,1,2026-02-28,2026-03-06,recovered
552,30,Male,1,2026-02-07,2026-02-12,deceased
553,43,Female,1,2026-02-18,2026-02-23,referred
554,41,Female,1,2026-02-01,2026-02-07,recovered
555,53,Male,1,2026-02-20,2026-02-24,ongoing
556,48,Female,1,2026-02-02,2026-02-08,ongoing
557,40,Female,1,2026-02-21,2026-02-26,referred
558,27,Female,1,2026-02-16,2026-02-20,deceased
559,36,Other,1,2026-02-22,2026-03-01,ongoing
560,44,Other,1,2026-02-17,2026-02-23,recovered
561,45,Female,1,2026-02-22,2026-02-24,recovered
562,45,Male,1,2026-02-09,2026-02-15,referred
563,45,Male,1,2026-02-13,2026-02-17,recovered
564,47,Other,1,2026-02-18,2026-02-21,ongoing
565,48,Female,1,2026-02-12,2026-02-16,recovered
566,36,Male,1,2026-02-13,2026-02-18,recovered
567,30,Male,1,2026-02-14,2026-02-19,recovered
568,39,Male,1,2026-02-26,2026-03-03,ongoing
569,44,Female,1,2026-02-27,2026-03-05,ongoing
570,59,Male,1,2026-02-16,2026-02-22,deceased
571,66,Female,1,2026-02-15,2026-02-21,recovered
572,28,Female,1,2026-02-09,2026-02-11,referred
573,31,Other,1,2026-02-23,2026-02-26,ongoing
574,75,Male,1,2026-02-01,2026-02-07,recovered
575,33,Male,1,2026-02-10,2026-02-12,ongoing
576,23,Male,1,2026-02-06,2026-02-11,recovered
577,64,Female,1,2026-02-19,2026-02-22,recovered
578,38,Female,1,2026-02-24,2026-02-27,deceased
579,47,Other,1,2026-02-09,2026-02-12,recovered
580,54,Male,1,2026-02-05,2026-02-11,recovered
581,43,Other,1,2026-02-22,2026-03-01,recovered
582,45,Other,1,2026-02-28,2026-03-05,recovered
583,57,Male,1,2026-02-16,2026-02-23,recovered
584,33,Other,1,2026-02-06,2026-02-14,recovered
585,41,Female,1,2026-02-13,2026-02-16,recovered
586,42,Male,1,2026-02-18,2026-02-20,recovered
587,61,Other,1,2026-02-28,2026-03-06,recovered
588,77,Male,1,2026-02-11,2026-02-17,referred
589,55,Male,1,2026-02-07,2026-02-11,recovered
590,52,Male,1,2026-02-18,2026-02-21,recovered
591,50,Female,1,2026-02-20,2026-02-24,referred
592,57,Female,1,2026-02-25,2026-03-01,recovered
593,56,Female,1,2026-02-15,2026-02-18,deceased
594,57,Female,1,2026-02-04,2026-02-10,ongoing
595,52,Female,1,2026-02-14,2026-02-21,recovered
596,67,Female,1,2026-02-26,2026-02-28,recovered
597,54,Male,1,2026-02-05,2026-02-13,deceased
598,31,Other,1,2026-02-16,2026-02-20,deceased
599,51,Female,1,2026-02-19,2026-02-21,deceased
600,49,Male,1,2026-02-09,2026-02-14,recovered
601,34,Male,1,2026-02-24,2026-02-28,recovered
602,58,Male,1,2026-02-01,2026-02-05,deceased
603,50,Other,1,2026-02-22,2026-03-01,recovered
604,61,Male,1,2026-02-25,2026-02-28,referred
605,42,Female,1,2026-02-17,2026-02-22,ongoing
606,17,Female,1,2026-02-10,2026-02-14,deceased
607,57,Other,1,2026-02-06,2026-02-11,ongoing
608,38,Male,1,2026-02-13,2026-02-20,recovered
609,37,Male,1,2026-02-06,2026-02-10,ongoing
610,62,Female,1,2026-02-21,2026-02-25,deceased
611,44,Female,1,2026-02-28,2026-03-07,recovered
612,28,Male,1,2026-02-06,2026-02-09,recovered
613,44,Male,1,2026-02-24,2026-02-27,recovered
614,67,Male,1,2026-02-06,2026-02-10,recovered
615,58,Male,1,2026-02-16,2026-02-21,recovered
616,47,Male,1,2026-02-09,2026-02-14,referred
617,45,Female,1,2026-02-13,2026-02-17,recovered
618,55,Male,1,2026-03-06,2026-03-08,deceased
619,18,Male,1,2026-03-11,2026-03-18,ongoing
620,50,Other,1,2026-03-15,2026-03-18,recovered
621,32,Other,1,2026-03-19,2026-03-24,recovered
622,31,Other,1,2026-03-17,2026-03-22,recovered
623,45,Male,1,2026-03-12,2026-03-17,recovered
624,50,Male,1,2026-03-14,2026-03-17,recovered
625,45,Male,1,2026-03-01,2026-03-06,recovered
626,37,Female,1,2026-03-18,2026-03-20,deceased
627,47,Other,1,2026-03-16,2026-03-20,recovered
628,21,Male,1,2026-03-26,2026-03-28,recovered
629,35,Female,1,2026-03-14,2026-03-21,deceased
630,48,Male,1,2026-03-13,2026-03-16,recovered
631,47,Male,1,2026-03-21,2026-03-24,recovered
632,15,Male,1,2026-03-21,2026-03-27,recovered
633,49,Female,1,2026-03-07,2026-03-14,ongoing
634,55,Other,1,2026-03-15,2026-03-18,recovered
635,65,Male,1,2026-03-07,2026-03-11,recovered
636,73,Female,1,2026-03-04,2026-03-07,referred
637,45,Female,1,2026-03-15,2026-03-21,recovered
638,52,Female,1,2026-03-11,2026-03-15,recovered
639,50,Female,1,2026-03-15,2026-03-21,recovered
640,46,Male,1,2026-03-09,2026-03-15,ongoing
641,53,Female,1,2026-03-16,2026-03-19,deceased
642,38,Female,1,2026-03-01,2026-03-03,recovered
643,45,Female,1,2026-03-25,2026-04-01,recovered
644,88,Other,1,2026-03-24,2026-03-30,referred
645,40,Male,1,2026-03-07,2026-03-12,recovered
646,34,Other,1,2026-03-21,2026-03-27,ongoing
647,39,Male,1,2026-03-04,2026-03-07,deceased
648,38,Male,1,2026-03-22,2026-03-25,recovered
649,68,Other,1,2026-03-21,2026-03-25,recovered
650,47,Male,1,2026-03-13,2026-03-19,recovered
651,27,Male,1,2026-03-19,2026-03-25,deceased
652,47,Female,1,2026-03-03,2026-03-06,recovered
653,86,Male,1,2026-03-22,2026-03-27,recovered
654,25,Other,1,2026-03-12,2026-03-18,deceased
655,49,Male,1,2026-03-04,2026-03-06,deceased
656,82,Male,1,2026-03-15,2026-03-21,referred
657,63,Female,1,2026-03-13,2026-03-17,referred
658,66,Other,1,2026-03-15,2026-03-20,referred
659,49,Female,1,2026-03-16,2026-03-19,recovered
660,56,Other,1,2026-03-28,2026-04-04,recovered
661,21,Other,1,2026-03-03,2026-03-08,recovered
662,52,Other,1,2026-03-15,2026-03-17,recovered
663,71,Other,1,2026-03-24,2026-03-27,recovered
664,48,Other,1,2026-03-11,2026-03-17,deceased
665,35,Female,1,2026-03-13,2026-03-16,ongoing
666,24,Male,1,2026-03-10,2026-03-14,recovered
667,68,Female,1,2026-03-04,2026-03-09,recovered
668,55,Male,1,2026-03-28,2026-03-30,recovered
669,22,Female,1,2026-03-07,2026-03-09,ongoing
670,34,Male,1,2026-03-20,2026-03-26,recovered
671,44,Female,1,2026-03-12,2026-03-15,referred
672,42,Male,1,2026-03-16,2026-03-23,recovered
673,30,Female,1,2026-03-26,2026-03-31,deceased
674,61,Male,1,2026-03-12,2026-03-18,deceased
675,49,Male,1,2026-03-20,2026-03-23,recovered
676,46,Male,1,2026-03-07,2026-03-14,recovered
677,38,Female,1,2026-03-24,2026-03-27,ongoing
678,50,Other,1,2026-03-21,2026-03-28,referred
679,59,Male,1,2026-03-18,2026-03-22,referred
680,56,Female,1,2026-03-15,2026-03-21,recovered
681,29,Female,1,2026-03-06,2026-03-12,ongoing
682,40,Male,1,2026-03-20,2026-03-24,recovered
683,39,Female,1,2026-03-18,2026-03-26,deceased
684,56,Female,1,2026-03-24,2026-03-28,ongoing
685,47,Male,1,2026-03-18,2026-03-21,recovered
686,14,Female,1,2026-03-15,2026-03-19,recovered
687,44,Female,1,2026-03-24,2026-03-26,recovered
688,47,Female,1,2026-03-01,2026-03-05,recovered
689,49,Male,1,2026-03-28,2026-04-01,ongoing
690,13,Other,1,2026-03-17,2026-03-22,recovered
691,40,Male,1,2026-03-04,2026-03-06,ongoing
692,50,Male,1,2026-03-08,2026-03-11,recovered
693,63,Male,1,2026-03-19,2026-03-23,deceased
694,34,Other,1,2026-03-16,2026-03-19,deceased
695,38,Other,1,2026-03-04,2026-03-09,recovered
696,65,Male,1,2026-03-03,2026-03-09,recovered
697,51,Female,1,2026-03-27,2026-03-31,referred
698,42,Male,1,2026-03-21,2026-03-28,referred
699,60,Male,1,2026-03-25,2026-03-30,ongoing
700,50,Other,1,2026-03-19,2026-03-22,referred
701,23,Female,1,2026-03-08,2026-03-11,deceased
702,4,Male,1,2026-03-20,2026-03-25,recovered
703,39,Male,1,2026-03-14,2026-03-17,recovered
704,49,Other,1,2026-03-19,2026-03-25,recovered
705,22,Female,1,2026-03-09,2026-03-11,deceased
706,44,Female,1,2026-03-05,2026-03-10,recovered
707,51,Other,1,2026-03-13,2026-03-19,recovered
708,62,Female,1,2026-03-08,2026-03-10,recovered
709,61,Female,1,2026-03-22,2026-03-29,recovered
710,55,Male,1,2026-03-12,2026-03-15,ongoing
711,31,Other,1,2026-03-21,2026-03-23,deceased
712,82,Female,1,2026-03-26,2026-03-30,recovered
713,47,Female,1,2026-03-02,2026-03-09,deceased
714,65,Male,1,2026-03-24,2026-03-31,referred
715,39,Male,1,2026-03-02,2026-03-05,recovered
716,39,Male,1,2026-03-11,2026-03-17,recovered
717,34,Female,1,2026-03-15,2026-03-20,recovered
718,64,Male,1,2026-03-18,2026-03-23,ongoing
719,65,Male,1,2026-03-16,2026-03-21,recovered
720,44,Other,1,2026-03-19,2026-03-26,recovered
721,40,Other,1,2026-03-09,2026-03-12,recovered
722,67,Male,1,2026-03-02,2026-03-06,recovered
723,29,Male,1,2026-03-13,2026-03-19,deceased
724,19,Female,1,2026-03-04,2026-03-06,recovered
725,37,Female,1,2026-03-13,2026-03-18,deceased
726,17,Female,1,2026-03-20,2026-03-25,recovered
727,25,Male,1,2026-03-17,2026-03-24,recovered
728,37,Female,1,2026-03-17,2026-03-21,recovered
729,37,Male,1,2026-03-24,2026-03-27,recovered
730,55,Male,1,2026-03-17,2026-03-20,referred
731,63,Male,1,2026-03-09,2026-03-16,ongoing
732,29,Male,1,2026-03-09,2026-03-12,recovered
733,42,Other,1,2026-03-22,2026-03-25,deceased
734,28,Female,1,2026-03-21,2026-03-27,recovered
735,73,Male,1,2026-03-19,2026-03-22,recovered
736,39,Female,1,2026-03-18,2026-03-21,ongoing
737,47,Other,1,2026-03-18,2026-03-24,recovered
738,51,Female,1,2026-03-14,2026-03-22,referred
739,37,Male,1,2026-03-19,2026-03-26,recovered
740,60,Female,1,2026-03-11,2026-03-18,referred
741,55,Female,1,2026-03-01,2026-03-07,recovered
742,35,Male,1,2026-03-15,2026-03-21,recovered
743,47,Other,1,2026-03-25,2026-03-28,ongoing
744,47,Other,1,2026-03-09,2026-03-14,recovered
745,32,Female,1,2026-04-08,2026-04-14,recovered
746,60,Female,1,2026-04-17,2026-04-24,referred
747,54,Female,1,2026-04-21,2026-04-25,recovered
748,32,Female,1,2026-04-07,2026-04-10,deceased
749,54,Female,1,2026-04-01,2026-04-08,deceased
750,42,Female,1,2026-04-07,2026-04-09,deceased
751,38,Female,1,2026-04-20,2026-04-25,recovered
752,58,Other,1,2026-04-13,2026-04-19,referred
753,37,Other,1,2026-04-27,2026-05-01,ongoing
754,61,Male,1,2026-04-18,2026-04-23,ongoing
755,46,Female,1,2026-04-04,2026-04-08,ongoing
756,41,Male,1,2026-04-18,2026-04-22,ongoing
757,42,Male,1,2026-04-13,2026-04-18,recovered
758,41,Male,1,2026-04-13,2026-04-20,recovered
759,41,Other,1,2026-04-06,2026-04-10,recovered
760,42,Female,1,2026-04-15,2026-04-22,recovered
761,52,Other,1,2026-04-24,2026-04-29,recovered
762,60,Female,1,2026-04-13,2026-04-17,recovered
763,67,Female,1,2026-04-06,2026-04-10,recovered
764,27,Female,1,2026-04-09,2026-04-13,referred
765,55,Male,1,2026-04-24,2026-04-26,recovered
766,54,Other,1,2026-04-17,2026-04-23,ongoing
767,28,Male,1,2026-04-06,2026-04-10,ongoing
768,60,Female,1,2026-04-28,2026-05-04,recovered
769,45,Male,1,2026-04-28,2026-05-01,recovered
770,40,Female,1,2026-04-24,2026-04-30,recovered
771,72,Male,1,2026-04-21,2026-04-24,ongoing
772,24,Female,1,2026-04-25,2026-04-28,recovered
773,51,Female,1,2026-04-28,2026-05-03,recovered
774,27,Female,1,2026-04-07,2026-04-12,recovered
775,43,Other,1,2026-04-14,2026-04-18,recovered
776,44,Female,1,2026-04-20,2026-04-25,recovered
777,42,Male,1,2026-04-06,2026-04-09,referred
778,42,Male,1,2026-04-19,2026-04-26,recovered
779,37,Male,1,2026-04-03,2026-04-05,ongoing
780,49,Other,1,2026-04-22,2026-04-28,ongoing
781,66,Male,1,2026-04-26,2026-05-01,recovered
782,40,Male,1,2026-04-03,2026-04-09,recovered
783,46,Male,1,2026-04-13,2026-04-20,recovered
784,19,Male,1,2026-04-16,2026-04-19,recovered
785,47,Male,1,2026-04-17,2026-04-21,recovered
786,53,Other,1,2026-04-19,2026-04-25,recovered
787,26,Male,1,2026-04-16,2026-04-22,recovered
788,30,Male,1,2026-04-20,2026-04-27,ongoing
789,40,Other,1,2026-04-19,2026-04-27,recovered
790,50,Female,1,2026-04-17,2026-04-23,recovered
791,28,Female,1,2026-04-26,2026-04-29,recovered
792,31,Male,1,2026-04-04,2026-04-06,referred
793,34,Male,1,2026-04-28,2026-05-01,recovered
794,35,Female,1,2026-04-12,2026-04-17,recovered
795,40,Male,1,2026-04-21,2026-04-24,recovered
796,68,Male,1,2026-04-17,2026-04-22,recovered
797,31,Male,1,2026-04-22,2026-04-26,deceased
798,55,Male,1,2026-04-06,2026-04-09,referred
799,50,Female,1,2026-04-16,2026-04-23,recovered
800,26,Other,1,2026-04-21,2026-04-25,recovered
801,26,Other,1,2026-04-15,2026-04-21,recovered
802,56,Male,1,2026-04-19,2026-04-25,ongoing
803,34,Male,1,2026-04-18,2026-04-20,recovered
804,39,Male,1,2026-04-05,2026-04-08,recovered
805,54,Female,1,2026-04-13,2026-04-18,recovered
806,30,Male,1,2026-04-20,2026-04-22,referred
807,58,Female,1,2026-04-28,2026-05-02,recovered
808,47,Male,1,2026-04-12,2026-04-16,recovered
809,62,Female,1,2026-04-17,2026-04-21,recovered
810,60,Female,1,2026-04-15,2026-04-20,ongoing
811,64,Other,1,2026-04-05,2026-04-08,recovered
812,35,Male,1,2026-04-25,2026-04-29,deceased
813,59,Female,1,2026-04-17,2026-04-23,recovered
814,60,Male,1,2026-04-23,2026-04-30,recovered
815,38,Male,1,2026-04-10,2026-04-17,recovered
816,28,Male,1,2026-04-15,2026-04-22,ongoing
817,38,Male,1,2026-04-25,2026-05-01,referred
818,61,Female,1,2026-04-07,2026-04-11,recovered
819,47,Male,1,2026-04-09,2026-04-14,recovered
820,25,Male,1,2026-04-06,2026-04-09,ongoing
821,48,Male,1,2026-04-18,2026-04-23,recovered
822,56,Male,1,2026-04-05,2026-04-12,ongoing
823,34,Other,1,2026-04-08,2026-04-11,recovered
824,71,Female,1,2026-04-02,2026-04-05,referred
825,58,Female,1,2026-04-02,2026-04-04,referred
826,49,Female,1,2026-04-20,2026-04-27,ongoing
827,53,Other,1,2026-04-12,2026-04-16,recovered
828,25,Other,1,2026-04-25,2026-05-01,recovered
829,58,Female,1,2026-04-03,2026-04-10,recovered
830,37,Female,1,2026-04-22,2026-04-28,recovered
831,62,Male,1,2026-04-08,2026-04-15,recovered
832,67,Male,1,2026-04-13,2026-04-16,deceased
833,41,Female,1,2026-04-28,2026-05-05,recovered
834,45,Female,1,2026-04-12,2026-04-17,recovered
835,30,Female,1,2026-04-25,2026-04-29,deceased
836,37,Male,1,2026-04-23,2026-04-29,ongoing
837,40,Other,1,2026-04-21,2026-04-23,recovered
838,59,Other,1,2026-04-08,2026-04-13,recovered
839,31,Other,1,2026-04-16,2026-04-20,recovered
840,65,Other,1,2026-04-26,2026-05-03,deceased
841,46,Male,1,2026-04-11,2026-04-16,referred
842,64,Female,1,2026-04-23,2026-04-28,recovered
843,42,Female,1,2026-04-19,2026-04-24,recovered
844,50,Male,1,2026-04-10,2026-04-17,ongoing
845,24,Male,1,2026-04-04,2026-04-10,recovered
846,30,Male,1,2026-04-21,2026-04-27,recovered
847,25,Male,1,2026-04-27,2026-04-30,deceased
848,34,Female,1,2026-04-05,2026-04-11,ongoing
849,37,Male,1,2026-04-10,2026-04-14,recovered
850,40,Male,1,2026-04-19,2026-04-25,recovered
851,41,Male,1,2026-04-23,2026-04-30,ongoing
852,49,Female,1,2026-04-17,2026-04-21,deceased
853,73,Male,1,2026-04-10,2026-04-12,referred
854,24,Male,1,2026-04-18,2026-04-25,recovered
855,58,Other,1,2026-04-28,2026-05-01,recovered
856,47,Female,1,2026-04-21,2026-04-25,recovered
857,46,Female,1,2026-04-13,2026-04-17,recovered
858,52,Male,1,2026-04-18,2026-04-22,deceased
859,64,Female,1,2026-04-14,2026-04-17,recovered
860,44,Female,1,2026-04-03,2026-04-09,referred
861,52,Female,1,2026-04-16,2026-04-22,referred
862,43,Female,1,2026-04-26,2026-04-30,deceased
863,37,Other,1,2026-04-23,2026-04-28,recovered
864,48,Female,1,2026-04-18,2026-04-25,recovered
865,31,Female,1,2026-04-08,2026-04-11,referred
866,34,Other,1,2026-04-17,2026-04-20,ongoing
867,59,Male,1,2026-04-12,2026-04-14,recovered
868,48,Male,1,2026-04-19,2026-04-24,recovered
869,83,Male,1,2026-04-24,2026-04-30,recovered
870,41,Other,1,2026-04-17,2026-04-19,recovered
871,43,Male,1,2026-04-08,2026-04-13,referred
872,11,Other,1,2026-04-21,2026-04-26,recovered
873,32,Female,1,2026-04-20,2026-04-22,recovered
874,64,Male,1,2026-05-16,2026-05-21,recovered
875,48,Male,1,2026-05-12,2026-05-19,referred
876,34,Other,1,2026-05-20,2026-05-26,recovered
877,29,Male,1,2026-05-02,2026-05-07,deceased
878,36,Male,1,2026-05-24,2026-05-29,recovered
879,65,Male,1,2026-05-03,2026-05-05,recovered
880,55,Male,1,2026-05-20,2026-05-23,recovered
881,53,Female,1,2026-05-24,2026-05-26,referred
882,60,Female,1,2026-05-15,2026-05-19,recovered
883,21,Male,1,2026-05-26,2026-06-01,recovered
884,47,Other,1,2026-05-03,2026-05-10,deceased
885,45,Female,1,2026-05-05,2026-05-12,recovered
886,31,Female,1,2026-05-22,2026-05-26,recovered
887,34,Male,1,2026-05-19,2026-05-25,recovered
888,60,Female,1,2026-05-06,2026-05-10,recovered
889,45,Female,1,2026-05-16,2026-05-22,referred
890,28,Male,1,2026-05-23,2026-05-27,recovered
891,75,Female,1,2026-05-17,2026-05-24,recovered
892,47,Other,1,2026-05-22,2026-05-26,referred
893,32,Female,1,2026-05-02,2026-05-04,ongoing
894,42,Male,1,2026-05-21,2026-05-28,recovered
895,44,Female,1,2026-05-09,2026-05-15,deceased
896,62,Other,1,2026-05-22,2026-05-28,deceased
897,26,Male,1,2026-05-07,2026-05-12,ongoing
898,7,Male,1,2026-05-01,2026-05-07,recovered
899,56,Female,1,2026-05-14,2026-05-16,referred
900,53,Male,1,2026-05-10,2026-05-13,recovered
901,63,Female,1,2026-05-20,2026-05-22,ongoing
902,37,Male,1,2026-05-21,2026-05-23,recovered
903,28,Other,1,2026-05-28,2026-06-02,deceased
904,60,Female,1,2026-05-06,2026-05-13,recovered
905,62,Male,1,2026-05-10,2026-05-14,deceased
906,37,Male,1,2026-05-14,2026-05-20,recovered
907,44,Female,1,2026-05-06,2026-05-12,recovered
908,49,Male,1,2026-05-02,2026-05-05,recovered
909,53,Female,1,2026-05-15,2026-05-17,recovered
910,43,Female,1,2026-05-21,2026-05-26,ongoing
911,40,Female,1,2026-05-25,2026-05-29,referred
912,40,Male,1,2026-05-09,2026-05-11,recovered
913,45,Female,1,2026-05-19,2026-05-25,recovered
914,42,Male,1,2026-05-21,2026-05-26,referred
915,36,Other,1,2026-05-13,2026-05-16,recovered
916,17,Female,1,2026-05-17,2026-05-23,recovered
917,41,Male,1,2026-05-14,2026-05-18,ongoing
918,20,Female,1,2026-05-08,2026-05-10,recovered
919,56,Male,1,2026-05-19,2026-05-24,recovered
920,44,Male,1,2026-05-02,2026-05-07,recovered
921,31,Male,1,2026-05-18,2026-05-25,referred
922,66,Male,1,2026-05-07,2026-05-10,recovered
923,35,Male,1,2026-05-22,2026-05-25,recovered
924,18,Female,1,2026-05-03,2026-05-10,referred
925,52,Other,1,2026-05-07,2026-05-10,recovered
926,64,Other,1,2026-05-16,2026-05-20,referred
927,68,Male,1,2026-05-10,2026-05-15,recovered
928,39,Male,1,2026-05-11,2026-05-13,recovered
929,35,Other,1,2026-05-04,2026-05-07,recovered
930,31,Male,1,2026-05-24,2026-05-29,recovered
931,36,Other,1,2026-05-24,2026-05-27,recovered
932,32,Female,1,2026-05-08,2026-05-14,recovered
933,65,Male,1,2026-05-06,2026-05-11,recovered
934,31,Other,1,2026-05-20,2026-05-23,recovered
935,58,Other,1,2026-05-27,2026-06-03,recovered
936,56,Female,1,2026-05-03,2026-05-09,recovered
937,43,Male,1,2026-05-26,2026-06-02,referred
938,31,Male,1,2026-05-19,2026-05-24,deceased
939,52,Male,1,2026-05-26,2026-05-29,recovered
940,47,Female,1,2026-05-09,2026-05-12,recovered
941,50,Other,1,2026-05-23,2026-05-27,recovered
942,53,Other,1,2026-05-05,2026-05-07,recovered
943,48,Male,1,2026-05-25,2026-05-28,recovered
944,41,Other,1,2026-05-03,2026-05-09,recovered
945,48,Female,1,2026-05-14,2026-05-20,recovered
946,30,Other,1,2026-05-05,2026-05-10,recovered
947,54,Other,1,2026-05-14,2026-05-17,recovered
948,63,Male,1,2026-05-23,2026-05-28,referred
949,44,Female,1,2026-05-27,2026-06-02,recovered
950,46,Male,1,2026-05-04,2026-05-12,ongoing
951,60,Female,1,2026-05-12,2026-05-19,deceased
952,43,Male,1,2026-05-21,2026-05-27,recovered
953,60,Female,1,2026-05-07,2026-05-09,recovered
954,65,Male,1,2026-05-06,2026-05-09,recovered
955,47,Other,1,2026-05-21,2026-05-25,deceased
956,54,Male,1,2026-05-25,2026-05-29,referred
957,55,Female,1,2026-05-02,2026-05-09,ongoing
958,65,Female,1,2026-05-04,2026-05-06,referred
959,40,Male,1,2026-05-15,2026-05-20,recovered
960,52,Female,1,2026-05-25,2026-05-27,recovered
961,53,Female,1,2026-05-08,2026-05-14,recovered
962,35,Male,1,2026-05-16,2026-05-21,recovered
963,38,Male,1,2026-05-05,2026-05-08,recovered
964,39,Male,1,2026-05-15,2026-05-21,recovered
965,61,Male,1,2026-05-07,2026-05-11,recovered
966,48,Female,1,2026-05-04,2026-05-11,recovered
967,47,Female,1,2026-05-06,2026-05-12,deceased
968,55,Other,1,2026-05-26,2026-05-31,recovered
969,48,Other,1,2026-05-19,2026-05-26,recovered
970,40,Other,1,2026-05-28,2026-06-05,recovered
971,59,Female,1,2026-05-27,2026-05-31,recovered
972,46,Female,1,2026-05-11,2026-05-15,ongoing
973,56,Male,1,2026-05-05,2026-05-12,recovered
974,36,Other,1,2026-05-16,2026-05-22,recovered
975,21,Male,1,2026-05-14,2026-05-19,recovered
976,48,Other,1,2026-05-16,2026-05-19,deceased
977,37,Male,1,2026-05-01,2026-05-07,recovered
978,50,Male,1,2026-05-08,2026-05-14,recovered
979,52,Other,1,2026-05-16,2026-05-22,referred
980,57,Female,1,2026-05-19,2026-05-21,recovered
981,42,Male,1,2026-05-25,2026-05-28,referred
982,36,Male,1,2026-05-15,2026-05-21,deceased
983,54,Male,1,2026-05-21,2026-05-23,recovered
984,37,Other,1,2026-05-14,2026-05-20,ongoing
985,46,Male,1,2026-05-19,2026-05-25,referred
986,39,Male,1,2026-05-02,2026-05-07,recovered
987,41,Male,1,2026-05-04,2026-05-08,recovered
988,45,Male,1,2026-05-21,2026-05-26,ongoing
989,52,Other,1,2026-05-23,2026-05-29,recovered
990,54,Other,1,2026-05-21,2026-05-26,deceased
991,44,Male,1,2026-05-23,2026-05-26,recovered
992,35,Male,1,2026-05-17,2026-05-23,recovered
993,29,Male,1,2026-05-03,2026-05-07,recovered
994,49,Other,1,2026-05-23,2026-05-28,recovered
995,54,Male,1,2026-05-15,2026-05-20,recovered
996,14,Female,1,2026-05-15,2026-05-17,recovered
997,52,Male,1,2026-05-10,2026-05-17,referred
998,48,Female,1,2026-05-05,2026-05-10,ongoing
999,27,Female,1,2026-05-21,2026-05-23,recovered
1000,55,Male,1,2026-06-15,2026-06-21,recovered
1001,51,Other,1,2026-06-07,2026-06-09,referred
1002,38,Male,1,2026-06-11,2026-06-15,referred
1003,25,Other,1,2026-06-21,2026-06-27,deceased
1004,46,Male,1,2026-06-18,2026-06-22,ongoing
1005,36,Female,1,2026-06-05,2026-06-12,recovered
1006,67,Male,1,2026-06-12,2026-06-19,recovered
1007,62,Female,1,2026-06-12,2026-06-15,referred
1008,39,Female,1,2026-06-18,2026-06-21,deceased
1009,41,Female,1,2026-06-23,2026-06-29,recovered
1010,38,Other,1,2026-06-02,2026-06-10,recovered
1011,51,Male,1,2026-06-15,2026-06-18,referred
1012,60,Female,1,2026-06-11,2026-06-18,recovered
1013,50,Male,1,2026-06-15,2026-06-20,recovered
1014,54,Female,1,2026-06-16,2026-06-22,recovered
1015,42,Male,1,2026-06-05,2026-06-07,referred
1016,8,Male,1,2026-06-23,2026-06-26,deceased
1017,51,Female,1,2026-06-19,2026-06-25,recovered
1018,24,Female,1,2026-06-23,2026-06-25,recovered
1019,47,Other,1,2026-06-05,2026-06-11,deceased
1020,47,Male,1,2026-06-08,2026-06-12,recovered
1021,50,Male,1,2026-06-02,2026-06-07,recovered
1022,60,Female,1,2026-06-01,2026-06-03,referred
1023,58,Female,1,2026-06-22,2026-06-29,recovered
1024,42,Male,1,2026-06-20,2026-06-25,referred
1025,42,Female,1,2026-06-12,2026-06-16,recovered
1026,31,Male,1,2026-06-01,2026-06-04,recovered
1027,63,Female,1,2026-06-15,2026-06-22,referred
1028,56,Male,1,2026-06-14,2026-06-20,recovered
1029,62,Female,1,2026-06-26,2026-07-02,recovered
1030,32,Male,1,2026-06-27,2026-07-02,recovered
1031,61,Male,1,2026-06-07,2026-06-11,recovered
1032,43,Male,1,2026-06-19,2026-06-25,recovered
1033,43,Female,1,2026-06-14,2026-06-19,referred
1034,53,Female,1,2026-06-19,2026-06-25,recovered
1035,41,Male,1,2026-06-06,2026-06-13,deceased
1036,60,Other,1,2026-06-19,2026-06-23,referred
1037,46,Male,1,2026-06-15,2026-06-18,referred
1038,37,Male,1,2026-06-27,2026-07-02,referred
1039,31,Female,1,2026-06-22,2026-06-29,recovered
1040,52,Female,1,2026-06-04,2026-06-10,recovered
1041,29,Male,1,2026-06-20,2026-06-26,referred
1042,36,Male,1,2026-06-22,2026-06-27,recovered
1043,55,Other,1,2026-06-17,2026-06-23,recovered
1044,46,Female,1,2026-06-05,2026-06-09,recovered
1045,32,Male,1,2026-06-06,2026-06-08,recovered
1046,59,Male,1,2026-06-10,2026-06-13,ongoing
1047,47,Female,1,2026-06-07,2026-06-13,ongoing
1048,50,Male,1,2026-06-11,2026-06-18,recovered
1049,34,Male,1,2026-06-22,2026-06-28,deceased
1050,57,Other,1,2026-06-05,2026-06-07,recovered
1051,19,Female,1,2026-06-12,2026-06-18,recovered
1052,60,Female,1,2026-06-07,2026-06-10,deceased
1053,25,Other,1,2026-06-07,2026-06-13,deceased
1054,37,Male,1,2026-06-18,2026-06-24,recovered
1055,50,Male,1,2026-06-15,2026-06-22,recovered
1056,49,Male,1,2026-06-12,2026-06-16,recovered
1057,61,Male,1,2026-06-27,2026-07-01,recovered
1058,43,Male,1,2026-06-23,2026-06-27,recovered
1059,50,Female,1,2026-06-05,2026-06-12,recovered
1060,52,Female,1,2026-06-05,2026-06-12,referred
1061,65,Female,1,2026-06-25,2026-07-01,recovered
1062,55,Other,1,2026-06-07,2026-06-09,ongoing
1063,48,Male,1,2026-06-02,2026-06-06,referred
1064,42,Male,1,2026-06-01,2026-06-07,ongoing
1065,51,Male,1,2026-06-07,2026-06-12,recovered
1066,63,Male,1,2026-06-05,2026-06-12,ongoing
1067,59,Other,1,2026-06-12,2026-06-16,recovered
1068,26,Male,1,2026-06-17,2026-06-22,deceased
1069,24,Male,1,2026-06-19,2026-06-25,recovered
1070,41,Male,1,2026-06-25,2026-06-30,recovered
1071,24,Female,1,2026-06-17,2026-06-24,recovered
1072,48,Female,1,2026-06-22,2026-06-29,deceased
1073,30,Female,1,2026-06-12,2026-06-19,recovered
1074,52,Male,1,2026-06-25,2026-07-03,recovered
1075,32,Male,1,2026-06-04,2026-06-09,ongoing
1076,45,Male,1,2026-06-24,2026-06-26,recovered
1077,24,Female,1,2026-06-04,2026-06-08,recovered
1078,50,Female,1,2026-06-18,2026-06-22,recovered
1079,53,Male,1,2026-06-28,2026-06-30,recovered
1080,32,Female,1,2026-06-01,2026-06-09,referred
1081,25,Male,1,2026-06-04,2026-06-08,recovered
1082,42,Other,1,2026-06-13,2026-06-17,recovered
1083,49,Female,1,2026-06-24,2026-07-01,recovered
1084,44,Female,1,2026-06-07,2026-06-12,recovered
1085,43,Other,1,2026-06-08,2026-06-15,ongoing
1086,34,Female,1,2026-06-09,2026-06-15,recovered
1087,82,Other,1,2026-06-16,2026-06-22,recovered
1088,32,Male,1,2026-06-05,2026-06-11,recovered
1089,48,Male,1,2026-06-09,2026-06-14,recovered
1090,76,Male,1,2026-06-24,2026-06-26,recovered
1091,52,Male,1,2026-06-22,2026-06-24,recovered
1092,61,Male,1,2026-06-10,2026-06-15,deceased
1093,29,Female,1,2026-06-03,2026-06-09,recovered
1094,43,Female,1,2026-06-10,2026-06-16,ongoing
1095,51,Male,1,2026-06-09,2026-06-14,deceased
1096,29,Male,1,2026-06-02,2026-06-10,recovered
1097,34,Male,1,2026-06-15,2026-06-19,recovered
1098,55,Male,1,2026-06-18,2026-06-24,referred
1099,59,Female,1,2026-06-06,2026-06-11,deceased
1100,60,Female,1,2026-06-04,2026-06-09,referred
1101,31,Female,1,2026-06-18,2026-06-24,ongoing
1102,38,Female,1,2026-06-02,2026-06-06,ongoing
1103,22,Male,1,2026-06-13,2026-06-18,recovered
1104,74,Female,1,2026-06-01,2026-06-06,deceased
1105,44,Male,1,2026-06-12,2026-06-16,recovered
1106,41,Male,1,2026-06-04,2026-06-08,recovered
1107,45,Male,1,2026-06-12,2026-06-14,ongoing
1108,54,Male,1,2026-06-03,2026-06-10,deceased
1109,53,Male,1,2026-06-10,2026-06-12,recovered
1110,59,Other,1,2026-06-22,2026-06-29,ongoing
1111,39,Male,1,2026-06-14,2026-06-17,recovered
1112,28,Other,1,2026-06-19,2026-06-23,recovered
1113,41,Female,1,2026-06-26,2026-07-01,ongoing
1114,36,Male,1,2026-06-26,2026-07-02,recovered
1115,53,Male,1,2026-06-20,2026-06-24,deceased
1116,43,Male,1,2026-06-28,2026-07-03,recovered
1117,23,Other,1,2026-06-02,2026-06-05,referred
1118,34,Other,1,2026-06-03,2026-06-09,recovered
1119,66,Female,1,2026-06-19,2026-06-23,recovered
1120,54,Male,1,2026-07-26,2026-07-28,ongoing
1121,39,Female,1,2026-07-26,2026-07-30,recovered
1122,35,Female,1,2026-07-09,2026-07-14,referred
1123,58,Other,1,2026-07-25,2026-07-30,deceased
1124,32,Female,1,2026-07-06,2026-07-11,referred
1125,14,Other,1,2026-07-27,2026-08-02,deceased
1126,51,Female,1,2026-07-20,2026-07-27,ongoing
1127,32,Female,1,2026-07-24,2026-07-29,recovered
1128,43,Male,1,2026-07-05,2026-07-11,deceased
1129,63,Female,1,2026-07-14,2026-07-18,deceased
1130,22,Male,1,2026-07-14,2026-07-17,referred
1131,34,Male,1,2026-07-06,2026-07-09,recovered
1132,36,Male,1,2026-07-07,2026-07-09,recovered
1133,27,Male,1,2026-07-16,2026-07-21,recovered
1134,52,Male,1,2026-07-06,2026-07-09,recovered
1135,40,Male,1,2026-07-26,2026-08-01,referred
1136,38,Male,1,2026-07-16,2026-07-22,deceased
1137,43,Female,1,2026-07-03,2026-07-07,recovered
1138,49,Male,1,2026-07-22,2026-07-28,recovered
1139,49,Other,1,2026-07-27,2026-08-02,recovered
1140,50,Other,1,2026-07-17,2026-07-23,deceased
1141,52,Male,1,2026-07-17,2026-07-20,deceased
1142,38,Other,1,2026-07-26,2026-07-30,referred
1143,43,Female,1,2026-07-13,2026-07-19,recovered
1144,13,Male,1,2026-07-04,2026-07-07,recovered
1145,31,Male,1,2026-07-14,2026-07-17,referred
1146,36,Female,1,2026-07-04,2026-07-08,recovered
1147,40,Female,1,2026-07-22,2026-07-25,recovered
1148,67,Male,1,2026-07-16,2026-07-22,recovered
1149,24,Male,1,2026-07-21,2026-07-28,referred
1150,29,Male,1,2026-07-26,2026-08-01,ongoing
1151,57,Male,1,2026-07-13,2026-07-17,ongoing
1152,41,Female,1,2026-07-28,2026-07-31,recovered
1153,16,Male,1,2026-07-01,2026-07-08,recovered
1154,67,Female,1,2026-07-03,2026-07-10,recovered
1155,52,Male,1,2026-07-07,2026-07-14,deceased
1156,57,Male,1,2026-07-25,2026-07-31,recovered
1157,47,Female,1,2026-07-28,2026-07-30,deceased
1158,29,Male,1,2026-07-11,2026-07-17,deceased
1159,32,Other,1,2026-07-06,2026-07-12,referred
1160,44,Male,1,2026-07-27,2026-08-01,recovered
1161,63,Female,1,2026-07-23,2026-07-25,deceased
1162,51,Female,1,2026-07-21,2026-07-24,recovered
1163,39,Female,1,2026-07-21,2026-07-25,ongoing
1164,42,Female,1,2026-07-23,2026-07-30,deceased
1165,48,Female,1,2026-07-20,2026-07-26,deceased
1166,33,Female,1,2026-07-24,2026-07-27,referred
1167,47,Female,1,2026-07-19,2026-07-26,recovered
1168,36,Female,1,2026-07-06,2026-07-10,deceased
1169,73,Other,1,2026-07-19,2026-07-22,referred
1170,35,Female,1,2026-07-08,2026-07-15,recovered
1171,51,Female,1,2026-07-09,2026-07-15,ongoing
1172,56,Male,1,2026-07-09,2026-07-12,recovered
1173,42,Female,1,2026-07-19,2026-07-21,deceased
1174,31,Female,1,2026-07-22,2026-07-27,referred
1175,60,Male,1,2026-07-07,2026-07-10,referred
1176,27,Female,1,2026-07-16,2026-07-20,deceased
1177,55,Female,1,2026-07-07,2026-07-12,recovered
1178,44,Female,1,2026-07-06,2026-07-10,recovered
1179,46,Female,1,2026-07-10,2026-07-17,recovered
1180,59,Female,1,2026-07-19,2026-07-25,recovered
1181,69,Female,1,2026-07-01,2026-07-05,referred
1182,18,Female,1,2026-07-07,2026-07-13,referred
1183,48,Male,1,2026-07-20,2026-07-23,recovered
1184,47,Other,1,2026-07-16,2026-07-23,referred
1185,44,Male,1,2026-07-26,2026-07-31,ongoing
1186,40,Female,1,2026-07-20,2026-07-24,referred
1187,48,Female,1,2026-07-12,2026-07-15,recovered
1188,42,Male,1,2026-07-06,2026-07-11,recovered
1189,41,Male,1,2026-07-05,2026-07-07,recovered
1190,31,Female,1,2026-07-11,2026-07-13,recovered
1191,42,Female,1,2026-07-28,2026-08-04,recovered
1192,57,Male,1,2026-07-09,2026-07-14,ongoing
1193,56,Female,1,2026-07-11,2026-07-15,deceased
1194,63,Female,1,2026-07-05,2026-07-10,recovered
1195,45,Male,1,2026-07-07,2026-07-10,recovered
1196,48,Male,1,2026-07-23,2026-07-27,recovered
1197,62,Female,1,2026-07-02,2026-07-06,recovered
1198,43,Female,1,2026-07-04,2026-07-11,recovered
1199,50,Female,1,2026-07-12,2026-07-14,referred
1200,38,Other,1,2026-07-17,2026-07-24,referred
1201,46,Other,1,2026-07-19,2026-07-22,recovered
1202,44,Female,1,2026-07-14,2026-07-21,deceased
1203,47,Male,1,2026-07-16,2026-07-22,recovered
1204,43,Male,1,2026-07-12,2026-07-17,deceased
1205,66,Female,1,2026-07-11,2026-07-14,recovered
1206,57,Other,1,2026-07-21,2026-07-28,referred
1207,62,Female,1,2026-07-01,2026-07-05,recovered
1208,50,Other,1,2026-07-24,2026-08-01,recovered
1209,48,Male,1,2026-07-07,2026-07-14,referred
1210,34,Other,1,2026-07-03,2026-07-08,recovered
1211,60,Female,1,2026-07-03,2026-07-07,recovered
1212,76,Female,1,2026-07-01,2026-07-08,recovered
1213,25,Female,1,2026-07-25,2026-07-29,recovered
1214,18,Female,1,2026-07-10,2026-07-15,referred
1215,59,Male,1,2026-07-26,2026-08-02,referred
1216,34,Other,1,2026-07-04,2026-07-11,recovered
1217,36,Other,1,2026-07-16,2026-07-20,recovered
1218,51,Male,1,2026-07-03,2026-07-09,ongoing
1219,41,Male,1,2026-07-06,2026-07-10,recovered
1220,46,Female,1,2026-07-22,2026-07-25,recovered
1221,34,Female,1,2026-07-17,2026-07-22,recovered
1222,43,Female,1,2026-07-26,2026-07-31,recovered
1223,53,Male,1,2026-07-22,2026-07-29,ongoing
1224,31,Male,1,2026-07-02,2026-07-07,ongoing
1225,32,Other,1,2026-07-04,2026-07-09,deceased
1226,52,Other,1,2026-07-09,2026-07-13,recovered
1227,59,Female,1,2026-07-25,2026-07-30,deceased
1228,57,Male,1,2026-07-06,2026-07-13,recovered
1229,39,Female,1,2026-07-14,2026-07-21,deceased
1230,61,Male,1,2026-07-22,2026-07-26,recovered
1231,46,Other,1,2026-07-28,2026-08-03,recovered
1232,50,Female,1,2026-07-28,2026-08-03,ongoing
1233,51,Female,1,2026-07-01,2026-07-03,recovered
1234,50,Other,1,2026-07-23,2026-07-27,referred
1235,29,Female,1,2026-08-20,2026-08-27,deceased
1236,31,Female,1,2026-08-10,2026-08-12,recovered
1237,80,Male,1,2026-08-07,2026-08-09,recovered
1238,48,Female,1,2026-08-16,2026-08-22,recovered
1239,47,Male,1,2026-08-27,2026-09-01,deceased
1240,36,Female,1,2026-08-15,2026-08-18,recovered
1241,56,Female,1,2026-08-04,2026-08-07,recovered
1242,61,Other,1,2026-08-01,2026-08-08,recovered
1243,51,Male,1,2026-08-07,2026-08-10,recovered
1244,33,Female,1,2026-08-04,2026-08-09,recovered
1245,25,Male,1,2026-08-28,2026-09-02,recovered
1246,34,Other,1,2026-08-16,2026-08-20,ongoing
1247,34,Female,1,2026-08-24,2026-08-29,recovered
1248,22,Male,1,2026-08-23,2026-08-25,recovered
1249,70,Female,1,2026-08-19,2026-08-23,recovered
1250,55,Male,1,2026-08-04,2026-08-09,recovered
1251,56,Female,1,2026-08-23,2026-08-27,recovered
1252,63,Female,1,2026-08-15,2026-08-18,ongoing
1253,24,Female,1,2026-08-22,2026-08-26,recovered
1254,29,Female,1,2026-08-10,2026-08-16,recovered
1255,37,Female,1,2026-08-27,2026-09-03,deceased
1256,34,Female,1,2026-08-28,2026-08-31,recovered
1257,41,Female,1,2026-08-23,2026-08-29,recovered
1258,38,Female,1,2026-08-20,2026-08-25,recovered
1259,1,Male,1,2026-08-10,2026-08-13,recovered
1260,27,Female,1,2026-08-12,2026-08-18,deceased
1261,49,Female,1,2026-08-28,2026-09-04,recovered
1262,45,Other,1,2026-08-20,2026-08-23,recovered
1263,38,Male,1,2026-08-16,2026-08-19,deceased
1264,55,Female,1,2026-08-18,2026-08-21,deceased
1265,40,Male,1,2026-08-23,2026-08-30,recovered
1266,41,Male,1,2026-08-26,2026-08-30,recovered
1267,51,Other,1,2026-08-26,2026-08-31,recovered
1268,13,Male,1,2026-08-17,2026-08-19,deceased
1269,51,Female,1,2026-08-07,2026-08-14,deceased
1270,54,Male,1,2026-08-17,2026-08-22,recovered
1271,47,Female,1,2026-08-21,2026-08-25,recovered
1272,38,Male,1,2026-08-14,2026-08-20,recovered
1273,36,Male,1,2026-08-27,2026-09-02,recovered
1274,58,Female,1,2026-08-12,2026-08-18,recovered
1275,57,Female,1,2026-08-21,2026-08-27,deceased
1276,63,Female,1,2026-08-08,2026-08-11,recovered
1277,60,Male,1,2026-08-14,2026-08-21,recovered
1278,40,Male,1,2026-08-15,2026-08-18,referred
1279,55,Female,1,2026-08-26,2026-08-31,deceased
1280,50,Female,1,2026-08-06,2026-08-10,deceased
1281,26,Male,1,2026-08-02,2026-08-08,referred
1282,22,Other,1,2026-08-23,2026-08-29,recovered
1283,37,Male,1,2026-08-14,2026-08-18,referred
1284,29,Male,1,2026-08-24,2026-08-28,recovered
1285,15,Female,1,2026-08-27,2026-08-30,recovered
1286,39,Other,1,2026-08-21,2026-08-24,ongoing
1287,33,Female,1,2026-08-26,2026-08-31,deceased
1288,49,Male,1,2026-08-07,2026-08-14,recovered
1289,41,Female,1,2026-08-18,2026-08-22,ongoing
1290,23,Male,1,2026-08-18,2026-08-21,ongoing
1291,34,Male,1,2026-08-18,2026-08-22,recovered
1292,60,Male,1,2026-08-26,2026-08-31,recovered
1293,39,Male,1,2026-08-27,2026-09-02,referred
1294,6,Male,1,2026-08-02,2026-08-09,referred
1295,63,Male,1,2026-08-17,2026-08-21,recovered
1296,50,Male,1,2026-08-10,2026-08-15,recovered
1297,58,Other,1,2026-08-11,2026-08-19,referred
1298,7,Other,1,2026-08-21,2026-08-27,recovered
1299,32,Other,1,2026-08-12,2026-08-16,referred
1300,23,Other,1,2026-08-05,2026-08-11,referred
1301,36,Male,1,2026-08-08,2026-08-10,recovered
1302,44,Female,1,2026-08-04,2026-08-07,deceased
1303,70,Female,1,2026-08-14,2026-08-16,recovered
1304,55,Other,1,2026-08-15,2026-08-17,recovered
1305,49,Other,1,2026-08-19,2026-08-24,recovered
1306,18,Female,1,2026-08-21,2026-08-25,referred
1307,38,Other,1,2026-08-16,2026-08-22,recovered
1308,48,Female,1,2026-08-16,2026-08-22,referred
1309,51,Female,1,2026-08-17,2026-08-24,recovered
1310,51,Other,1,2026-08-24,2026-08-27,recovered
1311,39,Other,1,2026-08-04,2026-08-09,recovered
1312,48,Male,1,2026-08-02,2026-08-07,recovered
1313,39,Female,1,2026-08-10,2026-08-18,recovered
1314,59,Male,1,2026-08-26,2026-08-31,recovered
1315,51,Male,1,2026-08-10,2026-08-13,ongoing
1316,30,Male,1,2026-08-12,2026-08-14,recovered
1317,18,Female,1,2026-08-16,2026-08-21,recovered
1318,33,Other,1,2026-08-27,2026-09-02,recovered
1319,30,Female,1,2026-08-25,2026-08-28,recovered
1320,27,Male,1,2026-08-28,2026-09-03,deceased
1321,36,Female,1,2026-08-20,2026-08-26,recovered
1322,50,Female,1,2026-08-18,2026-08-20,referred
1323,58,Other,1,2026-08-09,2026-08-15,referred
1324,29,Male,1,2026-08-26,2026-09-01,ongoing
1325,36,Other,1,2026-08-21,2026-08-23,ongoing
1326,41,Other,1,2026-08-19,2026-08-25,ongoing
1327,42,Other,1,2026-08-07,2026-08-13,recovered
1328,44,Female,1,2026-08-01,2026-08-04,recovered
1329,55,Other,1,2026-08-27,2026-09-02,ongoing
1330,35,Male,1,2026-08-11,2026-08-15,recovered
1331,40,Male,1,2026-08-28,2026-09-04,deceased
1332,52,Male,1,2026-08-17,2026-08-21,recovered
1333,34,Female,1,2026-08-04,2026-08-11,recovered
1334,42,Male,1,2026-08-25,2026-08-27,recovered
1335,36,Male,1,2026-08-22,2026-08-25,referred
1336,37,Male,1,2026-08-02,2026-08-05,recovered
1337,39,Male,1,2026-08-05,2026-08-09,recovered
1338,56,Other,1,2026-08-07,2026-08-10,ongoing
1339,45,Male,1,2026-08-08,2026-08-13,recovered
1340,31,Other,1,2026-08-02,2026-08-06,recovered
1341,36,Male,1,2026-08-03,2026-08-08,recovered
1342,50,Male,1,2026-08-18,2026-08-25,recovered
1343,47,Female,1,2026-08-25,2026-08-30,recovered
1344,33,Other,1,2026-08-03,2026-08-10,recovered
1345,17,Female,1,2026-08-26,2026-09-02,ongoing
1346,72,Other,1,2026-08-14,2026-08-21,recovered
1347,20,Male,1,2026-08-02,2026-08-04,referred
1348,50,Female,1,2026-08-06,2026-08-08,recovered
1349,23,Female,1,2026-08-20,2026-08-23,ongoing
1350,1,Male,1,2026-08-27,2026-09-01,recovered
1351,50,Male,1,2026-08-24,2026-08-29,deceased
1352,47,Male,1,2026-08-05,2026-08-11,recovered
1353,56,Male,1,2026-08-07,2026-08-12,referred
1354,41,Female,1,2026-08-09,2026-08-16,recovered
1355,41,Other,1,2026-08-08,2026-08-14,recovered
1356,53,Female,1,2026-08-01,2026-08-08,referred
1357,46,Female,1,2026-08-01,2026-08-06,recovered
1358,45,Female,1,2026-08-18,2026-08-25,deceased
1359,49,Male,1,2026-08-13,2026-08-18,ongoing
1360,26,Female,1,2026-09-27,2026-10-04,referred
1361,54,Male,1,2026-09-04,2026-09-08,recovered
1362,21,Male,1,2026-09-06,2026-09-13,recovered
1363,45,Male,1,2026-09-15,2026-09-19,deceased
1364,46,Male,1,2026-09-09,2026-09-15,recovered
1365,27,Female,1,2026-09-03,2026-09-10,recovered
1366,27,Male,1,2026-09-16,2026-09-23,recovered
1367,42,Female,1,2026-09-16,2026-09-23,deceased
1368,36,Male,1,2026-09-21,2026-09-25,ongoing
1369,26,Other,1,2026-09-17,2026-09-22,referred
1370,38,Female,1,2026-09-22,2026-09-27,recovered
1371,54,Other,1,2026-09-19,2026-09-22,deceased
1372,49,Male,1,2026-09-08,2026-09-15,recovered
1373,65,Other,1,2026-09-28,2026-10-04,ongoing
1374,43,Female,1,2026-09-09,2026-09-15,recovered
1375,49,Male,1,2026-09-14,2026-09-19,recovered
1376,43,Male,1,2026-09-28,2026-10-06,recovered
1377,28,Male,1,2026-09-22,2026-09-27,referred
1378,45,Female,1,2026-09-08,2026-09-10,ongoing
1379,35,Other,1,2026-09-15,2026-09-19,deceased
1380,52,Female,1,2026-09-01,2026-09-09,referred
1381,52,Male,1,2026-09-14,2026-09-21,recovered
1382,40,Male,1,2026-09-03,2026-09-08,recovered
1383,68,Male,1,2026-09-16,2026-09-20,deceased
1384,48,Female,1,2026-09-09,2026-09-12,recovered
1385,52,Female,1,2026-09-11,2026-09-18,recovered
1386,30,Female,1,2026-09-25,2026-09-30,deceased
1387,40,Male,1,2026-09-04,2026-09-09,recovered
1388,42,Male,1,2026-09-13,2026-09-17,deceased
1389,46,Other,1,2026-09-05,2026-09-07,referred
1390,40,Male,1,2026-09-14,2026-09-16,ongoing
1391,40,Female,1,2026-09-02,2026-09-05,recovered
1392,49,Other,1,2026-09-28,2026-10-03,recovered
1393,52,Other,1,2026-09-15,2026-09-19,recovered
1394,18,Male,1,2026-09-11,2026-09-17,recovered
1395,47,Other,1,2026-09-17,2026-09-21,referred
1396,50,Female,1,2026-09-03,2026-09-08,ongoing
1397,44,Other,1,2026-09-05,2026-09-10,recovered
1398,58,Male,1,2026-09-06,2026-09-09,recovered
1399,13,Male,1,2026-09-05,2026-09-09,recovered
1400,58,Female,1,2026-09-19,2026-09-26,recovered
1401,37,Male,1,2026-09-16,2026-09-20,ongoing
1402,55,Female,1,2026-09-19,2026-09-25,recovered
1403,58,Female,1,2026-09-08,2026-09-13,recovered
1404,22,Female,1,2026-09-07,2026-09-14,deceased
1405,34,Female,1,2026-09-03,2026-09-07,ongoing
1406,27,Other,1,2026-09-23,2026-09-27,ongoing
1407,38,Female,1,2026-09-11,2026-09-16,deceased
1408,48,Male,1,2026-09-02,2026-09-07,referred
1409,35,Female,1,2026-09-08,2026-09-14,referred
1410,46,Male,1,2026-09-25,2026-10-02,deceased
1411,24,Male,1,2026-09-24,2026-09-28,recovered
1412,59,Male,1,2026-09-01,2026-09-03,ongoing
1413,27,Male,1,2026-09-04,2026-09-07,recovered
1414,51,Male,1,2026-09-01,2026-09-04,recovered
1415,42,Other,1,2026-09-08,2026-09-15,recovered
1416,33,Female,1,2026-09-06,2026-09-09,deceased
1417,64,Female,1,2026-09-09,2026-09-16,referred
1418,47,Male,1,2026-09-26,2026-10-03,recovered
1419,36,Female,1,2026-09-10,2026-09-14,ongoing
1420,54,Female,1,2026-09-26,2026-10-04,referred
1421,50,Female,1,2026-09-03,2026-09-05,recovered
1422,40,Male,1,2026-09-18,2026-09-22,recovered
1423,25,Other,1,2026-09-20,2026-09-24,ongoing
1424,22,Male,1,2026-09-07,2026-09-14,deceased
1425,67,Female,1,2026-09-05,2026-09-09,deceased
1426,52,Female,1,2026-09-17,2026-09-24,recovered
1427,25,Male,1,2026-09-24,2026-09-26,recovered
1428,48,Other,1,2026-09-17,2026-09-21,recovered
1429,54,Other,1,2026-09-16,2026-09-21,referred
1430,63,Female,1,2026-09-16,2026-09-22,recovered
1431,29,Male,1,2026-09-09,2026-09-14,recovered
1432,27,Female,1,2026-09-08,2026-09-15,deceased
1433,35,Other,1,2026-09-08,2026-09-12,recovered
1434,71,Other,1,2026-09-27,2026-10-01,recovered
1435,40,Female,1,2026-09-05,2026-09-11,ongoing
1436,60,Other,1,2026-09-02,2026-09-06,recovered
1437,33,Female,1,2026-09-14,2026-09-18,recovered
1438,50,Female,1,2026-09-09,2026-09-13,recovered
1439,70,Male,1,2026-09-08,2026-09-11,deceased
1440,58,Male,1,2026-09-17,2026-09-22,deceased
1441,49,Male,1,2026-09-09,2026-09-16,ongoing
1442,47,Male,1,2026-09-07,2026-09-11,recovered
1443,47,Female,1,2026-09-10,2026-09-16,referred
1444,19,Other,1,2026-09-20,2026-09-28,recovered
1445,42,Female,1,2026-09-01,2026-09-07,recovered
1446,57,Male,1,2026-09-27,2026-10-02,recovered
1447,45,Female,1,2026-09-21,2026-09-26,recovered
1448,37,Female,1,2026-09-08,2026-09-14,recovered
1449,50,Female,1,2026-09-08,2026-09-13,recovered
1450,23,Female,1,2026-09-26,2026-09-28,recovered
1451,32,Other,1,2026-09-25,2026-10-02,recovered
1452,52,Female,1,2026-09-12,2026-09-15,recovered
1453,54,Male,1,2026-09-24,2026-09-26,recovered
1454,21,Female,1,2026-09-14,2026-09-18,deceased
1455,39,Other,1,2026-09-25,2026-10-01,deceased
1456,61,Female,1,2026-09-02,2026-09-09,recovered
1457,30,Female,1,2026-09-19,2026-09-24,recovered
1458,34,Male,1,2026-09-07,2026-09-14,ongoing
1459,58,Female,1,2026-09-13,2026-09-16,referred
1460,55,Male,1,2026-09-10,2026-09-12,referred
1461,53,Male,1,2026-09-18,2026-09-21,recovered
1462,28,Female,1,2026-09-07,2026-09-09,recovered
1463,42,Male,1,2026-09-07,2026-09-10,recovered
1464,40,Male,1,2026-09-17,2026-09-19,deceased
1465,51,Female,1,2026-09-14,2026-09-18,recovered
1466,44,Female,1,2026-09-24,2026-09-26,recovered
1467,25,Female,1,2026-09-28,2026-10-01,recovered
1468,53,Other,2,2025-10-10,2025-10-17,referred
1469,57,Female,2,2025-10-22,2025-10-28,recovered
1470,84,Female,2,2025-10-27,2025-11-01,ongoing
1471,55,Other,2,2025-10-11,2025-10-20,recovered
1472,34,Female,2,2025-10-24,2025-10-27,recovered
1473,48,Female,2,2025-10-23,2025-11-01,recovered
1474,32,Other,2,2025-10-08,2025-10-12,referred
1475,52,Other,2,2025-10-14,2025-10-20,recovered
1476,40,Male,2,2025-10-13,2025-10-21,recovered
1477,57,Male,2,2025-10-28,2025-11-01,referred
1478,33,Female,2,2025-10-24,2025-11-01,recovered
1479,3,Male,2,2025-10-14,2025-10-24,deceased
1480,30,Male,2,2025-10-04,2025-10-10,recovered
1481,46,Male,2,2025-10-15,2025-10-19,recovered
1482,48,Female,2,2025-10-21,2025-10-29,recovered
1483,53,Male,2,2025-10-11,2025-10-19,recovered
1484,34,Female,2,2025-10-04,2025-10-12,recovered
1485,40,Other,2,2025-10-22,2025-10-30,referred
1486,45,Female,2,2025-10-08,2025-10-16,recovered
1487,49,Male,2,2025-10-16,2025-10-25,ongoing
1488,38,Male,2,2025-10-04,2025-10-08,ongoing
1489,65,Male,2,2025-10-24,2025-10-29,recovered
1490,55,Female,2,2025-10-15,2025-10-20,referred
1491,30,Male,2,2025-10-02,2025-10-11,deceased
1492,42,Male,2,2025-10-21,2025-10-30,recovered
1493,46,Female,2,2025-10-23,2025-10-28,deceased
1494,45,Male,2,2025-10-07,2025-10-16,recovered
1495,9,Male,2,2025-10-07,2025-10-10,deceased
1496,63,Male,2,2025-10-07,2025-10-15,recovered
1497,48,Female,2,2025-10-04,2025-10-12,recovered
1498,37,Male,2,2025-10-14,2025-10-20,recovered
1499,22,Female,2,2025-10-18,2025-10-25,recovered
1500,23,Male,2,2025-10-04,2025-10-08,recovered
1501,35,Female,2,2025-10-11,2025-10-15,recovered
1502,51,Male,2,2025-10-15,2025-10-19,referred
1503,53,Male,2,2025-10-20,2025-10-25,deceased
1504,48,Male,2,2025-10-20,2025-10-26,referred
1505,60,Male,2,2025-10-18,2025-10-26,recovered
1506,36,Female,2,2025-10-20,2025-10-25,referred
1507,35,Male,2,2025-10-25,2025-11-02,deceased
1508,61,Male,2,2025-10-22,2025-10-28,recovered
1509,29,Female,2,2025-10-20,2025-10-29,ongoing
1510,50,Male,2,2025-10-19,2025-10-27,recovered
1511,54,Female,2,2025-10-01,2025-10-08,deceased
1512,38,Male,2,2025-10-08,2025-10-15,recovered
1513,48,Male,2,2025-10-12,2025-10-18,recovered
1514,57,Female,2,2025-10-24,2025-10-31,referred
1515,35,Male,2,2025-10-11,2025-10-14,ongoing
1516,66,Male,2,2025-10-26,2025-11-05,deceased
1517,43,Female,2,2025-10-01,2025-10-05,ongoing
1518,32,Female,2,2025-10-02,2025-10-11,deceased
1519,49,Other,2,2025-10-22,2025-10-30,recovered
1520,71,Male,2,2025-10-06,2025-10-12,recovered
1521,49,Female,2,2025-10-28,2025-11-03,recovered
1522,43,Other,2,2025-10-05,2025-10-08,ongoing
1523,49,Female,2,2025-10-27,2025-11-04,referred
1524,60,Female,2,2025-10-15,2025-10-20,recovered
1525,45,Female,2,2025-10-14,2025-10-18,referred
1526,55,Female,2,2025-10-07,2025-10-11,recovered
1527,52,Other,2,2025-10-12,2025-10-17,ongoing
1528,57,Female,2,2025-10-24,2025-10-30,deceased
1529,46,Male,2,2025-10-26,2025-11-01,deceased
1530,30,Female,2,2025-10-10,2025-10-17,ongoing
1531,36,Male,2,2025-10-24,2025-10-28,recovered
1532,52,Male,2,2025-10-18,2025-10-25,recovered
1533,54,Male,2,2025-10-05,2025-10-13,recovered
1534,72,Male,2,2025-10-28,2025-11-03,recovered
1535,77,Male,2,2025-10-13,2025-10-22,recovered
1536,32,Other,2,2025-10-16,2025-10-21,recovered
1537,51,Other,2,2025-10-14,2025-10-23,recovered
1538,44,Male,2,2025-10-07,2025-10-15,deceased
1539,29,Male,2,2025-10-25,2025-11-02,referred
1540,44,Female,2,2025-11-13,2025-11-22,recovered
1541,52,Male,2,2025-11-16,2025-11-19,referred
1542,27,Male,2,2025-11-22,2025-11-29,ongoing
1543,51,Other,2,2025-11-15,2025-11-25,referred
1544,53,Male,2,2025-11-27,2025-12-01,deceased
1545,56,Other,2,2025-11-03,2025-11-10,recovered
1546,38,Female,2,2025-11-17,2025-11-26,recovered
1547,39,Other,2,2025-11-27,2025-12-03,referred
1548,30,Female,2,2025-11-13,2025-11-20,deceased
1549,58,Male,2,2025-11-24,2025-12-03,deceased
1550,56,Female,2,2025-11-05,2025-11-09,referred
1551,53,Female,2,2025-11-13,2025-11-21,recovered
1552,45,Female,2,2025-11-04,2025-11-07,ongoing
1553,44,Male,2,2025-11-14,2025-11-21,recovered
1554,36,Female,2,2025-11-23,2025-11-26,recovered
1555,21,Female,2,2025-11-17,2025-11-27,recovered
1556,52,Female,2,2025-11-02,2025-11-10,recovered
1557,31,Female,2,2025-11-28,2025-12-03,recovered
1558,31,Male,2,2025-11-10,2025-11-13,recovered
1559,31,Male,2,2025-11-03,2025-11-08,recovered
1560,37,Male,2,2025-11-02,2025-11-06,referred
1561,53,Male,2,2025-11-19,2025-11-27,recovered
1562,47,Male,2,2025-11-20,2025-11-26,recovered
1563,35,Male,2,2025-11-16,2025-11-24,recovered
1564,37,Male,2,2025-11-27,2025-12-01,referred
1565,56,Male,2,2025-11-13,2025-11-18,deceased
1566,49,Female,2,2025-11-04,2025-11-06,referred
1567,56,Other,2,2025-11-27,2025-12-06,recovered
1568,58,Female,2,2025-11-23,2025-12-01,recovered
1569,36,Female,2,2025-11-15,2025-11-22,referred
1570,32,Male,2,2025-11-07,2025-11-09,recovered
1571,68,Male,2,2025-11-21,2025-11-26,referred
1572,51,Female,2,2025-11-15,2025-11-19,recovered
1573,57,Female,2,2025-11-24,2025-12-01,referred
1574,51,Male,2,2025-11-28,2025-12-06,referred
1575,47,Other,2,2025-11-13,2025-11-18,ongoing
1576,51,Other,2,2025-11-26,2025-12-05,recovered
1577,66,Other,2,2025-11-05,2025-11-11,deceased
1578,58,Female,2,2025-11-15,2025-11-19,recovered
1579,45,Male,2,2025-11-16,2025-11-23,recovered
1580,54,Male,2,2025-11-14,2025-11-24,recovered
1581,45,Male,2,2025-11-11,2025-11-20,referred
1582,35,Male,2,2025-11-16,2025-11-26,referred
1583,34,Male,2,2025-11-05,2025-11-14,deceased
1584,33,Other,2,2025-11-08,2025-11-17,recovered
1585,63,Female,2,2025-11-21,2025-11-26,referred
1586,33,Female,2,2025-11-21,2025-11-29,deceased
1587,49,Male,2,2025-11-08,2025-11-12,recovered
1588,48,Female,2,2025-11-24,2025-12-01,referred
1589,53,Female,2,2025-11-04,2025-11-11,ongoing
1590,53,Male,2,2025-11-24,2025-11-26,ongoing
1591,34,Male,2,2025-11-18,2025-11-22,deceased
1592,54,Female,2,2025-11-22,2025-12-01,ongoing
1593,47,Other,2,2025-11-22,2025-11-29,deceased
1594,58,Male,2,2025-11-15,2025-11-20,deceased
1595,27,Female,2,2025-11-08,2025-11-14,referred
1596,49,Male,2,2025-11-22,2025-12-01,ongoing
1597,51,Other,2,2025-11-11,2025-11-16,recovered
1598,44,Female,2,2025-11-21,2025-11-30,recovered
1599,67,Female,2,2025-11-23,2025-12-03,deceased
1600,53,Female,2,2025-12-28,2026-01-05,referred
1601,50,Female,2,2025-12-24,2025-12-27,referred
1602,38,Female,2,2025-12-13,2025-12-18,recovered
1603,31,Male,2,2025-12-18,2025-12-23,deceased
1604,52,Other,2,2025-12-13,2025-12-18,referred
1605,63,Other,2,2025-12-10,2025-12-15,recovered
1606,35,Other,2,2025-12-04,2025-12-07,deceased
1607,55,Female,2,2025-12-26,2025-12-29,ongoing
1608,40,Female,2,2025-12-05,2025-12-11,recovered
1609,47,Male,2,2025-12-05,2025-12-09,recovered
1610,36,Male,2,2025-12-24,2026-01-02,referred
1611,64,Female,2,2025-12-26,2026-01-05,referred
1612,71,Male,2,2025-12-27,2025-12-31,recovered
1613,46,Other,2,2025-12-12,2025-12-22,referred
1614,48,Female,2,2025-12-11,2025-12-18,referred
1615,54,Female,2,2025-12-24,2025-12-29,recovered
1616,47,Female,2,2025-12-23,2025-12-30,referred
1617,36,Male,2,2025-12-24,2025-12-29,deceased
1618,22,Female,2,2025-12-15,2025-12-24,recovered
1619,40,Male,2,2025-12-21,2025-12-28,recovered
1620,49,Other,2,2025-12-16,2025-12-23,recovered
1621,60,Male,2,2025-12-01,2025-12-08,deceased
1622,43,Female,2,2025-12-19,2025-12-23,referred
1623,39,Male,2,2025-12-23,2025-12-29,referred
1624,42,Female,2,2025-12-28,2026-01-05,recovered
1625,25,Other,2,2025-12-27,2026-01-04,recovered
1626,60,Other,2,2025-12-03,2025-12-09,ongoing
1627,32,Female,2,2025-12-23,2026-01-01,referred
1628,26,Other,2,2025-12-04,2025-12-08,referred
1629,34,Male,2,2025-12-06,2025-12-08,recovered
1630,48,Female,2,2025-12-19,2025-12-23,recovered
1631,45,Male,2,2025-12-18,2025-12-22,ongoing
1632,39,Other,2,2025-12-10,2025-12-15,recovered
1633,39,Male,2,2025-12-14,2025-12-24,ongoing
1634,36,Other,2,2025-12-26,2025-12-31,recovered
1635,39,Male,2,2025-12-05,2025-12-12,ongoing
1636,29,Male,2,2025-12-18,2025-12-24,referred
1637,52,Female,2,2025-12-27,2025-12-30,recovered
1638,46,Other,2,2025-12-20,2025-12-27,recovered
1639,41,Male,2,2025-12-09,2025-12-12,recovered
1640,41,Female,2,2025-12-13,2025-12-20,recovered
1641,44,Female,2,2025-12-15,2025-12-18,ongoing
1642,59,Male,2,2025-12-07,2025-12-10,referred
1643,41,Other,2,2025-12-23,2025-12-30,ongoing
1644,28,Female,2,2025-12-06,2025-12-12,recovered
1645,62,Male,2,2025-12-26,2026-01-01,recovered
1646,47,Other,2,2025-12-04,2025-12-10,recovered
1647,69,Male,2,2025-12-03,2025-12-08,recovered
1648,60,Male,2,2025-12-28,2026-01-05,recovered
1649,57,Male,2,2025-12-04,2025-12-09,deceased
1650,42,Male,2,2025-12-04,2025-12-08,ongoing
1651,55,Other,2,2025-12-27,2026-01-04,deceased
1652,51,Other,2,2025-12-10,2025-12-17,recovered
1653,57,Male,2,2025-12-02,2025-12-06,deceased
1654,40,Other,2,2025-12-24,2026-01-01,ongoing
1655,30,Male,2,2025-12-20,2025-12-29,recovered
1656,55,Female,2,2025-12-22,2025-12-28,referred
1657,35,Male,2,2025-12-05,2025-12-08,referred
1658,40,Other,2,2025-12-25,2025-12-29,recovered
1659,33,Female,2,2025-12-23,2025-12-29,ongoing
1660,49,Female,2,2025-12-10,2025-12-14,ongoing
1661,49,Male,2,2025-12-23,2026-01-01,recovered
1662,34,Male,2,2025-12-14,2025-12-22,referred
1663,45,Other,2,2025-12-03,2025-12-06,recovered
1664,50,Other,2,2025-12-03,2025-12-11,recovered
1665,58,Other,2,2025-12-26,2026-01-04,referred
1666,41,Other,2,2025-12-05,2025-12-11,referred
1667,40,Other,2,2025-12-22,2025-12-31,recovered
1668,32,Female,2,2025-12-27,2026-01-04,referred
1669,45,Other,2,2025-12-18,2025-12-26,referred
1670,66,Female,2,2025-12-20,2025-12-23,recovered
1671,47,Female,2,2025-12-22,2025-12-31,recovered
1672,16,Other,2,2025-12-12,2025-12-21,recovered
1673,35,Male,2,2025-12-02,2025-12-08,recovered
1674,53,Male,2,2026-01-08,2026-01-17,recovered
1675,44,Other,2,2026-01-10,2026-01-16,recovered
1676,45,Other,2,2026-01-07,2026-01-16,deceased
1677,65,Male,2,2026-01-02,2026-01-11,recovered
1678,28,Male,2,2026-01-01,2026-01-08,recovered
1679,32,Female,2,2026-01-12,2026-01-15,recovered
1680,62,Female,2,2026-01-01,2026-01-04,recovered
1681,56,Female,2,2026-01-03,2026-01-09,recovered
1682,36,Male,2,2026-01-05,2026-01-13,recovered
1683,40,Female,2,2026-01-16,2026-01-21,ongoing
1684,58,Female,2,2026-01-26,2026-01-30,referred
1685,59,Male,2,2026-01-27,2026-02-02,recovered
1686,62,Male,2,2026-01-28,2026-02-05,recovered
1687,27,Male,2,2026-01-10,2026-01-13,recovered
1688,58,Female,2,2026-01-22,2026-01-26,referred
1689,29,Female,2,2026-01-09,2026-01-12,recovered
1690,46,Female,2,2026-01-25,2026-02-02,ongoing
1691,52,Male,2,2026-01-24,2026-02-02,recovered
1692,33,Female,2,2026-01-26,2026-01-29,recovered
1693,43,Male,2,2026-01-17,2026-01-20,recovered
1694,41,Female,2,2026-01-20,2026-01-28,recovered
1695,57,Other,2,2026-01-10,2026-01-15,recovered
1696,52,Female,2,2026-01-24,2026-01-30,recovered
1697,43,Female,2,2026-01-25,2026-01-28,recovered
1698,65,Male,2,2026-01-16,2026-01-24,referred
1699,62,Other,2,2026-01-24,2026-01-30,referred
1700,82,Male,2,2026-01-21,2026-01-25,recovered
1701,75,Female,2,2026-01-13,2026-01-16,recovered
1702,43,Male,2,2026-01-20,2026-01-24,recovered
1703,33,Female,2,2026-01-14,2026-01-20,recovered
1704,9,Other,2,2026-01-14,2026-01-20,recovered
1705,54,Male,2,2026-01-21,2026-01-24,referred
1706,53,Male,2,2026-01-14,2026-01-18,recovered
1707,38,Male,2,2026-01-02,2026-01-04,recovered
1708,35,Male,2,2026-01-09,2026-01-18,recovered
1709,32,Male,2,2026-01-06,2026-01-10,recovered
1710,45,Other,2,2026-01-22,2026-01-25,deceased
1711,29,Other,2,2026-01-28,2026-01-31,ongoing
1712,63,Male,2,2026-01-20,2026-01-25,recovered
1713,50,Other,2,2026-01-19,2026-01-24,recovered
1714,40,Female,2,2026-01-02,2026-01-09,recovered
1715,70,Other,2,2026-01-23,2026-01-29,recovered
1716,63,Female,2,2026-01-10,2026-01-18,ongoing
1717,54,Male,2,2026-01-24,2026-01-28,deceased
1718,54,Other,2,2026-01-28,2026-02-06,recovered
1719,39,Male,2,2026-01-12,2026-01-18,recovered
1720,16,Other,2,2026-01-14,2026-01-20,deceased
1721,39,Male,2,2026-01-01,2026-01-05,recovered
1722,79,Female,2,2026-01-19,2026-01-22,referred
1723,34,Male,2,2026-01-27,2026-02-01,recovered
1724,20,Female,2,2026-01-15,2026-01-23,ongoing
1725,37,Male,2,2026-01-25,2026-01-30,recovered
1726,39,Male,2,2026-01-19,2026-01-23,deceased
1727,40,Male,2,2026-01-17,2026-01-23,deceased
1728,29,Male,2,2026-01-08,2026-01-13,ongoing
1729,54,Male,2,2026-01-04,2026-01-08,referred
1730,47,Male,2,2026-01-05,2026-01-15,recovered
1731,80,Female,2,2026-01-09,2026-01-18,ongoing
1732,56,Male,2,2026-01-04,2026-01-06,referred
1733,30,Other,2,2026-01-20,2026-01-30,recovered
1734,73,Other,2,2026-01-24,2026-01-27,recovered
1735,43,Male,2,2026-01-11,2026-01-21,recovered
1736,43,Female,2,2026-01-24,2026-02-03,recovered
1737,67,Other,2,2026-01-01,2026-01-07,recovered
1738,41,Female,2,2026-01-24,2026-02-01,referred
1739,33,Female,2,2026-01-09,2026-01-18,recovered
1740,32,Other,2,2026-01-11,2026-01-15,referred
1741,33,Female,2,2026-01-26,2026-02-04,recovered
1742,53,Male,2,2026-01-05,2026-01-14,recovered
1743,48,Other,2,2026-01-06,2026-01-12,recovered
1744,37,Male,2,2026-01-24,2026-01-28,recovered
1745,50,Other,2,2026-01-10,2026-01-14,recovered
1746,56,Female,2,2026-01-03,2026-01-06,recovered
1747,51,Other,2,2026-01-15,2026-01-24,recovered
1748,43,Male,2,2026-01-24,2026-02-01,ongoing
1749,69,Male,2,2026-01-04,2026-01-09,recovered
1750,48,Male,2,2026-01-08,2026-01-16,recovered
1751,45,Male,2,2026-01-21,2026-01-28,ongoing
1752,43,Male,2,2026-02-11,2026-02-20,recovered
1753,31,Female,2,2026-02-05,2026-02-11,recovered
1754,39,Female,2,2026-02-11,2026-02-17,recovered
1755,40,Male,2,2026-02-18,2026-02-26,recovered
1756,40,Other,2,2026-02-18,2026-02-23,deceased
1757,47,Female,2,2026-02-14,2026-02-17,recovered
1758,43,Male,2,2026-02-05,2026-02-10,recovered
1759,63,Male,2,2026-02-22,2026-02-27,recovered
1760,28,Female,2,2026-02-06,2026-02-16,recovered
1761,39,Male,2,2026-02-10,2026-02-15,recovered
1762,40,Female,2,2026-02-20,2026-02-24,ongoing
1763,41,Male,2,2026-02-11,2026-02-18,ongoing
1764,38,Male,2,2026-02-27,2026-03-04,recovered
1765,67,Male,2,2026-02-16,2026-02-23,deceased
1766,35,Female,2,2026-02-01,2026-02-10,deceased
1767,53,Female,2,2026-02-21,2026-02-25,deceased
1768,56,Female,2,2026-02-03,2026-02-06,referred
1769,41,Female,2,2026-02-09,2026-02-12,recovered
1770,51,Female,2,2026-02-11,2026-02-17,referred
1771,40,Female,2,2026-02-14,2026-02-21,recovered
1772,39,Other,2,2026-02-14,2026-02-21,ongoing
1773,50,Other,2,2026-02-16,2026-02-22,referred
1774,33,Female,2,2026-02-14,2026-02-20,referred
1775,87,Male,2,2026-02-03,2026-02-07,recovered
1776,45,Female,2,2026-02-18,2026-02-24,recovered
1777,28,Female,2,2026-02-02,2026-02-11,recovered
1778,64,Other,2,2026-02-15,2026-02-18,recovered
1779,48,Male,2,2026-02-08,2026-02-12,referred
1780,66,Male,2,2026-02-23,2026-02-26,referred
1781,39,Male,2,2026-02-14,2026-02-19,recovered
1782,26,Female,2,2026-02-27,2026-03-06,recovered
1783,49,Other,2,2026-02-05,2026-02-10,deceased
1784,47,Female,2,2026-02-27,2026-03-05,recovered
1785,12,Female,2,2026-02-24,2026-02-27,recovered
1786,39,Male,2,2026-02-24,2026-03-01,recovered
1787,47,Female,2,2026-02-04,2026-02-08,ongoing
1788,42,Female,2,2026-02-06,2026-02-08,referred
1789,59,Other,2,2026-02-15,2026-02-22,recovered
1790,18,Female,2,2026-02-23,2026-02-27,recovered
1791,51,Female,2,2026-02-03,2026-02-09,recovered
1792,44,Female,2,2026-02-20,2026-02-23,recovered
1793,21,Female,2,2026-02-27,2026-03-07,recovered
1794,35,Female,2,2026-02-11,2026-02-18,deceased
1795,51,Female,2,2026-02-13,2026-02-17,recovered
1796,26,Male,2,2026-02-04,2026-02-07,ongoing
1797,55,Other,2,2026-02-25,2026-03-06,recovered
1798,46,Male,2,2026-02-03,2026-02-07,deceased
1799,54,Female,2,2026-02-10,2026-02-14,recovered
1800,74,Other,2,2026-02-03,2026-02-13,recovered
1801,40,Male,2,2026-02-19,2026-03-01,recovered
1802,45,Male,2,2026-02-01,2026-02-11,recovered
1803,45,Female,2,2026-02-17,2026-02-21,referred
1804,23,Female,2,2026-02-22,2026-02-25,referred
1805,47,Other,2,2026-02-17,2026-02-20,deceased
1806,37,Male,2,2026-02-13,2026-02-19,recovered
1807,17,Male,2,2026-02-06,2026-02-10,referred
1808,51,Female,2,2026-02-08,2026-02-17,deceased
1809,60,Other,2,2026-02-23,2026-02-27,referred
1810,41,Male,2,2026-02-17,2026-02-26,recovered
1811,40,Female,2,2026-02-26,2026-03-01,recovered
1812,63,Female,2,2026-02-23,2026-03-03,recovered
1813,18,Other,2,2026-02-07,2026-02-17,referred
1814,24,Male,2,2026-02-16,2026-02-19,recovered
1815,11,Male,2,2026-02-25,2026-03-06,recovered
1816,34,Female,2,2026-02-04,2026-02-10,recovered
1817,33,Male,2,2026-02-06,2026-02-09,recovered
1818,39,Male,2,2026-02-23,2026-03-03,recovered
1819,16,Male,2,2026-02-09,2026-02-17,ongoing
1820,55,Male,2,2026-02-16,2026-02-19,recovered
1821,51,Male,2,2026-02-14,2026-02-23,ongoing
1822,41,Male,2,2026-02-28,2026-03-07,recovered
1823,34,Male,2,2026-02-03,2026-02-11,ongoing
1824,44,Female,2,2026-02-21,2026-02-24,referred
1825,48,Female,2,2026-02-27,2026-03-06,recovered
1826,50,Female,2,2026-03-28,2026-03-31,deceased
1827,36,Other,2,2026-03-15,2026-03-22,deceased
1828,57,Female,2,2026-03-15,2026-03-18,referred
1829,65,Female,2,2026-03-04,2026-03-13,recovered
1830,34,Male,2,2026-03-11,2026-03-14,ongoing
1831,44,Female,2,2026-03-16,2026-03-20,recovered
1832,38,Female,2,2026-03-18,2026-03-22,recovered
1833,8,Female,2,2026-03-21,2026-03-25,recovered
1834,28,Female,2,2026-03-26,2026-03-31,recovered
1835,67,Female,2,2026-03-07,2026-03-10,recovered
1836,20,Male,2,2026-03-09,2026-03-16,recovered
1837,68,Female,2,2026-03-03,2026-03-07,deceased
1838,58,Male,2,2026-03-14,2026-03-20,recovered
1839,56,Male,2,2026-03-27,2026-03-30,recovered
1840,36,Female,2,2026-03-07,2026-03-12,recovered
1841,52,Female,2,2026-03-16,2026-03-22,recovered
1842,11,Male,2,2026-03-23,2026-03-30,ongoing
1843,51,Other,2,2026-03-26,2026-04-04,ongoing
1844,65,Male,2,2026-03-05,2026-03-10,recovered
1845,59,Male,2,2026-03-05,2026-03-14,recovered
1846,38,Female,2,2026-03-26,2026-04-05,recovered
1847,76,Female,2,2026-03-17,2026-03-25,referred
1848,42,Other,2,2026-03-15,2026-03-22,recovered
1849,58,Other,2,2026-03-02,2026-03-06,deceased
1850,43,Female,2,2026-03-06,2026-03-13,recovered
1851,62,Male,2,2026-03-07,2026-03-17,recovered
1852,41,Male,2,2026-03-27,2026-04-01,recovered
1853,56,Female,2,2026-03-17,2026-03-26,recovered
1854,56,Other,2,2026-03-14,2026-03-19,recovered
1855,29,Female,2,2026-03-17,2026-03-27,recovered
1856,71,Other,2,2026-03-12,2026-03-16,recovered
1857,40,Female,2,2026-03-18,2026-03-24,referred
1858,64,Male,2,2026-03-10,2026-03-18,recovered
1859,47,Female,2,2026-03-26,2026-04-04,recovered
1860,46,Other,2,2026-03-16,2026-03-24,ongoing
1861,20,Male,2,2026-03-04,2026-03-11,deceased
1862,44,Female,2,2026-03-14,2026-03-18,ongoing
1863,65,Male,2,2026-03-13,2026-03-16,deceased
1864,19,Female,2,2026-03-15,2026-03-21,recovered
1865,34,Male,2,2026-03-12,2026-03-20,recovered
1866,44,Female,2,2026-03-27,2026-04-05,referred
1867,47,Male,2,2026-03-08,2026-03-10,recovered
1868,43,Other,2,2026-03-26,2026-03-31,deceased
1869,27,Female,2,2026-03-24,2026-03-31,recovered
1870,74,Female,2,2026-03-18,2026-03-28,ongoing
1871,74,Female,2,2026-03-21,2026-03-26,recovered
1872,54,Female,2,2026-03-21,2026-03-26,recovered
1873,39,Female,2,2026-03-11,2026-03-17,ongoing
1874,47,Female,2,2026-03-04,2026-03-11,deceased
1875,43,Male,2,2026-03-25,2026-04-01,recovered
1876,61,Female,2,2026-03-03,2026-03-06,recovered
1877,55,Other,2,2026-03-21,2026-03-29,recovered
1878,60,Female,2,2026-03-19,2026-03-24,recovered
1879,38,Female,2,2026-03-21,2026-03-28,recovered
1880,52,Female,2,2026-03-07,2026-03-13,referred
1881,37,Male,2,2026-03-25,2026-04-02,recovered
1882,52,Male,2,2026-03-03,2026-03-12,referred
1883,68,Male,2,2026-03-19,2026-03-28,recovered
1884,64,Female,2,2026-03-05,2026-03-10,recovered
1885,28,Female,2,2026-03-03,2026-03-09,recovered
1886,64,Female,2,2026-03-16,2026-03-24,recovered
1887,63,Female,2,2026-03-16,2026-03-26,recovered
1888,54,Female,2,2026-03-21,2026-03-30,recovered
1889,52,Other,2,2026-03-10,2026-03-12,deceased
1890,60,Male,2,2026-03-02,2026-03-05,recovered
1891,43,Other,2,2026-03-16,2026-03-26,referred
1892,44,Female,2,2026-03-09,2026-03-18,ongoing
1893,22,Female,2,2026-03-01,2026-03-07,deceased
1894,42,Female,2,2026-03-12,2026-03-15,recovered
1895,62,Female,2,2026-03-11,2026-03-14,recovered
1896,55,Male,2,2026-03-09,2026-03-15,recovered
1897,44,Other,2,2026-04-21,2026-04-26,recovered
1898,29,Female,2,2026-04-07,2026-04-11,referred
1899,42,Other,2,2026-04-28,2026-05-07,deceased
1900,58,Female,2,2026-04-25,2026-05-02,deceased
1901,17,Female,2,2026-04-07,2026-04-17,ongoing
1902,47,Male,2,2026-04-24,2026-04-28,ongoing
1903,29,Male,2,2026-04-04,2026-04-11,referred
1904,52,Female,2,2026-04-27,2026-04-30,recovered
1905,29,Other,2,2026-04-17,2026-04-21,recovered
1906,54,Female,2,2026-04-13,2026-04-16,deceased
1907,48,Female,2,2026-04-11,2026-04-17,referred
1908,54,Male,2,2026-04-12,2026-04-17,recovered
1909,56,Female,2,2026-04-01,2026-04-06,ongoing
1910,45,Female,2,2026-04-26,2026-05-01,ongoing
1911,31,Male,2,2026-04-03,2026-04-08,ongoing
1912,35,Male,2,2026-04-09,2026-04-17,ongoing
1913,45,Male,2,2026-04-21,2026-04-27,recovered
1914,33,Female,2,2026-04-07,2026-04-10,recovered
1915,38,Female,2,2026-04-02,2026-04-12,ongoing
1916,48,Female,2,2026-04-11,2026-04-18,ongoing
1917,28,Male,2,2026-04-01,2026-04-06,recovered
1918,24,Female,2,2026-04-10,2026-04-13,recovered
1919,63,Male,2,2026-04-18,2026-04-27,recovered
1920,49,Female,2,2026-04-04,2026-04-13,referred
1921,45,Other,2,2026-04-10,2026-04-14,deceased
1922,31,Male,2,2026-04-11,2026-04-17,recovered
1923,20,Male,2,2026-04-10,2026-04-18,deceased
1924,52,Male,2,2026-04-12,2026-04-21,recovered
1925,51,Male,2,2026-04-08,2026-04-11,deceased
1926,45,Female,2,2026-04-23,2026-05-01,recovered
1927,55,Other,2,2026-04-03,2026-04-07,recovered
1928,37,Male,2,2026-04-23,2026-05-02,deceased
1929,49,Male,2,2026-04-02,2026-04-05,referred
1930,43,Female,2,2026-04-20,2026-04-28,recovered
1931,54,Female,2,2026-04-23,2026-04-27,recovered
1932,56,Other,2,2026-04-28,2026-05-02,deceased
1933,37,Female,2,2026-04-14,2026-04-21,ongoing
1934,30,Male,2,2026-04-16,2026-04-23,recovered
1935,46,Male,2,2026-04-25,2026-05-03,referred
1936,55,Female,2,2026-04-03,2026-04-08,referred
1937,46,Female,2,2026-04-21,2026-04-29,recovered
1938,50,Female,2,2026-04-07,2026-04-09,recovered
1939,32,Other,2,2026-04-27,2026-05-02,deceased
1940,45,Male,2,2026-04-17,2026-04-23,deceased
1941,30,Male,2,2026-04-10,2026-04-18,recovered
1942,23,Female,2,2026-04-08,2026-04-17,recovered
1943,48,Male,2,2026-04-28,2026-05-05,recovered
1944,57,Male,2,2026-04-14,2026-04-18,deceased
1945,61,Male,2,2026-04-19,2026-04-26,recovered
1946,66,Female,2,2026-04-01,2026-04-10,recovered
1947,32,Male,2,2026-04-01,2026-04-07,ongoing
1948,42,Female,2,2026-04-03,2026-04-08,recovered
1949,40,Male,2,2026-04-13,2026-04-19,recovered
1950,44,Female,2,2026-04-04,2026-04-07,referred
1951,48,Male,2,2026-04-14,2026-04-18,ongoing
1952,52,Female,2,2026-04-20,2026-04-26,recovered
1953,45,Male,2,2026-04-22,2026-04-25,recovered
1954,51,Female,2,2026-04-02,2026-04-09,recovered
1955,47,Female,2,2026-04-18,2026-04-21,recovered
1956,63,Male,2,2026-04-13,2026-04-16,recovered
1957,50,Other,2,2026-04-07,2026-04-11,recovered
1958,63,Female,2,2026-04-24,2026-04-26,ongoing
1959,43,Female,2,2026-04-23,2026-04-30,recovered
1960,18,Female,2,2026-04-11,2026-04-19,recovered
1961,46,Female,2,2026-04-11,2026-04-20,recovered
1962,46,Male,2,2026-04-11,2026-04-14,recovered
1963,55,Female,2,2026-04-06,2026-04-14,ongoing
1964,30,Female,2,2026-04-01,2026-04-07,recovered
1965,65,Male,2,2026-04-04,2026-04-07,deceased
1966,47,Female,2,2026-04-08,2026-04-14,deceased
1967,64,Male,2,2026-04-05,2026-04-13,recovered
1968,59,Other,2,2026-04-16,2026-04-24,recovered
1969,43,Male,2,2026-04-22,2026-04-28,recovered
1970,46,Other,2,2026-04-23,2026-04-28,deceased
1971,39,Other,2,2026-05-28,2026-06-06,referred
1972,41,Female,2,2026-05-21,2026-05-24,deceased
1973,54,Female,2,2026-05-08,2026-05-15,ongoing
1974,57,Female,2,2026-05-24,2026-06-01,recovered
1975,56,Male,2,2026-05-07,2026-05-15,recovered
1976,76,Female,2,2026-05-21,2026-05-29,ongoing
1977,32,Female,2,2026-05-06,2026-05-10,ongoing
1978,19,Male,2,2026-05-14,2026-05-24,recovered
1979,32,Other,2,2026-05-07,2026-05-10,recovered
1980,43,Other,2,2026-05-14,2026-05-22,deceased
1981,46,Female,2,2026-05-26,2026-05-31,recovered
1982,46,Male,2,2026-05-22,2026-05-26,ongoing
1983,41,Male,2,2026-05-18,2026-05-25,recovered
1984,55,Male,2,2026-05-15,2026-05-18,deceased
1985,43,Male,2,2026-05-19,2026-05-22,referred
1986,45,Male,2,2026-05-27,2026-05-29,recovered
1987,48,Other,2,2026-05-12,2026-05-21,recovered
1988,29,Female,2,2026-05-03,2026-05-11,referred
1989,54,Male,2,2026-05-07,2026-05-13,recovered
1990,39,Female,2,2026-05-12,2026-05-16,recovered
1991,53,Male,2,2026-05-13,2026-05-23,ongoing
1992,51,Female,2,2026-05-10,2026-05-14,referred
1993,59,Male,2,2026-05-11,2026-05-19,recovered
1994,62,Male,2,2026-05-14,2026-05-21,recovered
1995,58,Female,2,2026-05-03,2026-05-08,recovered
1996,38,Female,2,2026-05-26,2026-06-04,recovered
1997,39,Male,2,2026-05-05,2026-05-11,recovered
1998,30,Female,2,2026-05-12,2026-05-18,recovered
1999,13,Female,2,2026-05-15,2026-05-18,recovered
2000,32,Male,2,2026-05-25,2026-05-28,deceased
2001,32,Other,2,2026-05-08,2026-05-15,recovered
2002,58,Female,2,2026-05-02,2026-05-10,recovered
2003,22,Other,2,2026-05-13,2026-05-20,recovered
2004,50,Male,2,2026-05-27,2026-05-30,recovered
2005,59,Male,2,2026-05-27,2026-06-06,ongoing
2006,56,Male,2,2026-05-16,2026-05-24,recovered
2007,23,Female,2,2026-05-24,2026-05-31,ongoing
2008,43,Female,2,2026-05-05,2026-05-12,recovered
2009,40,Male,2,2026-05-08,2026-05-17,referred
2010,39,Other,2,2026-05-01,2026-05-09,referred
2011,63,Male,2,2026-05-07,2026-05-10,ongoing
2012,45,Male,2,2026-05-04,2026-05-08,recovered
2013,40,Male,2,2026-05-01,2026-05-10,recovered
2014,46,Female,2,2026-05-13,2026-05-19,deceased
2015,21,Female,2,2026-05-08,2026-05-17,deceased
2016,37,Female,2,2026-05-22,2026-05-29,recovered
2017,58,Female,2,2026-05-21,2026-05-24,recovered
2018,62,Other,2,2026-05-17,2026-05-25,recovered
2019,43,Other,2,2026-05-16,2026-05-22,recovered
2020,50,Female,2,2026-05-12,2026-05-19,recovered
2021,21,Female,2,2026-05-23,2026-05-31,recovered
2022,50,Other,2,2026-05-10,2026-05-16,recovered
2023,63,Other,2,2026-05-01,2026-05-08,recovered
2024,49,Male,2,2026-05-02,2026-05-11,recovered
2025,43,Female,2,2026-05-15,2026-05-24,recovered
2026,45,Other,2,2026-05-17,2026-05-26,recovered
2027,29,Female,2,2026-05-12,2026-05-21,referred
2028,42,Other,2,2026-05-05,2026-05-10,recovered
2029,47,Male,2,2026-05-15,2026-05-23,recovered
2030,34,Female,2,2026-05-03,2026-05-12,recovered
2031,53,Other,2,2026-05-16,2026-05-23,deceased
2032,63,Female,2,2026-05-22,2026-05-28,referred
2033,29,Female,2,2026-05-11,2026-05-18,recovered
2034,36,Female,2,2026-05-02,2026-05-05,recovered
2035,24,Male,2,2026-05-04,2026-05-11,deceased
2036,45,Female,2,2026-05-08,2026-05-18,recovered
2037,18,Male,2,2026-05-06,2026-05-14,recovered
2038,68,Male,2,2026-05-20,2026-05-24,deceased
2039,46,Male,2,2026-05-24,2026-05-27,recovered
2040,26,Female,2,2026-05-11,2026-05-14,recovered
2041,37,Male,2,2026-05-05,2026-05-15,recovered
2042,41,Female,2,2026-05-15,2026-05-23,recovered
2043,54,Female,2,2026-05-24,2026-05-28,recovered
2044,22,Male,2,2026-06-21,2026-07-01,recovered
2045,54,Female,2,2026-06-02,2026-06-11,ongoing
2046,37,Male,2,2026-06-18,2026-06-27,recovered
2047,61,Female,2,2026-06-22,2026-06-30,recovered
2048,34,Female,2,2026-06-27,2026-07-01,ongoing
2049,66,Male,2,2026-06-12,2026-06-17,recovered
2050,29,Male,2,2026-06-14,2026-06-21,ongoing
2051,38,Female,2,2026-06-03,2026-06-06,recovered
2052,44,Male,2,2026-06-02,2026-06-09,recovered
2053,38,Female,2,2026-06-08,2026-06-17,referred
2054,69,Female,2,2026-06-12,2026-06-15,recovered
2055,45,Other,2,2026-06-03,2026-06-09,ongoing
2056,61,Male,2,2026-06-10,2026-06-15,ongoing
2057,17,Male,2,2026-06-23,2026-07-02,referred
2058,29,Female,2,2026-06-01,2026-06-04,recovered
2059,45,Other,2,2026-06-07,2026-06-12,deceased
2060,37,Male,2,2026-06-24,2026-06-29,recovered
2061,72,Male,2,2026-06-16,2026-06-19,recovered
2062,35,Other,2,2026-06-03,2026-06-13,referred
2063,56,Female,2,2026-06-20,2026-06-29,recovered
2064,35,Male,2,2026-06-24,2026-06-27,recovered
2065,36,Female,2,2026-06-17,2026-06-21,recovered
2066,57,Female,2,2026-06-02,2026-06-05,ongoing
2067,35,Other,2,2026-06-20,2026-06-29,recovered
2068,25,Female,2,2026-06-02,2026-06-07,referred
2069,38,Female,2,2026-06-05,2026-06-11,recovered
2070,48,Male,2,2026-06-20,2026-06-30,recovered
2071,53,Male,2,2026-06-07,2026-06-12,ongoing
2072,40,Other,2,2026-06-01,2026-06-05,ongoing
2073,66,Male,2,2026-06-02,2026-06-12,recovered
2074,46,Female,2,2026-06-02,2026-06-05,recovered
2075,22,Male,2,2026-06-02,2026-06-07,recovered
2076,28,Male,2,2026-06-20,2026-06-25,referred
2077,53,Male,2,2026-06-03,2026-06-06,deceased
2078,41,Male,2,2026-06-08,2026-06-14,recovered
2079,51,Male,2,2026-06-25,2026-07-02,recovered
2080,37,Male,2,2026-06-23,2026-06-29,recovered
2081,39,Male,2,2026-06-12,2026-06-21,recovered
2082,27,Other,2,2026-06-07,2026-06-16,recovered
2083,48,Female,2,2026-06-10,2026-06-18,recovered
2084,57,Female,2,2026-06-08,2026-06-16,recovered
2085,55,Female,2,2026-06-01,2026-06-07,recovered
2086,47,Male,2,2026-06-27,2026-07-07,recovered
2087,18,Female,2,2026-06-28,2026-07-05,recovered
2088,45,Female,2,2026-06-02,2026-06-06,recovered
2089,55,Other,2,2026-06-22,2026-06-28,deceased
2090,48,Other,2,2026-06-12,2026-06-21,deceased
2091,65,Other,2,2026-06-11,2026-06-20,recovered
2092,31,Other,2,2026-06-25,2026-06-28,recovered
2093,42,Male,2,2026-06-28,2026-07-04,deceased
2094,23,Male,2,2026-06-04,2026-06-11,deceased
2095,29,Other,2,2026-06-18,2026-06-24,recovered
2096,37,Female,2,2026-06-06,2026-06-16,referred
2097,68,Male,2,2026-06-08,2026-06-11,recovered
2098,47,Male,2,2026-06-08,2026-06-16,recovered
2099,35,Male,2,2026-06-19,2026-06-24,deceased
2100,36,Other,2,2026-06-21,2026-06-30,recovered
2101,31,Female,2,2026-06-04,2026-06-09,recovered
2102,23,Male,2,2026-06-15,2026-06-18,recovered
2103,19,Female,2,2026-06-02,2026-06-12,recovered
2104,48,Male,2,2026-06-02,2026-06-09,recovered
2105,58,Male,2,2026-06-20,2026-06-27,deceased
2106,40,Female,2,2026-06-26,2026-06-30,recovered
2107,56,Male,2,2026-06-08,2026-06-15,recovered
2108,59,Female,2,2026-06-04,2026-06-11,referred
2109,41,Female,2,2026-06-17,2026-06-26,recovered
2110,43,Male,2,2026-06-23,2026-07-03,recovered
2111,54,Male,2,2026-06-22,2026-07-01,ongoing
2112,31,Male,2,2026-06-08,2026-06-13,ongoing
2113,52,Other,2,2026-06-15,2026-06-18,recovered
2114,49,Female,2,2026-06-27,2026-07-06,recovered
2115,34,Male,2,2026-07-10,2026-07-13,recovered
2116,65,Male,2,2026-07-21,2026-07-26,ongoing
2117,74,Other,2,2026-07-01,2026-07-05,recovered
2118,53,Male,2,2026-07-04,2026-07-11,ongoing
2119,27,Male,2,2026-07-23,2026-07-31,recovered
2120,44,Male,2,2026-07-13,2026-07-22,referred
2121,46,Male,2,2026-07-24,2026-07-28,recovered
2122,25,Other,2,2026-07-19,2026-07-25,referred
2123,38,Other,2,2026-07-18,2026-07-26,deceased
2124,43,Other,2,2026-07-02,2026-07-09,ongoing
2125,50,Female,2,2026-07-15,2026-07-20,recovered
2126,61,Male,2,2026-07-08,2026-07-16,recovered
2127,65,Female,2,2026-07-15,2026-07-20,referred
2128,41,Male,2,2026-07-14,2026-07-19,ongoing
2129,35,Female,2,2026-07-17,2026-07-20,recovered
2130,56,Other,2,2026-07-26,2026-08-01,deceased
2131,53,Female,2,2026-07-27,2026-08-06,referred
2132,40,Other,2,2026-07-19,2026-07-26,recovered
2133,42,Female,2,2026-07-26,2026-07-31,ongoing
2134,50,Female,2,2026-07-05,2026-07-12,recovered
2135,52,Other,2,2026-07-15,2026-07-18,referred
2136,52,Female,2,2026-07-16,2026-07-24,deceased
2137,52,Male,2,2026-07-02,2026-07-11,recovered
2138,46,Female,2,2026-07-17,2026-07-26,recovered
2139,41,Male,2,2026-07-12,2026-07-15,recovered
2140,35,Male,2,2026-07-11,2026-07-20,ongoing
2141,49,Male,2,2026-07-20,2026-07-27,recovered
2142,44,Female,2,2026-07-14,2026-07-21,recovered
2143,50,Other,2,2026-07-25,2026-07-31,deceased
2144,51,Male,2,2026-07-17,2026-07-20,ongoing
2145,37,Female,2,2026-07-19,2026-07-24,recovered
2146,34,Male,2,2026-07-17,2026-07-25,deceased
2147,40,Other,2,2026-07-04,2026-07-08,ongoing
2148,45,Female,2,2026-07-19,2026-07-25,recovered
2149,46,Male,2,2026-07-11,2026-07-16,deceased
2150,12,Female,2,2026-07-24,2026-08-02,recovered
2151,53,Male,2,2026-07-17,2026-07-21,recovered
2152,37,Male,2,2026-07-06,2026-07-09,recovered
2153,60,Male,2,2026-07-15,2026-07-19,ongoing
2154,72,Female,2,2026-07-25,2026-07-28,referred
2155,51,Female,2,2026-07-09,2026-07-12,recovered
2156,69,Other,2,2026-07-20,2026-07-29,ongoing
2157,20,Male,2,2026-07-26,2026-07-30,recovered
2158,46,Other,2,2026-07-10,2026-07-20,recovered
2159,55,Male,2,2026-07-24,2026-07-30,referred
2160,55,Male,2,2026-07-23,2026-08-01,recovered
2161,51,Male,2,2026-07-14,2026-07-20,referred
2162,48,Male,2,2026-07-22,2026-07-25,deceased
2163,45,Female,2,2026-07-03,2026-07-11,ongoing
2164,50,Other,2,2026-07-11,2026-07-15,referred
2165,34,Male,2,2026-07-25,2026-07-28,recovered
2166,18,Other,2,2026-07-04,2026-07-13,recovered
2167,30,Male,2,2026-07-07,2026-07-16,referred
2168,21,Female,2,2026-07-21,2026-07-23,ongoing
2169,46,Female,2,2026-07-13,2026-07-22,recovered
2170,53,Female,2,2026-07-16,2026-07-25,recovered
2171,68,Female,2,2026-07-05,2026-07-09,recovered
2172,21,Other,2,2026-07-14,2026-07-17,ongoing
2173,64,Other,2,2026-07-07,2026-07-15,recovered
2174,49,Male,2,2026-07-21,2026-07-28,recovered
2175,49,Female,2,2026-07-17,2026-07-24,recovered
2176,55,Female,2,2026-07-22,2026-07-28,ongoing
2177,42,Male,2,2026-07-12,2026-07-18,recovered
2178,53,Female,2,2026-07-15,2026-07-20,recovered
2179,42,Female,2,2026-07-06,2026-07-12,referred
2180,50,Female,2,2026-07-05,2026-07-13,deceased
2181,28,Male,2,2026-07-26,2026-08-04,recovered
2182,32,Female,2,2026-07-09,2026-07-15,recovered
2183,44,Female,2,2026-07-18,2026-07-26,deceased
2184,56,Male,2,2026-07-15,2026-07-21,recovered
2185,48,Male,2,2026-07-09,2026-07-15,recovered
2186,63,Other,2,2026-07-15,2026-07-20,recovered
2187,62,Male,2,2026-08-25,2026-09-01,recovered
2188,39,Male,2,2026-08-20,2026-08-26,deceased
2189,36,Other,2,2026-08-13,2026-08-16,recovered
2190,16,Female,2,2026-08-21,2026-08-24,recovered
2191,54,Female,2,2026-08-18,2026-08-22,recovered
2192,58,Male,2,2026-08-26,2026-08-30,recovered
2193,41,Male,2,2026-08-14,2026-08-18,deceased
2194,13,Other,2,2026-08-01,2026-08-09,recovered
2195,37,Male,2,2026-08-17,2026-08-22,recovered
2196,45,Female,2,2026-08-08,2026-08-15,recovered
2197,50,Female,2,2026-08-09,2026-08-17,recovered
2198,33,Male,2,2026-08-27,2026-09-04,deceased
2199,24,Female,2,2026-08-03,2026-08-06,recovered
2200,44,Other,2,2026-08-01,2026-08-09,ongoing
2201,33,Other,2,2026-08-05,2026-08-08,deceased
2202,38,Female,2,2026-08-10,2026-08-18,ongoing
2203,43,Male,2,2026-08-24,2026-08-27,referred
2204,53,Male,2,2026-08-19,2026-08-25,recovered
2205,36,Male,2,2026-08-03,2026-08-07,referred
2206,50,Female,2,2026-08-18,2026-08-24,recovered
2207,66,Male,2,2026-08-16,2026-08-24,recovered
2208,38,Male,2,2026-08-08,2026-08-15,recovered
2209,33,Male,2,2026-08-25,2026-08-29,recovered
2210,57,Male,2,2026-08-05,2026-08-14,recovered
2211,55,Female,2,2026-08-18,2026-08-22,recovered
2212,33,Female,2,2026-08-05,2026-08-10,ongoing
2213,45,Female,2,2026-08-24,2026-09-02,recovered
2214,40,Male,2,2026-08-14,2026-08-19,deceased
2215,38,Male,2,2026-08-05,2026-08-08,recovered
2216,28,Other,2,2026-08-23,2026-08-27,deceased
2217,37,Male,2,2026-08-16,2026-08-23,recovered
2218,62,Other,2,2026-08-23,2026-08-29,deceased
2219,50,Male,2,2026-08-24,2026-09-03,recovered
2220,48,Female,2,2026-08-05,2026-08-13,ongoing
2221,53,Male,2,2026-08-24,2026-08-27,recovered
2222,70,Other,2,2026-08-14,2026-08-20,recovered
2223,32,Male,2,2026-08-05,2026-08-13,recovered
2224,41,Male,2,2026-08-14,2026-08-24,ongoing
2225,31,Female,2,2026-08-11,2026-08-18,recovered
2226,58,Other,2,2026-08-17,2026-08-25,referred
2227,44,Male,2,2026-08-12,2026-08-18,referred
2228,59,Female,2,2026-08-24,2026-09-03,recovered
2229,33,Female,2,2026-08-17,2026-08-25,recovered
2230,46,Male,2,2026-08-16,2026-08-19,recovered
2231,39,Male,2,2026-08-23,2026-08-27,recovered
2232,29,Other,2,2026-08-02,2026-08-09,recovered
2233,36,Male,2,2026-08-03,2026-08-08,recovered
2234,41,Female,2,2026-08-09,2026-08-14,ongoing
2235,35,Male,2,2026-08-24,2026-08-29,ongoing
2236,35,Female,2,2026-08-18,2026-08-25,recovered
2237,43,Male,2,2026-08-19,2026-08-23,ongoing
2238,34,Other,2,2026-08-04,2026-08-07,ongoing
2239,33,Other,2,2026-08-21,2026-08-29,ongoing
2240,65,Other,2,2026-08-09,2026-08-19,referred
2241,54,Female,2,2026-08-16,2026-08-20,recovered
2242,45,Female,2,2026-08-26,2026-09-02,recovered
2243,32,Male,2,2026-08-16,2026-08-25,recovered
2244,70,Female,2,2026-08-17,2026-08-25,referred
2245,38,Other,2,2026-08-16,2026-08-21,recovered
2246,44,Female,2,2026-08-13,2026-08-21,recovered
2247,42,Other,2,2026-08-10,2026-08-19,deceased
2248,49,Male,2,2026-08-07,2026-08-17,referred
2249,30,Male,2,2026-08-05,2026-08-14,referred
2250,39,Female,2,2026-08-04,2026-08-11,referred
2251,62,Male,2,2026-08-12,2026-08-16,referred
2252,25,Other,2,2026-08-14,2026-08-18,recovered
2253,84,Female,2,2026-08-13,2026-08-18,recovered
2254,27,Male,2,2026-08-12,2026-08-18,ongoing
2255,70,Other,2,2026-08-10,2026-08-15,recovered
2256,29,Male,2,2026-08-20,2026-08-24,referred
2257,41,Male,2,2026-09-02,2026-09-12,ongoing
2258,34,Female,2,2026-09-27,2026-09-30,ongoing
2259,55,Other,2,2026-09-21,2026-09-27,deceased
2260,64,Male,2,2026-09-04,2026-09-07,ongoing
2261,42,Female,2,2026-09-23,2026-09-27,recovered
2262,18,Male,2,2026-09-14,2026-09-23,recovered
2263,50,Other,2,2026-09-15,2026-09-22,recovered
2264,47,Other,2,2026-09-28,2026-10-02,referred
2265,31,Female,2,2026-09-01,2026-09-06,ongoing
2266,19,Other,2,2026-09-24,2026-10-04,recovered
2267,55,Male,2,2026-09-22,2026-09-27,recovered
2268,28,Female,2,2026-09-27,2026-10-05,referred
2269,34,Female,2,2026-09-09,2026-09-12,referred
2270,48,Male,2,2026-09-17,2026-09-22,recovered
2271,56,Male,2,2026-09-09,2026-09-16,ongoing
2272,55,Male,2,2026-09-15,2026-09-18,recovered
2273,37,Male,2,2026-09-24,2026-09-27,deceased
2274,62,Female,2,2026-09-06,2026-09-14,referred
2275,67,Male,2,2026-09-12,2026-09-18,deceased
2276,22,Female,2,2026-09-22,2026-09-29,referred
2277,40,Male,2,2026-09-25,2026-10-03,recovered
2278,57,Male,2,2026-09-09,2026-09-12,recovered
2279,43,Male,2,2026-09-08,2026-09-17,recovered
2280,53,Male,2,2026-09-23,2026-09-29,recovered
2281,33,Female,2,2026-09-12,2026-09-19,deceased
2282,60,Female,2,2026-09-21,2026-09-29,recovered
2283,54,Female,2,2026-09-27,2026-10-04,recovered
2284,59,Male,2,2026-09-21,2026-09-30,recovered
2285,19,Male,2,2026-09-11,2026-09-19,recovered
2286,44,Male,2,2026-09-17,2026-09-25,recovered
2287,59,Female,2,2026-09-15,2026-09-19,recovered
2288,37,Male,2,2026-09-05,2026-09-11,recovered
2289,42,Male,2,2026-09-19,2026-09-24,referred
2290,43,Male,2,2026-09-12,2026-09-21,recovered
2291,30,Female,2,2026-09-14,2026-09-20,recovered
2292,69,Other,2,2026-09-10,2026-09-14,recovered
2293,50,Other,2,2026-09-25,2026-09-28,referred
2294,31,Female,2,2026-09-14,2026-09-22,deceased
2295,36,Female,2,2026-09-08,2026-09-12,recovered
2296,53,Female,2,2026-09-02,2026-09-12,deceased
2297,35,Other,2,2026-09-17,2026-09-20,recovered
2298,49,Other,2,2026-09-19,2026-09-22,recovered
2299,76,Female,2,2026-09-10,2026-09-19,ongoing
2300,38,Male,2,2026-09-25,2026-09-28,deceased
2301,36,Male,2,2026-09-02,2026-09-12,recovered
2302,66,Male,2,2026-09-13,2026-09-17,referred
2303,50,Female,2,2026-09-05,2026-09-09,recovered
2304,55,Male,2,2026-09-28,2026-10-02,referred
2305,23,Male,2,2026-09-08,2026-09-12,recovered
2306,37,Female,2,2026-09-06,2026-09-11,ongoing
2307,48,Female,2,2026-09-22,2026-09-27,deceased
2308,59,Male,2,2026-09-15,2026-09-23,recovered
2309,57,Male,2,2026-09-05,2026-09-10,recovered
2310,39,Female,2,2026-09-27,2026-10-04,ongoing
2311,33,Other,2,2026-09-13,2026-09-19,recovered
2312,61,Female,2,2026-09-08,2026-09-17,deceased
2313,31,Other,2,2026-09-08,2026-09-13,ongoing
2314,65,Male,2,2026-09-25,2026-09-30,referred
2315,48,Female,2,2026-09-08,2026-09-11,recovered
2316,53,Female,2,2026-09-11,2026-09-16,recovered
2317,26,Male,2,2026-09-05,2026-09-10,recovered
2318,61,Female,2,2026-09-14,2026-09-18,referred
2319,39,Male,2,2026-09-17,2026-09-26,referred
2320,46,Male,2,2026-09-28,2026-10-03,recovered
2321,24,Male,2,2026-09-11,2026-09-14,recovered
2322,44,Female,2,2026-09-21,2026-10-01,recovered
2323,25,Male,2,2026-09-25,2026-09-28,ongoing
2324,54,Female,2,2026-09-26,2026-10-04,ongoing
2325,38,Male,2,2026-09-12,2026-09-20,recovered
2326,20,Female,3,2025-10-14,2025-10-20,deceased
2327,77,Other,3,2025-10-22,2025-10-25,recovered
2328,46,Other,3,2025-10-07,2025-10-12,referred
2329,55,Male,3,2025-10-28,2025-11-02,deceased
2330,48,Male,3,2025-10-16,2025-10-21,ongoing
2331,27,Male,3,2025-10-22,2025-10-26,ongoing
2332,53,Male,3,2025-10-09,2025-10-12,recovered
2333,43,Male,3,2025-10-01,2025-10-06,recovered
2334,48,Female,3,2025-10-24,2025-10-26,recovered
2335,62,Female,3,2025-10-06,2025-10-09,recovered
2336,57,Female,3,2025-10-09,2025-10-13,referred
2337,56,Other,3,2025-10-20,2025-10-24,ongoing
2338,22,Male,3,2025-10-15,2025-10-17,recovered
2339,63,Male,3,2025-10-02,2025-10-05,recovered
2340,42,Male,3,2025-10-17,2025-10-26,recovered
2341,42,Male,3,2025-10-21,2025-10-28,referred
2342,46,Male,3,2025-10-21,2025-10-28,deceased
2343,49,Male,3,2025-10-14,2025-10-22,ongoing
2344,28,Female,3,2025-10-17,2025-10-23,referred
2345,36,Female,3,2025-10-26,2025-10-28,recovered
2346,40,Female,3,2025-10-24,2025-10-31,recovered
2347,21,Male,3,2025-10-17,2025-10-24,recovered
2348,27,Male,3,2025-10-01,2025-10-06,deceased
2349,42,Male,3,2025-10-14,2025-10-20,recovered
2350,59,Male,3,2025-10-08,2025-10-12,recovered
2351,42,Female,3,2025-10-03,2025-10-09,ongoing
2352,26,Male,3,2025-10-14,2025-10-20,ongoing
2353,33,Male,3,2025-10-13,2025-10-18,recovered
2354,40,Female,3,2025-10-27,2025-11-01,deceased
2355,37,Female,3,2025-10-24,2025-10-29,recovered
2356,43,Other,3,2025-10-13,2025-10-15,recovered
2357,50,Other,3,2025-10-21,2025-10-26,recovered
2358,44,Male,3,2025-10-10,2025-10-14,recovered
2359,54,Other,3,2025-10-22,2025-10-27,recovered
2360,59,Male,3,2025-10-19,2025-10-24,deceased
2361,35,Other,3,2025-10-10,2025-10-16,recovered
2362,45,Male,3,2025-10-13,2025-10-19,recovered
2363,62,Female,3,2025-10-13,2025-10-16,deceased
2364,44,Female,3,2025-10-06,2025-10-13,ongoing
2365,50,Male,3,2025-10-14,2025-10-18,recovered
2366,73,Male,3,2025-10-25,2025-10-29,referred
2367,45,Other,3,2025-10-22,2025-10-30,ongoing
2368,33,Female,3,2025-10-13,2025-10-17,recovered
2369,51,Female,3,2025-10-25,2025-10-30,recovered
2370,32,Male,3,2025-10-10,2025-10-12,deceased
2371,42,Other,3,2025-10-15,2025-10-21,referred
2372,39,Female,3,2025-10-14,2025-10-23,recovered
2373,47,Other,3,2025-10-21,2025-10-23,recovered
2374,63,Female,3,2025-10-20,2025-10-26,recovered
2375,54,Male,3,2025-10-11,2025-10-17,recovered
2376,61,Female,3,2025-10-01,2025-10-08,ongoing
2377,49,Male,3,2025-10-17,2025-10-25,referred
2378,38,Female,3,2025-10-28,2025-11-01,referred
2379,37,Female,3,2025-10-07,2025-10-11,ongoing
2380,72,Other,3,2025-10-15,2025-10-20,recovered
2381,60,Male,3,2025-10-08,2025-10-15,deceased
2382,42,Female,3,2025-10-20,2025-10-28,recovered
2383,65,Female,3,2025-10-15,2025-10-22,deceased
2384,54,Female,3,2025-10-17,2025-10-26,recovered
2385,43,Male,3,2025-10-26,2025-10-31,referred
2386,66,Other,3,2025-10-25,2025-10-31,referred
2387,47,Female,3,2025-10-01,2025-10-06,deceased
2388,40,Male,3,2025-10-27,2025-11-03,recovered
2389,25,Female,3,2025-10-13,2025-10-20,deceased
2390,43,Male,3,2025-10-04,2025-10-07,deceased
2391,50,Male,3,2025-10-27,2025-11-02,recovered
2392,24,Female,3,2025-10-22,2025-10-26,deceased
2393,60,Male,3,2025-10-16,2025-10-19,recovered
2394,55,Male,3,2025-11-16,2025-11-23,recovered
2395,37,Male,3,2025-11-10,2025-11-17,ongoing
2396,57,Female,3,2025-11-09,2025-11-15,recovered
2397,47,Male,3,2025-11-17,2025-11-21,referred
2398,57,Female,3,2025-11-10,2025-11-14,ongoing
2399,40,Female,3,2025-11-21,2025-11-25,referred
2400,25,Female,3,2025-11-26,2025-12-03,ongoing
2401,44,Female,3,2025-11-10,2025-11-18,ongoing
2402,54,Male,3,2025-11-10,2025-11-13,recovered
2403,43,Female,3,2025-11-12,2025-11-19,recovered
2404,1,Male,3,2025-11-20,2025-11-28,referred
2405,28,Female,3,2025-11-05,2025-11-11,deceased
2406,44,Other,3,2025-11-16,2025-11-22,recovered
2407,30,Male,3,2025-11-06,2025-11-11,recovered
2408,58,Female,3,2025-11-08,2025-11-12,recovered
2409,44,Female,3,2025-11-09,2025-11-15,recovered
2410,38,Male,3,2025-11-16,2025-11-21,deceased
2411,48,Female,3,2025-11-24,2025-12-02,referred
2412,29,Male,3,2025-11-07,2025-11-11,recovered
2413,42,Other,3,2025-11-21,2025-11-24,ongoing
2414,49,Male,3,2025-11-28,2025-12-05,deceased
2415,35,Female,3,2025-11-02,2025-11-07,referred
2416,43,Female,3,2025-11-21,2025-11-29,referred
2417,62,Other,3,2025-11-23,2025-11-28,recovered
2418,49,Male,3,2025-11-03,2025-11-10,recovered
2419,47,Other,3,2025-11-17,2025-11-21,recovered
2420,54,Male,3,2025-11-15,2025-11-18,recovered
2421,47,Male,3,2025-11-26,2025-12-02,recovered
2422,51,Other,3,2025-11-07,2025-11-10,recovered
2423,29,Male,3,2025-11-20,2025-11-25,referred
2424,37,Female,3,2025-11-15,2025-11-22,ongoing
2425,46,Male,3,2025-11-26,2025-12-02,deceased
2426,3,Female,3,2025-11-14,2025-11-20,referred
2427,34,Male,3,2025-11-06,2025-11-10,recovered
2428,46,Male,3,2025-11-28,2025-12-04,recovered
2429,39,Female,3,2025-11-22,2025-11-28,recovered
2430,58,Other,3,2025-11-01,2025-11-05,recovered
2431,57,Male,3,2025-11-16,2025-11-19,recovered
2432,50,Other,3,2025-11-28,2025-12-03,deceased
2433,52,Male,3,2025-11-06,2025-11-09,ongoing
2434,51,Other,3,2025-11-10,2025-11-14,recovered
2435,53,Female,3,2025-11-04,2025-11-11,recovered
2436,40,Female,3,2025-11-06,2025-11-09,deceased
2437,38,Other,3,2025-11-06,2025-11-14,recovered
2438,40,Female,3,2025-11-21,2025-11-27,deceased
2439,58,Male,3,2025-11-24,2025-11-28,recovered
2440,38,Male,3,2025-11-05,2025-11-09,deceased
2441,38,Female,3,2025-11-24,2025-11-28,recovered
2442,61,Male,3,2025-11-25,2025-12-03,recovered
2443,54,Male,3,2025-11-12,2025-11-18,recovered
2444,56,Female,3,2025-11-27,2025-12-04,referred
2445,46,Female,3,2025-11-23,2025-11-27,deceased
2446,42,Other,3,2025-11-13,2025-11-17,referred
2447,34,Male,3,2025-11-07,2025-11-14,recovered
2448,35,Male,3,2025-11-03,2025-11-07,referred
2449,17,Male,3,2025-11-16,2025-11-24,deceased
2450,26,Female,3,2025-11-22,2025-11-27,recovered
2451,41,Male,3,2025-11-09,2025-11-18,referred
2452,42,Male,3,2025-11-11,2025-11-15,recovered
2453,59,Male,3,2025-11-10,2025-11-13,deceased
2454,61,Female,3,2025-11-24,2025-11-29,deceased
2455,29,Female,3,2025-11-05,2025-11-11,recovered
2456,37,Male,3,2025-11-11,2025-11-17,ongoing
2457,42,Male,3,2025-11-17,2025-11-24,deceased
2458,38,Male,3,2025-11-26,2025-12-03,deceased
2459,18,Female,3,2025-11-12,2025-11-20,recovered
2460,54,Male,3,2025-11-15,2025-11-19,recovered
2461,42,Male,3,2025-11-07,2025-11-14,recovered
2462,35,Female,3,2025-11-04,2025-11-10,recovered
2463,60,Other,3,2025-11-26,2025-12-01,recovered
2464,49,Other,3,2025-12-14,2025-12-23,deceased
2465,34,Male,3,2025-12-26,2025-12-30,referred
2466,42,Other,3,2025-12-03,2025-12-10,recovered
2467,21,Male,3,2025-12-18,2025-12-25,ongoing
2468,40,Female,3,2025-12-15,2025-12-21,deceased
2469,35,Female,3,2025-12-03,2025-12-10,referred
2470,49,Male,3,2025-12-05,2025-12-11,recovered
2471,22,Female,3,2025-12-21,2025-12-27,recovered
2472,51,Male,3,2025-12-13,2025-12-19,ongoing
2473,56,Female,3,2025-12-27,2026-01-01,recovered
2474,45,Male,3,2025-12-28,2026-01-01,ongoing
2475,52,Male,3,2025-12-15,2025-12-21,referred
2476,68,Female,3,2025-12-28,2026-01-03,deceased
2477,46,Other,3,2025-12-05,2025-12-08,deceased
2478,47,Other,3,2025-12-02,2025-12-09,recovered
2479,41,Female,3,2025-12-03,2025-12-07,recovered
2480,53,Male,3,2025-12-10,2025-12-13,recovered
2481,71,Female,3,2025-12-07,2025-12-14,recovered
2482,49,Male,3,2025-12-27,2026-01-04,recovered
2483,44,Female,3,2025-12-28,2026-01-04,recovered
2484,31,Female,3,2025-12-13,2025-12-16,ongoing
2485,60,Other,3,2025-12-27,2025-12-30,referred
2486,41,Female,3,2025-12-17,2025-12-20,recovered
2487,17,Female,3,2025-12-16,2025-12-23,recovered
2488,78,Other,3,2025-12-07,2025-12-16,recovered
2489,56,Male,3,2025-12-16,2025-12-20,recovered
2490,54,Male,3,2025-12-26,2025-12-31,recovered
2491,52,Male,3,2025-12-12,2025-12-20,recovered
2492,32,Female,3,2025-12-23,2025-12-26,recovered
2493,42,Male,3,2025-12-01,2025-12-09,recovered
2494,64,Female,3,2025-12-05,2025-12-13,ongoing
2495,56,Male,3,2025-12-01,2025-12-04,recovered
2496,62,Male,3,2025-12-20,2025-12-27,recovered
2497,49,Other,3,2025-12-20,2025-12-25,recovered
2498,51,Female,3,2025-12-24,2025-12-31,recovered
2499,53,Female,3,2025-12-04,2025-12-11,referred
2500,46,Male,3,2025-12-12,2025-12-20,ongoing
2501,48,Female,3,2025-12-11,2025-12-13,recovered
2502,45,Female,3,2025-12-24,2026-01-01,recovered
2503,31,Female,3,2025-12-18,2025-12-23,recovered
2504,35,Female,3,2025-12-01,2025-12-05,recovered
2505,56,Female,3,2025-12-14,2025-12-23,deceased
2506,54,Other,3,2025-12-18,2025-12-23,deceased
2507,16,Male,3,2025-12-21,2025-12-23,recovered
2508,49,Male,3,2025-12-11,2025-12-17,ongoing
2509,23,Other,3,2025-12-22,2025-12-29,recovered
2510,48,Female,3,2025-12-05,2025-12-09,deceased
2511,50,Female,3,2025-12-05,2025-12-09,recovered
2512,47,Female,3,2025-12-20,2025-12-23,recovered
2513,38,Female,3,2025-12-06,2025-12-13,referred
2514,64,Other,3,2025-12-19,2025-12-24,recovered
2515,38,Female,3,2025-12-25,2026-01-02,ongoing
2516,56,Male,3,2025-12-24,2026-01-01,referred
2517,55,Male,3,2026-01-13,2026-01-19,recovered
2518,9,Female,3,2026-01-21,2026-01-23,recovered
2519,31,Male,3,2026-01-13,2026-01-17,recovered
2520,38,Other,3,2026-01-21,2026-01-29,recovered
2521,35,Female,3,2026-01-15,2026-01-24,recovered
2522,48,Other,3,2026-01-24,2026-01-28,recovered
2523,49,Female,3,2026-01-11,2026-01-20,deceased
2524,56,Male,3,2026-01-18,2026-01-23,referred
2525,40,Male,3,2026-01-28,2026-02-01,recovered
2526,44,Other,3,2026-01-21,2026-01-23,recovered
2527,38,Other,3,2026-01-04,2026-01-08,referred
2528,46,Male,3,2026-01-10,2026-01-13,recovered
2529,50,Other,3,2026-01-15,2026-01-20,recovered
2530,44,Other,3,2026-01-13,2026-01-20,recovered
2531,45,Male,3,2026-01-05,2026-01-13,ongoing
2532,47,Other,3,2026-01-20,2026-01-27,deceased
2533,48,Female,3,2026-01-17,2026-01-23,referred
2534,32,Female,3,2026-01-17,2026-01-20,recovered
2535,32,Female,3,2026-01-22,2026-01-25,ongoing
2536,31,Female,3,2026-01-20,2026-01-25,recovered
2537,55,Other,3,2026-01-02,2026-01-10,recovered
2538,41,Female,3,2026-01-16,2026-01-21,referred
2539,44,Male,3,2026-01-10,2026-01-12,recovered
2540,61,Male,3,2026-01-24,2026-01-30,recovered
2541,60,Female,3,2026-01-25,2026-01-30,recovered
2542,64,Female,3,2026-01-26,2026-01-29,recovered
2543,47,Male,3,2026-01-19,2026-01-22,recovered
2544,40,Other,3,2026-01-13,2026-01-16,referred
2545,51,Male,3,2026-01-05,2026-01-08,recovered
2546,53,Male,3,2026-01-21,2026-01-24,ongoing
2547,37,Female,3,2026-01-04,2026-01-11,recovered
2548,39,Other,3,2026-01-27,2026-01-30,recovered
2549,74,Male,3,2026-01-05,2026-01-08,recovered
2550,41,Male,3,2026-01-02,2026-01-07,recovered
2551,21,Female,3,2026-01-21,2026-01-26,deceased
2552,31,Male,3,2026-01-10,2026-01-14,recovered
2553,34,Female,3,2026-01-24,2026-01-30,deceased
2554,37,Female,3,2026-01-23,2026-01-31,recovered
2555,48,Male,3,2026-01-21,2026-01-24,recovered
2556,19,Female,3,2026-01-21,2026-01-26,referred
2557,43,Female,3,2026-01-27,2026-01-31,recovered
2558,46,Other,3,2026-01-19,2026-01-24,recovered
2559,69,Female,3,2026-01-22,2026-01-26,ongoing
2560,44,Female,3,2026-01-20,2026-01-28,ongoing
2561,43,Male,3,2026-01-17,2026-01-25,ongoing
2562,41,Male,3,2026-01-27,2026-02-03,ongoing
2563,46,Other,3,2026-01-04,2026-01-07,recovered
2564,32,Male,3,2026-01-27,2026-02-01,recovered
2565,55,Other,3,2026-01-21,2026-01-28,recovered
2566,31,Female,3,2026-01-13,2026-01-20,referred
2567,52,Male,3,2026-01-01,2026-01-04,recovered
2568,62,Male,3,2026-01-10,2026-01-18,referred
2569,44,Male,3,2026-01-15,2026-01-23,recovered
2570,69,Male,3,2026-01-08,2026-01-12,recovered
2571,29,Female,3,2026-01-15,2026-01-22,recovered
2572,27,Other,3,2026-01-18,2026-01-25,referred
2573,45,Female,3,2026-01-11,2026-01-18,deceased
2574,21,Male,3,2026-01-16,2026-01-24,recovered
2575,56,Male,3,2026-01-20,2026-01-26,deceased
2576,12,Male,3,2026-01-10,2026-01-13,referred
2577,36,Female,3,2026-01-13,2026-01-17,recovered
2578,45,Female,3,2026-01-09,2026-01-17,recovered
2579,62,Female,3,2026-01-11,2026-01-18,recovered
2580,31,Other,3,2026-01-01,2026-01-04,recovered
2581,24,Other,3,2026-01-17,2026-01-24,recovered
2582,36,Male,3,2026-01-13,2026-01-19,recovered
2583,22,Female,3,2026-01-03,2026-01-06,deceased
2584,29,Male,3,2026-01-09,2026-01-12,ongoing
2585,50,Male,3,2026-01-12,2026-01-17,ongoing
2586,42,Male,3,2026-01-19,2026-01-27,recovered
2587,68,Male,3,2026-02-02,2026-02-06,recovered
2588,79,Female,3,2026-02-08,2026-02-16,recovered
2589,47,Male,3,2026-02-08,2026-02-13,recovered
2590,38,Female,3,2026-02-01,2026-02-09,deceased
2591,28,Female,3,2026-02-15,2026-02-20,recovered
2592,39,Female,3,2026-02-28,2026-03-05,referred
2593,66,Male,3,2026-02-19,2026-02-27,deceased
2594,42,Male,3,2026-02-26,2026-03-02,recovered
2595,24,Female,3,2026-02-08,2026-02-12,recovered
2596,71,Female,3,2026-02-28,2026-03-08,deceased
2597,69,Other,3,2026-02-18,2026-02-24,referred
2598,61,Male,3,2026-02-16,2026-02-22,deceased
2599,41,Other,3,2026-02-27,2026-03-05,deceased
2600,24,Other,3,2026-02-08,2026-02-13,deceased
2601,28,Male,3,2026-02-02,2026-02-07,recovered
2602,51,Other,3,2026-02-01,2026-02-07,referred
2603,24,Male,3,2026-02-02,2026-02-10,referred
2604,48,Male,3,2026-02-12,2026-02-14,ongoing
2605,42,Female,3,2026-02-09,2026-02-17,recovered
2606,24,Female,3,2026-02-23,2026-03-02,recovered
2607,37,Male,3,2026-02-07,2026-02-13,recovered
2608,64,Other,3,2026-02-08,2026-02-14,recovered
2609,62,Male,3,2026-02-05,2026-02-12,ongoing
2610,42,Male,3,2026-02-02,2026-02-09,ongoing
2611,49,Female,3,2026-02-04,2026-02-11,referred
2612,47,Female,3,2026-02-06,2026-02-13,ongoing
2613,48,Female,3,2026-02-25,2026-03-04,referred
2614,52,Male,3,2026-02-04,2026-02-08,recovered
2615,35,Female,3,2026-02-19,2026-02-26,referred
2616,22,Male,3,2026-02-16,2026-02-19,recovered
2617,51,Male,3,2026-02-04,2026-02-08,recovered
2618,57,Female,3,2026-02-03,2026-02-06,recovered
2619,41,Female,3,2026-02-08,2026-02-12,deceased
2620,40,Male,3,2026-02-04,2026-02-10,ongoing
2621,57,Female,3,2026-02-02,2026-02-11,recovered
2622,49,Male,3,2026-02-17,2026-02-19,recovered
2623,59,Male,3,2026-02-10,2026-02-12,recovered
2624,35,Female,3,2026-02-07,2026-02-13,recovered
2625,29,Female,3,2026-02-18,2026-02-21,ongoing
2626,67,Female,3,2026-02-12,2026-02-18,referred
2627,48,Female,3,2026-02-28,2026-03-08,recovered
2628,51,Other,3,2026-02-20,2026-02-22,deceased
2629,40,Male,3,2026-02-04,2026-02-11,referred
2630,55,Female,3,2026-02-06,2026-02-12,recovered
2631,55,Male,3,2026-02-16,2026-02-19,recovered
2632,60,Female,3,2026-02-22,2026-02-28,deceased
2633,42,Female,3,2026-02-15,2026-02-23,recovered
2634,40,Female,3,2026-02-05,2026-02-09,recovered
2635,26,Female,3,2026-02-26,2026-03-03,deceased
2636,68,Other,3,2026-02-27,2026-03-07,recovered
2637,38,Other,3,2026-02-28,2026-03-05,ongoing
2638,34,Other,3,2026-02-19,2026-02-26,recovered
2639,48,Female,3,2026-02-25,2026-03-03,deceased
2640,56,Female,3,2026-02-07,2026-02-11,recovered
2641,29,Male,3,2026-02-14,2026-02-19,ongoing
2642,45,Male,3,2026-02-16,2026-02-22,recovered
2643,47,Other,3,2026-02-26,2026-03-05,deceased
2644,24,Male,3,2026-02-02,2026-02-05,recovered
2645,37,Male,3,2026-02-19,2026-02-26,referred
2646,41,Male,3,2026-02-02,2026-02-08,recovered
2647,49,Female,3,2026-02-13,2026-02-16,referred
2648,44,Male,3,2026-03-28,2026-03-31,referred
2649,48,Female,3,2026-03-23,2026-03-25,recovered
2650,59,Female,3,2026-03-23,2026-03-27,recovered
2651,41,Female,3,2026-03-07,2026-03-13,recovered
2652,42,Male,3,2026-03-23,2026-03-26,recovered
2653,55,Female,3,2026-03-08,2026-03-14,recovered
2654,38,Female,3,2026-03-27,2026-03-31,recovered
2655,45,Female,3,2026-03-05,2026-03-08,referred
2656,64,Male,3,2026-03-19,2026-03-26,recovered
2657,42,Female,3,2026-03-21,2026-03-28,deceased
2658,65,Female,3,2026-03-14,2026-03-19,deceased
2659,29,Female,3,2026-03-25,2026-03-30,recovered
2660,33,Female,3,2026-03-23,2026-03-30,referred
2661,40,Female,3,2026-03-23,2026-03-27,recovered
2662,39,Female,3,2026-03-06,2026-03-12,referred
2663,40,Male,3,2026-03-09,2026-03-17,ongoing
2664,24,Other,3,2026-03-10,2026-03-14,recovered
2665,23,Female,3,2026-03-04,2026-03-11,recovered
2666,62,Female,3,2026-03-18,2026-03-26,recovered
2667,38,Female,3,2026-03-17,2026-03-26,recovered
2668,46,Male,3,2026-03-27,2026-04-01,deceased
2669,45,Female,3,2026-03-23,2026-03-30,referred
2670,63,Male,3,2026-03-05,2026-03-10,referred
2671,48,Male,3,2026-03-17,2026-03-24,recovered
2672,53,Female,3,2026-03-19,2026-03-21,recovered
2673,55,Female,3,2026-03-28,2026-04-05,referred
2674,39,Female,3,2026-03-02,2026-03-07,recovered
2675,48,Female,3,2026-03-17,2026-03-19,recovered
2676,53,Female,3,2026-03-28,2026-04-02,ongoing
2677,53,Male,3,2026-03-17,2026-03-21,recovered
2678,59,Female,3,2026-03-04,2026-03-11,ongoing
2679,41,Male,3,2026-03-18,2026-03-20,recovered
2680,23,Male,3,2026-03-02,2026-03-05,referred
2681,49,Female,3,2026-03-08,2026-03-10,deceased
2682,45,Female,3,2026-03-19,2026-03-22,deceased
2683,42,Female,3,2026-03-21,2026-03-23,ongoing
2684,44,Other,3,2026-03-21,2026-03-26,recovered
2685,46,Male,3,2026-03-15,2026-03-23,recovered
2686,60,Female,3,2026-03-21,2026-03-26,recovered
2687,46,Female,3,2026-03-18,2026-03-26,recovered
2688,55,Male,3,2026-03-09,2026-03-17,referred
2689,43,Female,3,2026-03-01,2026-03-06,referred
2690,48,Female,3,2026-03-18,2026-03-26,recovered
2691,48,Female,3,2026-03-27,2026-04-02,recovered
2692,58,Female,3,2026-03-24,2026-03-29,recovered
2693,41,Other,3,2026-03-12,2026-03-16,recovered
2694,38,Female,3,2026-03-08,2026-03-11,ongoing
2695,41,Male,3,2026-03-07,2026-03-15,recovered
2696,21,Female,3,2026-03-18,2026-03-26,recovered
2697,33,Other,3,2026-03-21,2026-03-25,referred
2698,54,Other,3,2026-03-15,2026-03-19,recovered
2699,30,Female,3,2026-03-02,2026-03-05,ongoing
2700,68,Female,3,2026-03-14,2026-03-17,recovered
2701,37,Other,3,2026-03-23,2026-03-26,deceased
2702,41,Other,3,2026-03-05,2026-03-11,deceased
2703,32,Female,3,2026-03-26,2026-03-29,deceased
2704,52,Other,3,2026-03-16,2026-03-20,ongoing
2705,50,Male,3,2026-03-24,2026-03-30,recovered
2706,46,Male,3,2026-03-01,2026-03-03,recovered
2707,56,Female,3,2026-03-28,2026-03-31,recovered
2708,39,Male,3,2026-03-10,2026-03-18,ongoing
2709,52,Female,3,2026-03-11,2026-03-17,recovered
2710,31,Other,3,2026-03-10,2026-03-13,recovered
2711,66,Female,3,2026-04-05,2026-04-08,recovered
2712,64,Female,3,2026-04-18,2026-04-24,referred
2713,74,Female,3,2026-04-09,2026-04-16,recovered
2714,24,Female,3,2026-04-04,2026-04-11,recovered
2715,46,Male,3,2026-04-16,2026-04-21,recovered
2716,47,Female,3,2026-04-19,2026-04-25,recovered
2717,19,Male,3,2026-04-16,2026-04-24,recovered
2718,33,Other,3,2026-04-03,2026-04-06,recovered
2719,69,Female,3,2026-04-22,2026-04-27,referred
2720,78,Male,3,2026-04-11,2026-04-15,recovered
2721,26,Other,3,2026-04-20,2026-04-29,recovered
2722,45,Male,3,2026-04-06,2026-04-10,recovered
2723,15,Female,3,2026-04-17,2026-04-21,recovered
2724,41,Female,3,2026-04-06,2026-04-08,referred
2725,57,Male,3,2026-04-10,2026-04-14,referred
2726,44,Male,3,2026-04-25,2026-05-01,recovered
2727,66,Male,3,2026-04-18,2026-04-20,referred
2728,23,Female,3,2026-04-19,2026-04-21,recovered
2729,64,Female,3,2026-04-16,2026-04-21,recovered
2730,49,Female,3,2026-04-12,2026-04-19,recovered
2731,64,Other,3,2026-04-23,2026-04-27,recovered
2732,37,Male,3,2026-04-16,2026-04-20,recovered
2733,39,Other,3,2026-04-22,2026-04-25,recovered
2734,34,Male,3,2026-04-01,2026-04-08,recovered
2735,60,Female,3,2026-04-03,2026-04-06,deceased
2736,51,Male,3,2026-04-03,2026-04-11,referred
2737,29,Male,3,2026-04-01,2026-04-08,recovered
2738,69,Female,3,2026-04-19,2026-04-25,referred
2739,35,Male,3,2026-04-28,2026-05-02,referred
2740,29,Male,3,2026-04-05,2026-04-08,recovered
2741,56,Female,3,2026-04-03,2026-04-10,recovered
2742,52,Female,3,2026-04-02,2026-04-09,recovered
2743,36,Female,3,2026-04-21,2026-04-27,ongoing
2744,46,Male,3,2026-04-23,2026-04-26,referred
2745,54,Other,3,2026-04-22,2026-04-28,recovered
2746,33,Female,3,2026-04-03,2026-04-06,recovered
2747,37,Male,3,2026-04-05,2026-04-13,referred
2748,41,Female,3,2026-04-25,2026-04-28,deceased
2749,46,Other,3,2026-04-11,2026-04-18,recovered
2750,58,Male,3,2026-04-20,2026-04-25,recovered
2751,39,Male,3,2026-04-14,2026-04-18,referred
2752,53,Female,3,2026-04-22,2026-04-26,recovered
2753,32,Other,3,2026-04-02,2026-04-04,deceased
2754,62,Female,3,2026-04-27,2026-05-02,recovered
2755,35,Male,3,2026-04-24,2026-05-01,referred
2756,65,Male,3,2026-04-22,2026-04-28,ongoing
2757,39,Female,3,2026-04-09,2026-04-16,recovered
2758,56,Female,3,2026-04-16,2026-04-20,recovered
2759,51,Male,3,2026-04-18,2026-04-27,referred
2760,61,Female,3,2026-04-12,2026-04-17,recovered
2761,59,Female,3,2026-04-26,2026-05-04,recovered
2762,42,Female,3,2026-04-05,2026-04-08,recovered
2763,48,Female,3,2026-04-01,2026-04-09,recovered
2764,32,Female,3,2026-04-12,2026-04-14,recovered
2765,45,Female,3,2026-04-19,2026-04-27,recovered
2766,47,Male,3,2026-04-09,2026-04-13,recovered
2767,57,Male,3,2026-04-13,2026-04-16,recovered
2768,22,Female,3,2026-04-07,2026-04-12,recovered
2769,63,Male,3,2026-04-14,2026-04-22,recovered
2770,74,Male,3,2026-04-04,2026-04-06,referred
2771,55,Female,3,2026-04-16,2026-04-22,deceased
2772,57,Male,3,2026-04-07,2026-04-12,recovered
2773,31,Female,3,2026-04-21,2026-04-24,ongoing
2774,30,Other,3,2026-04-04,2026-04-10,recovered
2775,54,Male,3,2026-04-11,2026-04-18,ongoing
2776,20,Female,3,2026-04-16,2026-04-18,recovered
2777,64,Male,3,2026-04-14,2026-04-18,referred
2778,38,Other,3,2026-04-16,2026-04-23,recovered
2779,35,Male,3,2026-04-19,2026-04-26,deceased
2780,17,Female,3,2026-04-21,2026-04-27,referred
2781,45,Male,3,2026-05-08,2026-05-15,recovered
2782,62,Female,3,2026-05-17,2026-05-25,deceased
2783,58,Other,3,2026-05-05,2026-05-11,referred
2784,52,Female,3,2026-05-09,2026-05-11,deceased
2785,43,Male,3,2026-05-07,2026-05-14,recovered
2786,52,Male,3,2026-05-08,2026-05-12,recovered
2787,37,Male,3,2026-05-12,2026-05-20,recovered
2788,45,Other,3,2026-05-16,2026-05-25,ongoing
2789,24,Other,3,2026-05-07,2026-05-15,ongoing
2790,18,Male,3,2026-05-04,2026-05-08,referred
2791,34,Female,3,2026-05-07,2026-05-13,recovered
2792,44,Male,3,2026-05-23,2026-05-30,recovered
2793,44,Female,3,2026-05-09,2026-05-12,recovered
2794,48,Female,3,2026-05-12,2026-05-17,recovered
2795,52,Male,3,2026-05-21,2026-05-26,recovered
2796,57,Female,3,2026-05-09,2026-05-14,referred
2797,48,Male,3,2026-05-20,2026-05-25,recovered
2798,50,Other,3,2026-05-02,2026-05-10,recovered
2799,51,Male,3,2026-05-12,2026-05-15,referred
2800,33,Female,3,2026-05-14,2026-05-20,recovered
2801,46,Male,3,2026-05-11,2026-05-17,ongoing
2802,25,Other,3,2026-05-25,2026-05-31,recovered
2803,48,Male,3,2026-05-24,2026-05-31,recovered
2804,48,Female,3,2026-05-05,2026-05-08,referred
2805,36,Male,3,2026-05-08,2026-05-11,recovered
2806,54,Female,3,2026-05-11,2026-05-18,recovered
2807,24,Female,3,2026-05-18,2026-05-20,ongoing
2808,56,Female,3,2026-05-27,2026-05-30,recovered
2809,53,Female,3,2026-05-06,2026-05-09,recovered
2810,39,Male,3,2026-05-21,2026-05-28,recovered
2811,45,Female,3,2026-05-21,2026-05-29,deceased
2812,48,Female,3,2026-05-08,2026-05-16,ongoing
2813,45,Male,3,2026-05-11,2026-05-15,ongoing
2814,25,Male,3,2026-05-25,2026-05-29,referred
2815,41,Other,3,2026-05-23,2026-05-30,recovered
2816,43,Female,3,2026-05-07,2026-05-11,recovered
2817,33,Female,3,2026-05-12,2026-05-19,recovered
2818,38,Male,3,2026-05-07,2026-05-10,referred
2819,43,Female,3,2026-05-24,2026-05-30,recovered
2820,57,Other,3,2026-05-27,2026-05-30,recovered
2821,55,Male,3,2026-05-11,2026-05-14,recovered
2822,37,Other,3,2026-05-01,2026-05-06,deceased
2823,55,Male,3,2026-05-13,2026-05-16,referred
2824,53,Other,3,2026-05-28,2026-05-31,referred
2825,41,Other,3,2026-05-24,2026-05-28,deceased
2826,36,Male,3,2026-05-10,2026-05-14,referred
2827,64,Female,3,2026-05-21,2026-05-25,ongoing
2828,28,Female,3,2026-05-01,2026-05-05,deceased
2829,53,Female,3,2026-05-06,2026-05-14,referred
2830,76,Female,3,2026-05-11,2026-05-16,ongoing
2831,27,Male,3,2026-05-25,2026-05-28,deceased
2832,45,Female,3,2026-05-22,2026-05-30,recovered
2833,48,Male,3,2026-05-20,2026-05-23,deceased
2834,45,Male,3,2026-05-01,2026-05-09,recovered
2835,37,Male,3,2026-05-15,2026-05-20,recovered
2836,41,Female,3,2026-05-07,2026-05-13,referred
2837,42,Male,3,2026-05-12,2026-05-15,recovered
2838,46,Female,3,2026-05-10,2026-05-13,deceased
2839,23,Male,3,2026-05-07,2026-05-10,recovered
2840,20,Male,3,2026-05-06,2026-05-08,referred
2841,60,Male,3,2026-05-08,2026-05-13,recovered
2842,31,Female,3,2026-05-01,2026-05-08,recovered
2843,47,Female,3,2026-05-24,2026-05-31,recovered
2844,58,Female,3,2026-05-02,2026-05-07,recovered
2845,49,Male,3,2026-06-01,2026-06-07,referred
2846,46,Female,3,2026-06-10,2026-06-17,deceased
2847,41,Female,3,2026-06-09,2026-06-11,referred
2848,71,Male,3,2026-06-15,2026-06-22,deceased
2849,14,Female,3,2026-06-19,2026-06-27,deceased
2850,57,Male,3,2026-06-08,2026-06-15,recovered
2851,28,Other,3,2026-06-12,2026-06-15,recovered
2852,63,Male,3,2026-06-12,2026-06-18,referred
2853,36,Female,3,2026-06-18,2026-06-24,recovered
2854,62,Female,3,2026-06-19,2026-06-24,recovered
2855,53,Female,3,2026-06-25,2026-06-29,referred
2856,24,Female,3,2026-06-18,2026-06-23,recovered
2857,64,Female,3,2026-06-20,2026-06-24,recovered
2858,68,Female,3,2026-06-25,2026-07-01,recovered
2859,56,Other,3,2026-06-11,2026-06-16,recovered
2860,30,Female,3,2026-06-18,2026-06-24,deceased
2861,68,Female,3,2026-06-26,2026-07-02,recovered
2862,41,Male,3,2026-06-27,2026-07-02,ongoing
2863,45,Other,3,2026-06-18,2026-06-20,referred
2864,45,Male,3,2026-06-06,2026-06-13,recovered
2865,51,Female,3,2026-06-04,2026-06-08,ongoing
2866,33,Female,3,2026-06-22,2026-06-29,ongoing
2867,29,Female,3,2026-06-12,2026-06-19,referred
2868,8,Female,3,2026-06-21,2026-06-26,referred
2869,68,Female,3,2026-06-01,2026-06-09,recovered
2870,40,Male,3,2026-06-03,2026-06-10,recovered
2871,52,Male,3,2026-06-25,2026-06-30,deceased
2872,30,Male,3,2026-06-07,2026-06-09,recovered
2873,54,Male,3,2026-06-04,2026-06-07,recovered
2874,27,Female,3,2026-06-15,2026-06-23,recovered
2875,41,Female,3,2026-06-22,2026-06-27,recovered
2876,34,Other,3,2026-06-07,2026-06-11,ongoing
2877,28,Male,3,2026-06-16,2026-06-22,recovered
2878,33,Male,3,2026-06-11,2026-06-15,referred
2879,32,Male,3,2026-06-16,2026-06-24,recovered
2880,56,Male,3,2026-06-23,2026-06-29,referred
2881,20,Male,3,2026-06-16,2026-06-25,recovered
2882,68,Male,3,2026-06-09,2026-06-15,recovered
2883,40,Female,3,2026-06-24,2026-07-02,referred
2884,40,Female,3,2026-06-11,2026-06-15,recovered
2885,49,Female,3,2026-06-11,2026-06-15,ongoing
2886,19,Female,3,2026-06-14,2026-06-17,ongoing
2887,60,Male,3,2026-06-28,2026-07-05,ongoing
2888,47,Other,3,2026-06-06,2026-06-11,recovered
2889,42,Other,3,2026-06-26,2026-07-04,recovered
2890,41,Female,3,2026-06-23,2026-06-28,recovered
2891,62,Female,3,2026-06-10,2026-06-18,recovered
2892,49,Male,3,2026-06-22,2026-06-25,recovered
2893,68,Female,3,2026-06-16,2026-06-21,deceased
2894,45,Female,3,2026-06-13,2026-06-15,recovered
2895,31,Female,3,2026-06-11,2026-06-19,deceased
2896,37,Male,3,2026-06-23,2026-07-01,recovered
2897,43,Other,3,2026-06-06,2026-06-09,recovered
2898,12,Female,3,2026-06-15,2026-06-20,recovered
2899,38,Male,3,2026-06-23,2026-06-29,recovered
2900,27,Female,3,2026-06-16,2026-06-18,ongoing
2901,42,Male,3,2026-07-03,2026-07-05,recovered
2902,77,Female,3,2026-07-13,2026-07-18,recovered
2903,52,Female,3,2026-07-04,2026-07-06,recovered
2904,49,Male,3,2026-07-22,2026-07-31,ongoing
2905,64,Other,3,2026-07-09,2026-07-14,recovered
2906,41,Female,3,2026-07-04,2026-07-10,recovered
2907,44,Male,3,2026-07-05,2026-07-09,recovered
2908,31,Male,3,2026-07-17,2026-07-24,ongoing
2909,33,Female,3,2026-07-22,2026-07-26,recovered
2910,42,Female,3,2026-07-08,2026-07-16,recovered
2911,38,Female,3,2026-07-22,2026-07-27,ongoing
2912,45,Male,3,2026-07-21,2026-07-27,recovered
2913,18,Male,3,2026-07-22,2026-07-25,recovered
2914,43,Male,3,2026-07-17,2026-07-26,ongoing
2915,45,Male,3,2026-07-06,2026-07-10,recovered
2916,19,Male,3,2026-07-27,2026-07-31,deceased
2917,39,Female,3,2026-07-14,2026-07-16,referred
2918,57,Female,3,2026-07-24,2026-08-01,recovered
2919,49,Female,3,2026-07-20,2026-07-28,ongoing
2920,73,Female,3,2026-07-26,2026-07-31,referred
2921,54,Male,3,2026-07-28,2026-08-04,recovered
2922,60,Other,3,2026-07-25,2026-07-28,recovered
2923,69,Female,3,2026-07-14,2026-07-16,deceased
2924,59,Male,3,2026-07-21,2026-07-23,recovered
2925,55,Male,3,2026-07-09,2026-07-14,deceased
2926,17,Male,3,2026-07-18,2026-07-24,deceased
2927,24,Other,3,2026-07-16,2026-07-21,referred
2928,62,Other,3,2026-07-18,2026-07-26,ongoing
2929,52,Female,3,2026-07-22,2026-07-29,recovered
2930,54,Male,3,2026-07-18,2026-07-23,recovered
2931,43,Other,3,2026-07-21,2026-07-25,recovered
2932,55,Male,3,2026-07-11,2026-07-19,recovered
2933,53,Male,3,2026-07-19,2026-07-22,ongoing
2934,43,Male,3,2026-07-22,2026-07-27,ongoing
2935,51,Female,3,2026-07-14,2026-07-20,deceased
2936,62,Female,3,2026-07-25,2026-08-01,referred
2937,33,Female,3,2026-07-22,2026-07-26,ongoing
2938,41,Male,3,2026-07-17,2026-07-20,referred
2939,51,Female,3,2026-07-08,2026-07-11,referred
2940,20,Female,3,2026-07-26,2026-07-31,recovered
2941,58,Male,3,2026-07-16,2026-07-23,recovered
2942,38,Male,3,2026-07-09,2026-07-15,recovered
2943,46,Female,3,2026-07-13,2026-07-20,deceased
2944,44,Female,3,2026-07-09,2026-07-17,ongoing
2945,31,Male,3,2026-07-19,2026-07-26,recovered
2946,44,Female,3,2026-07-14,2026-07-20,ongoing
2947,39,Female,3,2026-07-04,2026-07-09,recovered
2948,49,Male,3,2026-07-12,2026-07-19,recovered
2949,57,Female,3,2026-07-28,2026-07-31,deceased
2950,55,Female,3,2026-07-04,2026-07-12,recovered
2951,43,Male,3,2026-07-02,2026-07-10,ongoing
2952,44,Female,3,2026-07-24,2026-07-28,recovered
2953,27,Other,3,2026-07-08,2026-07-12,recovered
2954,31,Male,3,2026-07-27,2026-07-31,ongoing
2955,49,Female,3,2026-07-19,2026-07-23,recovered
2956,68,Female,3,2026-07-18,2026-07-24,recovered
2957,55,Female,3,2026-07-19,2026-07-26,recovered
2958,43,Female,3,2026-07-04,2026-07-08,recovered
2959,49,Female,3,2026-07-08,2026-07-13,recovered
2960,52,Male,3,2026-07-04,2026-07-06,recovered
2961,53,Female,3,2026-07-19,2026-07-27,recovered
2962,33,Female,3,2026-07-28,2026-07-31,recovered
2963,31,Female,3,2026-07-05,2026-07-12,recovered
2964,57,Female,3,2026-07-18,2026-07-25,referred
2965,53,Male,3,2026-07-16,2026-07-21,recovered
2966,36,Female,3,2026-07-17,2026-07-23,ongoing
2967,28,Female,3,2026-08-05,2026-08-12,recovered
2968,32,Female,3,2026-08-26,2026-08-31,recovered
2969,45,Female,3,2026-08-12,2026-08-17,recovered
2970,56,Male,3,2026-08-20,2026-08-28,referred
2971,40,Male,3,2026-08-19,2026-08-23,recovered
2972,31,Female,3,2026-08-19,2026-08-23,recovered
2973,31,Female,3,2026-08-16,2026-08-21,recovered
2974,49,Male,3,2026-08-12,2026-08-16,recovered
2975,48,Other,3,2026-08-16,2026-08-19,ongoing
2976,62,Male,3,2026-08-17,2026-08-24,recovered
2977,47,Female,3,2026-08-12,2026-08-14,recovered
2978,65,Male,3,2026-08-20,2026-08-27,recovered
2979,44,Female,3,2026-08-03,2026-08-09,deceased
2980,52,Female,3,2026-08-14,2026-08-18,recovered
2981,35,Male,3,2026-08-14,2026-08-18,ongoing
2982,43,Female,3,2026-08-02,2026-08-08,recovered
2983,37,Male,3,2026-08-18,2026-08-23,deceased
2984,48,Male,3,2026-08-07,2026-08-13,recovered
2985,48,Male,3,2026-08-25,2026-08-28,deceased
2986,37,Male,3,2026-08-15,2026-08-21,referred
2987,54,Male,3,2026-08-06,2026-08-09,recovered
2988,40,Male,3,2026-08-28,2026-08-31,ongoing
2989,40,Female,3,2026-08-27,2026-08-29,recovered
2990,44,Female,3,2026-08-02,2026-08-07,recovered
2991,29,Female,3,2026-08-28,2026-09-03,recovered
2992,62,Male,3,2026-08-15,2026-08-18,referred
2993,41,Female,3,2026-08-08,2026-08-11,recovered
2994,42,Other,3,2026-08-01,2026-08-05,deceased
2995,31,Female,3,2026-08-16,2026-08-23,ongoing
2996,55,Other,3,2026-08-15,2026-08-23,recovered
2997,40,Male,3,2026-08-26,2026-09-01,ongoing
2998,23,Female,3,2026-08-14,2026-08-17,recovered
2999,83,Male,3,2026-08-26,2026-08-28,recovered
3000,64,Female,3,2026-08-20,2026-08-28,recovered
3001,41,Male,3,2026-08-10,2026-08-15,recovered
3002,53,Female,3,2026-08-14,2026-08-21,recovered
3003,45,Male,3,2026-08-28,2026-09-03,recovered
3004,37,Female,3,2026-08-08,2026-08-11,recovered
3005,30,Female,3,2026-08-09,2026-08-14,recovered
3006,48,Male,3,2026-08-05,2026-08-10,recovered
3007,54,Male,3,2026-08-05,2026-08-13,recovered
3008,39,Female,3,2026-08-15,2026-08-23,recovered
3009,52,Male,3,2026-08-20,2026-08-24,deceased
3010,29,Male,3,2026-08-28,2026-09-02,recovered
3011,43,Male,3,2026-08-07,2026-08-11,recovered
3012,44,Male,3,2026-08-24,2026-08-31,recovered
3013,36,Female,3,2026-08-01,2026-08-06,recovered
3014,35,Female,3,2026-08-11,2026-08-18,recovered
3015,28,Other,3,2026-08-20,2026-08-24,recovered
3016,62,Female,3,2026-08-15,2026-08-22,deceased
3017,48,Other,3,2026-08-17,2026-08-19,ongoing
3018,23,Female,3,2026-08-03,2026-08-12,deceased
3019,40,Male,3,2026-08-13,2026-08-17,recovered
3020,23,Female,3,2026-08-05,2026-08-12,recovered
3021,41,Male,3,2026-08-20,2026-08-25,recovered
3022,47,Other,3,2026-08-05,2026-08-08,recovered
3023,55,Other,3,2026-08-14,2026-08-21,recovered
3024,35,Male,3,2026-09-07,2026-09-09,recovered
3025,41,Female,3,2026-09-28,2026-09-30,recovered
3026,21,Female,3,2026-09-06,2026-09-14,recovered
3027,49,Male,3,2026-09-03,2026-09-09,deceased
3028,33,Male,3,2026-09-16,2026-09-24,ongoing
3029,62,Male,3,2026-09-18,2026-09-24,ongoing
3030,32,Other,3,2026-09-05,2026-09-11,ongoing
3031,21,Female,3,2026-09-22,2026-09-26,deceased
3032,29,Male,3,2026-09-01,2026-09-06,recovered
3033,85,Male,3,2026-09-17,2026-09-21,ongoing
3034,38,Male,3,2026-09-10,2026-09-17,recovered
3035,48,Female,3,2026-09-27,2026-09-30,recovered
3036,68,Other,3,2026-09-05,2026-09-13,ongoing
3037,31,Male,3,2026-09-12,2026-09-17,recovered
3038,55,Female,3,2026-09-08,2026-09-11,referred
3039,49,Female,3,2026-09-03,2026-09-10,deceased
3040,42,Female,3,2026-09-14,2026-09-17,recovered
3041,52,Female,3,2026-09-11,2026-09-19,recovered
3042,51,Female,3,2026-09-19,2026-09-22,deceased
3043,38,Female,3,2026-09-08,2026-09-12,ongoing
3044,39,Male,3,2026-09-11,2026-09-17,recovered
3045,44,Female,3,2026-09-03,2026-09-06,recovered
3046,37,Female,3,2026-09-03,2026-09-11,recovered
3047,55,Male,3,2026-09-01,2026-09-06,referred
3048,47,Male,3,2026-09-22,2026-09-30,referred
3049,50,Male,3,2026-09-19,2026-09-22,recovered
3050,54,Male,3,2026-09-19,2026-09-22,ongoing
3051,47,Female,3,2026-09-01,2026-09-08,deceased
3052,52,Other,3,2026-09-16,2026-09-19,recovered
3053,61,Female,3,2026-09-20,2026-09-28,recovered
3054,52,Male,3,2026-09-15,2026-09-21,recovered
3055,29,Female,3,2026-09-21,2026-09-28,referred
3056,43,Male,3,2026-09-10,2026-09-12,referred
3057,49,Other,3,2026-09-06,2026-09-13,recovered
3058,33,Female,3,2026-09-10,2026-09-16,recovered
3059,52,Male,3,2026-09-26,2026-10-04,recovered
3060,20,Female,3,2026-09-08,2026-09-13,recovered
3061,50,Female,3,2026-09-03,2026-09-05,recovered
3062,39,Male,3,2026-09-05,2026-09-12,deceased
3063,26,Female,3,2026-09-11,2026-09-18,recovered
3064,34,Other,3,2026-09-04,2026-09-12,referred
3065,37,Male,3,2026-09-19,2026-09-23,recovered
3066,17,Male,3,2026-09-06,2026-09-11,recovered
3067,51,Female,3,2026-09-02,2026-09-04,deceased
3068,36,Female,3,2026-09-16,2026-09-21,deceased
3069,21,Female,3,2026-09-23,2026-10-01,referred
3070,52,Other,3,2026-09-11,2026-09-19,deceased
3071,50,Male,3,2026-09-23,2026-09-26,recovered
3072,39,Male,3,2026-09-03,2026-09-08,recovered
3073,46,Male,3,2026-09-02,2026-09-10,recovered
3074,63,Male,3,2026-09-24,2026-09-27,deceased
3075,39,Male,3,2026-09-01,2026-09-07,recovered
3076,21,Other,3,2026-09-01,2026-09-04,recovered
3077,33,Other,3,2026-09-07,2026-09-10,recovered
3078,21,Other,3,2026-09-17,2026-09-22,ongoing
3079,52,Male,3,2026-09-20,2026-09-28,recovered
3080,66,Male,3,2026-09-24,2026-09-30,ongoing
3081,44,Other,3,2026-09-25,2026-09-30,referred
3082,47,Female,3,2026-09-26,2026-09-28,recovered
3083,67,Female,3,2026-09-20,2026-09-26,recovered
3084,33,Male,3,2026-09-09,2026-09-13,deceased
3085,33,Male,3,2026-09-08,2026-09-14,ongoing
3086,38,Female,3,2026-09-08,2026-09-10,recovered
3087,50,Male,3,2026-09-13,2026-09-15,ongoing
3088,46,Female,3,2026-09-27,2026-10-05,recovered
3089,42,Male,3,2026-09-17,2026-09-25,deceased
3090,22,Female,3,2026-09-20,2026-09-26,ongoing
3091,23,Female,3,2026-09-07,2026-09-13,recovered
3092,37,Female,3,2026-09-18,2026-09-25,ongoing
3093,42,Female,3,2026-09-21,2026-09-24,recovered
3094,40,Male,3,2026-09-01,2026-09-04,recovered
3095,44,Female,3,2026-09-22,2026-09-26,recovered
3096,52,Male,4,2025-10-12,2025-10-14,recovered
3097,41,Female,4,2025-10-18,2025-10-23,deceased
3098,40,Male,4,2025-10-04,2025-10-10,recovered
3099,53,Female,4,2025-10-03,2025-10-08,recovered
3100,14,Male,4,2025-10-25,2025-10-29,ongoing
3101,29,Female,4,2025-10-25,2025-10-31,referred
3102,41,Male,4,2025-10-20,2025-10-23,recovered
3103,55,Other,4,2025-10-26,2025-10-28,recovered
3104,66,Other,4,2025-10-24,2025-10-25,deceased
3105,52,Male,4,2025-10-26,2025-10-31,recovered
3106,44,Other,4,2025-10-17,2025-10-22,recovered
3107,45,Male,4,2025-10-16,2025-10-22,deceased
3108,32,Female,4,2025-10-13,2025-10-18,recovered
3109,48,Female,4,2025-10-26,2025-10-30,ongoing
3110,36,Other,4,2025-10-21,2025-10-25,referred
3111,54,Female,4,2025-10-23,2025-10-25,ongoing
3112,44,Male,4,2025-10-25,2025-10-29,referred
3113,59,Male,4,2025-10-12,2025-10-14,ongoing
3114,48,Male,4,2025-10-12,2025-10-13,referred
3115,63,Female,4,2025-10-11,2025-10-14,recovered
3116,14,Other,4,2025-10-05,2025-10-11,ongoing
3117,32,Other,4,2025-10-18,2025-10-23,ongoing
3118,36,Male,4,2025-10-24,2025-10-29,ongoing
3119,50,Male,4,2025-10-26,2025-10-28,ongoing
3120,34,Male,4,2025-10-27,2025-10-31,deceased
3121,34,Female,4,2025-10-04,2025-10-06,referred
3122,77,Female,4,2025-10-09,2025-10-14,recovered
3123,80,Male,4,2025-10-11,2025-10-17,recovered
3124,40,Male,4,2025-10-16,2025-10-19,recovered
3125,43,Male,4,2025-10-01,2025-10-03,deceased
3126,53,Other,4,2025-10-05,2025-10-11,ongoing
3127,72,Male,4,2025-10-28,2025-10-30,recovered
3128,68,Female,4,2025-10-04,2025-10-06,ongoing
3129,55,Other,4,2025-10-26,2025-10-28,deceased
3130,48,Male,4,2025-10-18,2025-10-24,deceased
3131,26,Male,4,2025-10-23,2025-10-27,ongoing
3132,35,Female,4,2025-10-22,2025-10-25,deceased
3133,49,Male,4,2025-10-02,2025-10-05,recovered
3134,40,Male,4,2025-10-24,2025-10-26,recovered
3135,48,Male,4,2025-10-19,2025-10-20,recovered
3136,42,Female,4,2025-10-18,2025-10-20,ongoing
3137,45,Female,4,2025-10-18,2025-10-24,referred
3138,57,Male,4,2025-10-19,2025-10-24,referred
3139,49,Female,4,2025-10-26,2025-10-27,referred
3140,65,Other,4,2025-10-27,2025-11-02,recovered
3141,34,Female,4,2025-10-14,2025-10-15,recovered
3142,43,Female,4,2025-10-18,2025-10-21,recovered
3143,50,Male,4,2025-10-20,2025-10-25,recovered
3144,60,Female,4,2025-10-13,2025-10-19,ongoing
3145,24,Female,4,2025-10-10,2025-10-13,recovered
3146,26,Male,4,2025-10-21,2025-10-25,recovered
3147,44,Other,4,2025-10-13,2025-10-17,recovered
3148,24,Male,4,2025-10-27,2025-11-01,referred
3149,90,Male,4,2025-10-08,2025-10-10,referred
3150,56,Female,4,2025-10-03,2025-10-08,recovered
3151,27,Male,4,2025-10-09,2025-10-15,deceased
3152,36,Male,4,2025-10-23,2025-10-24,recovered
3153,56,Male,4,2025-10-07,2025-10-11,deceased
3154,60,Female,4,2025-10-12,2025-10-15,recovered
3155,41,Female,4,2025-10-22,2025-10-26,recovered
3156,64,Female,4,2025-10-13,2025-10-16,recovered
3157,35,Female,4,2025-10-16,2025-10-22,recovered
3158,48,Male,4,2025-10-06,2025-10-08,referred
3159,46,Male,4,2025-10-15,2025-10-19,recovered
3160,51,Female,4,2025-10-10,2025-10-13,deceased
3161,45,Female,4,2025-10-01,2025-10-05,recovered
3162,40,Female,4,2025-10-10,2025-10-15,recovered
3163,63,Male,4,2025-10-23,2025-10-29,recovered
3164,15,Female,4,2025-10-16,2025-10-18,recovered
3165,35,Other,4,2025-10-25,2025-10-28,ongoing
3166,45,Male,4,2025-10-21,2025-10-27,recovered
3167,44,Other,4,2025-10-24,2025-10-27,deceased
3168,51,Male,4,2025-10-10,2025-10-15,recovered
3169,67,Male,4,2025-10-19,2025-10-25,deceased
3170,62,Other,4,2025-10-08,2025-10-13,deceased
3171,71,Female,4,2025-10-20,2025-10-24,ongoing
3172,31,Male,4,2025-10-01,2025-10-03,recovered
3173,28,Male,4,2025-10-25,2025-10-30,recovered
3174,39,Male,4,2025-10-07,2025-10-09,referred
3175,41,Female,4,2025-10-25,2025-10-28,referred
3176,34,Other,4,2025-10-13,2025-10-18,ongoing
3177,31,Female,4,2025-10-19,2025-10-22,recovered
3178,57,Male,4,2025-10-02,2025-10-08,recovered
3179,40,Other,4,2025-10-25,2025-10-28,recovered
3180,53,Other,4,2025-10-23,2025-10-25,recovered
3181,59,Other,4,2025-10-08,2025-10-11,referred
3182,49,Other,4,2025-10-03,2025-10-05,recovered
3183,44,Male,4,2025-10-23,2025-10-25,recovered
3184,35,Other,4,2025-10-09,2025-10-10,recovered
3185,27,Female,4,2025-10-04,2025-10-10,recovered
3186,23,Other,4,2025-10-11,2025-10-17,recovered
3187,49,Female,4,2025-10-03,2025-10-08,recovered
3188,29,Other,4,2025-10-16,2025-10-21,recovered
3189,40,Female,4,2025-10-22,2025-10-27,deceased
3190,14,Male,4,2025-10-07,2025-10-12,recovered
3191,47,Male,4,2025-10-03,2025-10-07,recovered
3192,62,Male,4,2025-10-23,2025-10-26,deceased
3193,56,Other,4,2025-10-15,2025-10-19,recovered
3194,63,Female,4,2025-10-22,2025-10-25,deceased
3195,53,Female,4,2025-10-06,2025-10-09,recovered
3196,47,Male,4,2025-10-05,2025-10-08,referred
3197,49,Female,4,2025-10-15,2025-10-18,recovered
3198,49,Male,4,2025-10-21,2025-10-26,deceased
3199,35,Female,4,2025-10-22,2025-10-26,recovered
3200,21,Male,4,2025-10-13,2025-10-14,recovered
3201,52,Male,4,2025-10-18,2025-10-20,deceased
3202,33,Female,4,2025-10-06,2025-10-08,recovered
3203,42,Other,4,2025-10-04,2025-10-08,referred
3204,37,Other,4,2025-10-18,2025-10-24,ongoing
3205,50,Other,4,2025-10-19,2025-10-25,ongoing
3206,39,Female,4,2025-10-22,2025-10-26,recovered
3207,47,Male,4,2025-10-06,2025-10-10,ongoing
3208,34,Male,4,2025-10-07,2025-10-13,recovered
3209,47,Male,4,2025-10-13,2025-10-16,deceased
3210,30,Female,4,2025-10-19,2025-10-21,recovered
3211,19,Other,4,2025-10-08,2025-10-13,recovered
3212,39,Other,4,2025-10-13,2025-10-19,referred
3213,52,Female,4,2025-10-24,2025-10-29,deceased
3214,47,Male,4,2025-10-05,2025-10-08,ongoing
3215,52,Other,4,2025-10-28,2025-11-01,recovered
3216,38,Male,4,2025-10-11,2025-10-15,recovered
3217,50,Female,4,2025-10-09,2025-10-12,recovered
3218,51,Female,4,2025-10-28,2025-11-03,deceased
3219,34,Other,4,2025-10-26,2025-10-28,recovered
3220,32,Other,4,2025-10-03,2025-10-06,recovered
3221,25,Male,4,2025-10-24,2025-10-29,recovered
3222,49,Male,4,2025-10-02,2025-10-07,deceased
3223,58,Male,4,2025-10-22,2025-10-27,recovered
3224,28,Other,4,2025-10-06,2025-10-11,recovered
3225,21,Female,4,2025-10-03,2025-10-08,deceased
3226,47,Male,4,2025-10-18,2025-10-23,deceased
3227,28,Male,4,2025-10-21,2025-10-26,recovered
3228,31,Other,4,2025-10-13,2025-10-18,referred
3229,44,Female,4,2025-10-10,2025-10-15,ongoing
3230,50,Female,4,2025-10-22,2025-10-26,recovered
3231,45,Male,4,2025-10-16,2025-10-20,ongoing
3232,37,Male,4,2025-10-20,2025-10-25,recovered
3233,42,Other,4,2025-10-16,2025-10-18,recovered
3234,46,Female,4,2025-10-01,2025-10-06,recovered
3235,63,Male,4,2025-10-12,2025-10-17,ongoing
3236,56,Other,4,2025-10-05,2025-10-08,recovered
3237,49,Male,4,2025-10-08,2025-10-11,recovered
3238,29,Male,4,2025-10-22,2025-10-24,deceased
3239,42,Male,4,2025-10-06,2025-10-11,referred
3240,47,Female,4,2025-10-16,2025-10-18,recovered
3241,33,Male,4,2025-10-14,2025-10-18,deceased
3242,35,Other,4,2025-10-01,2025-10-06,recovered
3243,44,Male,4,2025-10-05,2025-10-07,deceased
3244,49,Other,4,2025-10-13,2025-10-16,recovered
3245,44,Male,4,2025-10-18,2025-10-24,deceased
3246,34,Female,4,2025-10-21,2025-10-23,recovered
3247,28,Other,4,2025-10-08,2025-10-12,referred
3248,60,Female,4,2025-10-03,2025-10-06,recovered
3249,38,Male,4,2025-10-22,2025-10-24,referred
3250,27,Male,4,2025-10-06,2025-10-10,recovered
3251,45,Female,4,2025-10-10,2025-10-12,recovered
3252,58,Other,4,2025-10-24,2025-10-29,recovered
3253,54,Female,4,2025-10-07,2025-10-09,deceased
3254,42,Male,4,2025-10-02,2025-10-07,referred
3255,57,Male,4,2025-10-13,2025-10-15,deceased
3256,40,Female,4,2025-10-28,2025-10-30,deceased
3257,33,Female,4,2025-10-08,2025-10-13,recovered
3258,57,Male,4,2025-10-07,2025-10-13,referred
3259,36,Male,4,2025-10-03,2025-10-07,ongoing
3260,67,Other,4,2025-10-19,2025-10-25,ongoing
3261,43,Other,4,2025-10-01,2025-10-06,referred
3262,32,Male,4,2025-10-17,2025-10-21,recovered
3263,20,Male,4,2025-10-24,2025-10-30,referred
3264,50,Male,4,2025-10-23,2025-10-26,referred
3265,50,Female,4,2025-10-21,2025-10-23,recovered
3266,37,Female,4,2025-10-25,2025-10-30,deceased
3267,36,Female,4,2025-10-17,2025-10-20,referred
3268,64,Male,4,2025-10-08,2025-10-13,recovered
3269,30,Male,4,2025-10-04,2025-10-09,ongoing
3270,49,Female,4,2025-10-02,2025-10-06,recovered
3271,38,Female,4,2025-10-19,2025-10-21,recovered
3272,30,Female,4,2025-10-21,2025-10-24,recovered
3273,39,Other,4,2025-10-14,2025-10-20,deceased
3274,12,Male,4,2025-10-17,2025-10-21,recovered
3275,31,Other,4,2025-10-04,2025-10-08,referred
3276,44,Male,4,2025-10-28,2025-11-01,recovered
3277,68,Other,4,2025-10-06,2025-10-08,recovered
3278,49,Male,4,2025-10-11,2025-10-16,ongoing
3279,42,Female,4,2025-10-05,2025-10-11,recovered
3280,44,Male,4,2025-11-23,2025-11-27,deceased
3281,42,Male,4,2025-11-20,2025-11-22,ongoing
3282,31,Male,4,2025-11-22,2025-11-24,ongoing
3283,49,Other,4,2025-11-26,2025-11-29,recovered
3284,41,Other,4,2025-11-26,2025-11-28,referred
3285,53,Female,4,2025-11-25,2025-11-29,recovered
3286,52,Male,4,2025-11-17,2025-11-21,ongoing
3287,38,Female,4,2025-11-05,2025-11-10,recovered
3288,49,Female,4,2025-11-20,2025-11-24,recovered
3289,37,Male,4,2025-11-08,2025-11-12,recovered
3290,56,Male,4,2025-11-02,2025-11-07,recovered
3291,48,Male,4,2025-11-17,2025-11-21,referred
3292,43,Male,4,2025-11-01,2025-11-06,recovered
3293,13,Male,4,2025-11-16,2025-11-22,ongoing
3294,60,Female,4,2025-11-23,2025-11-25,recovered
3295,74,Male,4,2025-11-25,2025-12-01,ongoing
3296,33,Female,4,2025-11-07,2025-11-10,ongoing
3297,46,Female,4,2025-11-03,2025-11-08,recovered
3298,31,Female,4,2025-11-11,2025-11-17,recovered
3299,44,Male,4,2025-11-06,2025-11-11,deceased
3300,57,Female,4,2025-11-14,2025-11-18,recovered
3301,34,Other,4,2025-11-19,2025-11-21,referred
3302,34,Other,4,2025-11-05,2025-11-09,deceased
3303,51,Male,4,2025-11-09,2025-11-12,ongoing
3304,43,Female,4,2025-11-01,2025-11-06,deceased
3305,47,Other,4,2025-11-07,2025-11-10,referred
3306,71,Male,4,2025-11-17,2025-11-19,recovered
3307,39,Male,4,2025-11-08,2025-11-13,referred
3308,40,Male,4,2025-11-12,2025-11-16,ongoing
3309,33,Male,4,2025-11-27,2025-11-29,deceased
3310,57,Female,4,2025-11-10,2025-11-13,recovered
3311,62,Female,4,2025-11-23,2025-11-29,recovered
3312,44,Other,4,2025-11-25,2025-11-29,ongoing
3313,27,Male,4,2025-11-21,2025-11-24,deceased
3314,27,Other,4,2025-11-18,2025-11-23,referred
3315,46,Male,4,2025-11-24,2025-11-29,ongoing
3316,18,Male,4,2025-11-10,2025-11-12,ongoing
3317,38,Other,4,2025-11-13,2025-11-18,recovered
3318,41,Other,4,2025-11-10,2025-11-12,recovered
3319,53,Female,4,2025-11-19,2025-11-23,recovered
3320,43,Female,4,2025-11-04,2025-11-06,recovered
3321,58,Other,4,2025-11-25,2025-11-27,recovered
3322,42,Male,4,2025-11-14,2025-11-18,ongoing
3323,35,Female,4,2025-11-16,2025-11-18,recovered
3324,33,Female,4,2025-11-21,2025-11-25,recovered
3325,42,Female,4,2025-11-18,2025-11-24,recovered
3326,29,Male,4,2025-11-22,2025-11-27,referred
3327,25,Other,4,2025-11-08,2025-11-14,deceased
3328,42,Male,4,2025-11-01,2025-11-07,deceased
3329,71,Male,4,2025-11-01,2025-11-07,recovered
3330,38,Female,4,2025-11-23,2025-11-27,recovered
3331,49,Other,4,2025-11-01,2025-11-05,deceased
3332,38,Female,4,2025-11-12,2025-11-16,recovered
3333,47,Female,4,2025-11-22,2025-11-25,recovered
3334,32,Female,4,2025-11-14,2025-11-19,recovered
3335,27,Female,4,2025-11-18,2025-11-22,deceased
3336,53,Male,4,2025-11-07,2025-11-12,ongoing
3337,45,Female,4,2025-11-11,2025-11-17,deceased
3338,34,Female,4,2025-11-09,2025-11-12,recovered
3339,39,Male,4,2025-11-19,2025-11-24,deceased
3340,59,Female,4,2025-11-01,2025-11-07,recovered
3341,71,Female,4,2025-11-25,2025-11-28,ongoing
3342,46,Female,4,2025-11-13,2025-11-19,recovered
3343,58,Female,4,2025-11-02,2025-11-04,recovered
3344,43,Other,4,2025-11-03,2025-11-08,recovered
3345,47,Male,4,2025-11-27,2025-12-03,recovered
3346,41,Male,4,2025-11-17,2025-11-19,recovered
3347,64,Male,4,2025-11-10,2025-11-15,recovered
3348,54,Other,4,2025-11-14,2025-11-19,recovered
3349,32,Female,4,2025-11-28,2025-12-02,recovered
3350,49,Male,4,2025-11-24,2025-11-27,recovered
3351,28,Female,4,2025-11-01,2025-11-07,recovered
3352,51,Female,4,2025-11-02,2025-11-07,recovered
3353,57,Other,4,2025-11-24,2025-11-27,recovered
3354,29,Male,4,2025-11-12,2025-11-13,referred
3355,34,Female,4,2025-11-28,2025-12-02,recovered
3356,34,Other,4,2025-11-06,2025-11-10,recovered
3357,75,Other,4,2025-11-25,2025-11-30,recovered
3358,49,Female,4,2025-11-03,2025-11-09,recovered
3359,75,Male,4,2025-11-15,2025-11-18,recovered
3360,32,Female,4,2025-11-23,2025-11-29,recovered
3361,39,Male,4,2025-11-13,2025-11-15,recovered
3362,43,Female,4,2025-11-28,2025-12-04,referred
3363,51,Female,4,2025-11-04,2025-11-06,deceased
3364,56,Other,4,2025-11-14,2025-11-17,referred
3365,27,Male,4,2025-11-11,2025-11-13,recovered
3366,45,Female,4,2025-11-04,2025-11-06,recovered
3367,38,Female,4,2025-11-22,2025-11-26,deceased
3368,61,Female,4,2025-11-19,2025-11-22,deceased
3369,68,Female,4,2025-11-13,2025-11-16,recovered
3370,51,Female,4,2025-11-10,2025-11-16,recovered
3371,51,Other,4,2025-11-07,2025-11-12,recovered
3372,33,Female,4,2025-11-05,2025-11-11,referred
3373,45,Female,4,2025-11-17,2025-11-19,referred
3374,47,Other,4,2025-11-03,2025-11-09,ongoing
3375,37,Female,4,2025-11-27,2025-11-29,recovered
3376,37,Female,4,2025-11-19,2025-11-23,deceased
3377,24,Female,4,2025-11-24,2025-11-29,deceased
3378,53,Male,4,2025-11-27,2025-12-01,deceased
3379,40,Male,4,2025-11-17,2025-11-19,recovered
3380,34,Female,4,2025-11-08,2025-11-12,referred
3381,40,Female,4,2025-11-01,2025-11-05,recovered
3382,29,Male,4,2025-11-22,2025-11-28,recovered
3383,19,Female,4,2025-11-16,2025-11-21,recovered
3384,63,Female,4,2025-11-17,2025-11-22,deceased
3385,46,Female,4,2025-11-26,2025-11-27,recovered
3386,32,Female,4,2025-11-22,2025-11-28,recovered
3387,42,Female,4,2025-11-21,2025-11-24,referred
3388,39,Male,4,2025-11-28,2025-12-03,deceased
3389,39,Male,4,2025-11-11,2025-11-15,recovered
3390,47,Male,4,2025-11-19,2025-11-21,ongoing
3391,62,Female,4,2025-11-21,2025-11-26,recovered
3392,78,Female,4,2025-11-19,2025-11-22,deceased
3393,29,Male,4,2025-11-20,2025-11-26,recovered
3394,39,Other,4,2025-11-14,2025-11-18,recovered
3395,52,Male,4,2025-11-26,2025-11-30,deceased
3396,45,Other,4,2025-11-11,2025-11-16,referred
3397,52,Other,4,2025-11-24,2025-11-27,referred
3398,33,Male,4,2025-11-23,2025-11-26,referred
3399,24,Other,4,2025-11-05,2025-11-08,ongoing
3400,29,Male,4,2025-11-18,2025-11-23,recovered
3401,30,Male,4,2025-11-12,2025-11-16,referred
3402,40,Male,4,2025-11-21,2025-11-25,recovered
3403,34,Female,4,2025-11-08,2025-11-14,ongoing
3404,52,Female,4,2025-11-25,2025-12-01,recovered
3405,41,Other,4,2025-11-20,2025-11-24,recovered
3406,48,Female,4,2025-11-24,2025-11-29,recovered
3407,39,Other,4,2025-11-20,2025-11-24,ongoing
3408,50,Female,4,2025-11-14,2025-11-18,deceased
3409,36,Male,4,2025-11-27,2025-11-29,deceased
3410,44,Other,4,2025-11-21,2025-11-25,recovered
3411,35,Male,4,2025-11-13,2025-11-18,recovered
3412,23,Male,4,2025-11-23,2025-11-26,referred
3413,58,Other,4,2025-11-28,2025-12-01,recovered
3414,44,Male,4,2025-11-22,2025-11-26,recovered
3415,41,Male,4,2025-11-22,2025-11-24,deceased
3416,61,Female,4,2025-11-12,2025-11-15,ongoing
3417,39,Other,4,2025-11-13,2025-11-17,recovered
3418,49,Female,4,2025-11-06,2025-11-11,referred
3419,58,Female,4,2025-11-18,2025-11-23,deceased
3420,25,Other,4,2025-11-07,2025-11-11,recovered
3421,43,Male,4,2025-11-11,2025-11-14,recovered
3422,65,Female,4,2025-11-18,2025-11-23,recovered
3423,53,Other,4,2025-11-11,2025-11-14,recovered
3424,43,Male,4,2025-11-28,2025-12-03,ongoing
3425,38,Other,4,2025-11-20,2025-11-25,recovered
3426,51,Male,4,2025-11-18,2025-11-23,recovered
3427,34,Female,4,2025-11-01,2025-11-07,deceased
3428,45,Other,4,2025-11-18,2025-11-21,recovered
3429,34,Female,4,2025-11-25,2025-11-29,recovered
3430,22,Other,4,2025-11-07,2025-11-10,recovered
3431,47,Male,4,2025-11-22,2025-11-28,recovered
3432,40,Male,4,2025-11-20,2025-11-24,recovered
3433,40,Male,4,2025-11-17,2025-11-23,recovered
3434,53,Female,4,2025-11-27,2025-11-30,recovered
3435,33,Male,4,2025-11-03,2025-11-06,recovered
3436,48,Female,4,2025-11-04,2025-11-06,recovered
3437,51,Other,4,2025-11-20,2025-11-26,recovered
3438,31,Female,4,2025-11-08,2025-11-13,deceased
3439,55,Female,4,2025-11-11,2025-11-13,referred
3440,42,Male,4,2025-11-28,2025-12-03,recovered
3441,57,Female,4,2025-11-25,2025-11-30,recovered
3442,47,Male,4,2025-11-20,2025-11-24,referred
3443,28,Female,4,2025-11-19,2025-11-23,deceased
3444,38,Male,4,2025-11-16,2025-11-17,recovered
3445,19,Male,4,2025-11-08,2025-11-14,recovered
3446,40,Male,4,2025-11-06,2025-11-12,ongoing
3447,47,Male,4,2025-11-26,2025-12-02,deceased
3448,31,Female,4,2025-11-25,2025-11-29,deceased
3449,34,Female,4,2025-11-25,2025-11-29,recovered
3450,48,Other,4,2025-11-16,2025-11-21,recovered
3451,30,Female,4,2025-12-22,2025-12-25,recovered
3452,29,Other,4,2025-12-26,2026-01-01,recovered
3453,38,Male,4,2025-12-06,2025-12-10,recovered
3454,62,Male,4,2025-12-26,2025-12-31,recovered
3455,48,Female,4,2025-12-05,2025-12-11,deceased
3456,45,Female,4,2025-12-10,2025-12-13,ongoing
3457,53,Male,4,2025-12-21,2025-12-27,deceased
3458,49,Male,4,2025-12-11,2025-12-17,recovered
3459,28,Female,4,2025-12-01,2025-12-04,ongoing
3460,46,Male,4,2025-12-24,2025-12-26,recovered
3461,26,Female,4,2025-12-10,2025-12-13,ongoing
3462,42,Female,4,2025-12-20,2025-12-26,recovered
3463,33,Female,4,2025-12-16,2025-12-22,recovered
3464,15,Male,4,2025-12-21,2025-12-26,referred
3465,57,Other,4,2025-12-14,2025-12-16,referred
3466,45,Male,4,2025-12-23,2025-12-25,recovered
3467,53,Female,4,2025-12-07,2025-12-13,referred
3468,48,Male,4,2025-12-18,2025-12-23,referred
3469,53,Female,4,2025-12-05,2025-12-07,deceased
3470,48,Male,4,2025-12-21,2025-12-22,ongoing
3471,42,Other,4,2025-12-03,2025-12-05,recovered
3472,17,Female,4,2025-12-14,2025-12-17,recovered
3473,35,Female,4,2025-12-23,2025-12-27,recovered
3474,58,Female,4,2025-12-17,2025-12-22,recovered
3475,36,Male,4,2025-12-26,2025-12-28,referred
3476,57,Male,4,2025-12-12,2025-12-16,recovered
3477,65,Male,4,2025-12-05,2025-12-08,recovered
3478,20,Female,4,2025-12-20,2025-12-22,recovered
3479,43,Other,4,2025-12-22,2025-12-26,deceased
3480,31,Male,4,2025-12-06,2025-12-11,referred
3481,36,Female,4,2025-12-16,2025-12-18,deceased
3482,47,Other,4,2025-12-23,2025-12-28,referred
3483,74,Male,4,2025-12-19,2025-12-25,recovered
3484,36,Other,4,2025-12-06,2025-12-08,ongoing
3485,69,Female,4,2025-12-07,2025-12-12,deceased
3486,22,Other,4,2025-12-11,2025-12-16,recovered
3487,37,Female,4,2025-12-21,2025-12-24,recovered
3488,42,Female,4,2025-12-21,2025-12-24,deceased
3489,33,Male,4,2025-12-19,2025-12-25,recovered
3490,42,Female,4,2025-12-14,2025-12-16,referred
3491,49,Male,4,2025-12-24,2025-12-30,recovered
3492,68,Male,4,2025-12-01,2025-12-05,deceased
3493,59,Male,4,2025-12-09,2025-12-13,recovered
3494,40,Other,4,2025-12-15,2025-12-19,recovered
3495,47,Male,4,2025-12-01,2025-12-03,recovered
3496,49,Other,4,2025-12-08,2025-12-13,recovered
3497,38,Female,4,2025-12-25,2025-12-29,referred
3498,45,Other,4,2025-12-27,2025-12-30,ongoing
3499,59,Male,4,2025-12-17,2025-12-20,recovered
3500,64,Male,4,2025-12-26,2025-12-29,ongoing
3501,52,Other,4,2025-12-07,2025-12-09,recovered
3502,37,Female,4,2025-12-20,2025-12-25,ongoing
3503,33,Female,4,2025-12-17,2025-12-21,referred
3504,39,Male,4,2025-12-24,2025-12-29,referred
3505,46,Male,4,2025-12-17,2025-12-20,deceased
3506,61,Male,4,2025-12-27,2026-01-02,recovered
3507,35,Male,4,2025-12-01,2025-12-04,deceased
3508,73,Other,4,2025-12-19,2025-12-25,recovered
3509,29,Female,4,2025-12-04,2025-12-08,deceased
3510,67,Male,4,2025-12-24,2025-12-28,recovered
3511,24,Other,4,2025-12-25,2025-12-27,referred
3512,34,Male,4,2025-12-12,2025-12-17,recovered
3513,32,Female,4,2025-12-07,2025-12-11,recovered
3514,27,Male,4,2025-12-20,2025-12-25,ongoing
3515,62,Female,4,2025-12-14,2025-12-20,recovered
3516,55,Female,4,2025-12-20,2025-12-26,recovered
3517,44,Female,4,2025-12-02,2025-12-07,recovered
3518,38,Female,4,2025-12-28,2026-01-02,recovered
3519,49,Male,4,2025-12-15,2025-12-20,recovered
3520,50,Male,4,2025-12-04,2025-12-07,recovered
3521,42,Female,4,2025-12-06,2025-12-08,referred
3522,42,Other,4,2025-12-11,2025-12-16,deceased
3523,50,Female,4,2025-12-15,2025-12-21,recovered
3524,62,Female,4,2025-12-10,2025-12-14,recovered
3525,53,Male,4,2025-12-11,2025-12-13,deceased
3526,45,Male,4,2025-12-17,2025-12-19,recovered
3527,61,Female,4,2025-12-04,2025-12-06,referred
3528,47,Male,4,2025-12-17,2025-12-19,deceased
3529,41,Other,4,2025-12-01,2025-12-05,recovered
3530,51,Other,4,2025-12-13,2025-12-15,recovered
3531,57,Female,4,2025-12-23,2025-12-29,deceased
3532,44,Male,4,2025-12-26,2025-12-28,deceased
3533,33,Other,4,2025-12-07,2025-12-12,recovered
3534,39,Male,4,2025-12-27,2025-12-28,recovered
3535,42,Male,4,2025-12-15,2025-12-17,ongoing
3536,58,Female,4,2025-12-11,2025-12-15,recovered
3537,45,Male,4,2025-12-25,2025-12-31,referred
3538,48,Female,4,2025-12-25,2025-12-27,recovered
3539,39,Female,4,2025-12-02,2025-12-05,ongoing
3540,51,Female,4,2025-12-16,2025-12-19,ongoing
3541,38,Female,4,2025-12-20,2025-12-22,recovered
3542,11,Female,4,2025-12-28,2026-01-01,recovered
3543,41,Male,4,2025-12-05,2025-12-07,recovered
3544,63,Female,4,2025-12-11,2025-12-14,deceased
3545,65,Male,4,2025-12-22,2025-12-27,recovered
3546,45,Male,4,2025-12-08,2025-12-10,ongoing
3547,32,Female,4,2025-12-12,2025-12-18,recovered
3548,53,Male,4,2025-12-14,2025-12-20,ongoing
3549,25,Male,4,2025-12-03,2025-12-06,recovered
3550,32,Female,4,2025-12-10,2025-12-14,recovered
3551,64,Male,4,2025-12-09,2025-12-13,recovered
3552,60,Male,4,2025-12-14,2025-12-15,ongoing
3553,49,Male,4,2025-12-02,2025-12-07,recovered
3554,29,Female,4,2025-12-01,2025-12-06,ongoing
3555,26,Male,4,2025-12-08,2025-12-10,recovered
3556,58,Male,4,2025-12-06,2025-12-09,ongoing
3557,52,Female,4,2025-12-01,2025-12-05,recovered
3558,26,Male,4,2025-12-05,2025-12-09,recovered
3559,58,Female,4,2025-12-23,2025-12-25,recovered
3560,53,Female,4,2025-12-04,2025-12-07,referred
3561,68,Male,4,2025-12-08,2025-12-11,recovered
3562,40,Female,4,2025-12-17,2025-12-23,recovered
3563,54,Male,4,2025-12-07,2025-12-12,recovered
3564,63,Male,4,2025-12-19,2025-12-23,ongoing
3565,36,Female,4,2025-12-28,2026-01-01,ongoing
3566,56,Female,4,2025-12-09,2025-12-13,recovered
3567,51,Female,4,2025-12-18,2025-12-19,ongoing
3568,63,Female,4,2025-12-13,2025-12-15,recovered
3569,25,Male,4,2025-12-27,2025-12-31,recovered
3570,60,Female,4,2025-12-19,2025-12-21,deceased
3571,41,Male,4,2025-12-05,2025-12-10,recovered
3572,45,Male,4,2025-12-14,2025-12-18,recovered
3573,45,Male,4,2025-12-21,2025-12-25,recovered
3574,21,Female,4,2025-12-19,2025-12-23,recovered
3575,44,Female,4,2025-12-09,2025-12-11,ongoing
3576,34,Male,4,2025-12-25,2025-12-31,deceased
3577,38,Male,4,2025-12-23,2025-12-27,ongoing
3578,25,Male,4,2025-12-01,2025-12-04,recovered
3579,44,Male,4,2025-12-26,2025-12-28,deceased
3580,63,Other,4,2025-12-19,2025-12-22,deceased
3581,30,Female,4,2025-12-16,2025-12-22,referred
3582,56,Female,4,2025-12-08,2025-12-13,recovered
3583,55,Other,4,2025-12-19,2025-12-23,ongoing
3584,54,Female,4,2025-12-24,2025-12-27,recovered
3585,12,Female,4,2025-12-04,2025-12-06,recovered
3586,48,Female,4,2025-12-19,2025-12-22,deceased
3587,36,Other,4,2025-12-06,2025-12-11,referred
3588,48,Other,4,2025-12-19,2025-12-23,ongoing
3589,42,Male,4,2025-12-04,2025-12-10,recovered
3590,45,Female,4,2025-12-14,2025-12-20,recovered
3591,20,Other,4,2025-12-07,2025-12-11,deceased
3592,42,Female,4,2025-12-06,2025-12-08,recovered
3593,43,Male,4,2025-12-27,2025-12-29,recovered
3594,42,Other,4,2025-12-28,2026-01-03,deceased
3595,36,Other,4,2025-12-03,2025-12-06,ongoing
3596,24,Other,4,2025-12-20,2025-12-24,recovered
3597,57,Male,4,2025-12-05,2025-12-11,referred
3598,52,Other,4,2025-12-27,2025-12-31,recovered
3599,55,Other,4,2025-12-22,2025-12-26,recovered
3600,21,Female,4,2025-12-09,2025-12-12,recovered
3601,71,Other,4,2025-12-25,2025-12-27,ongoing
3602,35,Other,4,2025-12-24,2025-12-30,recovered
3603,60,Male,4,2025-12-17,2025-12-20,deceased
3604,38,Male,4,2025-12-01,2025-12-04,recovered
3605,32,Female,4,2025-12-16,2025-12-19,deceased
3606,23,Male,4,2025-12-07,2025-12-10,recovered
3607,46,Female,4,2025-12-20,2025-12-23,ongoing
3608,25,Other,4,2025-12-16,2025-12-21,recovered
3609,36,Other,4,2025-12-26,2025-12-28,recovered
3610,30,Female,4,2025-12-15,2025-12-20,ongoing
3611,26,Male,4,2025-12-22,2025-12-28,recovered
3612,47,Male,4,2025-12-19,2025-12-22,recovered
3613,39,Female,4,2025-12-26,2025-12-28,recovered
3614,41,Female,4,2025-12-16,2025-12-22,recovered
3615,61,Other,4,2025-12-16,2025-12-19,recovered
3616,32,Male,4,2025-12-11,2025-12-16,recovered
3617,21,Female,4,2025-12-25,2025-12-31,recovered
3618,32,Other,4,2025-12-10,2025-12-15,recovered
3619,51,Other,4,2025-12-23,2025-12-28,recovered
3620,33,Other,4,2025-12-24,2025-12-27,recovered
3621,37,Female,4,2025-12-01,2025-12-04,recovered
3622,44,Male,4,2025-12-05,2025-12-09,recovered
3623,61,Female,4,2025-12-05,2025-12-07,deceased
3624,37,Other,4,2025-12-21,2025-12-24,ongoing
3625,78,Female,4,2025-12-05,2025-12-06,recovered
3626,38,Other,4,2025-12-18,2025-12-21,recovered
3627,9,Female,4,2025-12-20,2025-12-22,recovered
3628,60,Other,4,2025-12-05,2025-12-11,recovered
3629,28,Male,4,2025-12-20,2025-12-24,recovered
3630,53,Male,4,2025-12-10,2025-12-12,ongoing
3631,45,Other,4,2025-12-25,2025-12-31,referred
3632,64,Female,4,2025-12-27,2025-12-29,referred
3633,49,Male,4,2025-12-14,2025-12-16,recovered
3634,65,Male,4,2025-12-06,2025-12-12,recovered
3635,54,Male,4,2025-12-11,2025-12-15,recovered
3636,51,Male,4,2025-12-12,2025-12-18,deceased
3637,43,Female,4,2025-12-10,2025-12-14,recovered
3638,63,Female,4,2025-12-21,2025-12-23,referred
3639,48,Male,4,2025-12-10,2025-12-13,recovered
3640,31,Male,4,2025-12-25,2025-12-30,deceased
3641,44,Other,4,2025-12-17,2025-12-19,referred
3642,61,Male,4,2025-12-02,2025-12-06,deceased
3643,39,Male,4,2025-12-13,2025-12-17,recovered
3644,43,Male,4,2025-12-09,2025-12-12,deceased
3645,23,Female,4,2025-12-08,2025-12-14,recovered
3646,24,Other,4,2025-12-18,2025-12-21,ongoing
3647,39,Other,4,2025-12-26,2026-01-01,ongoing
3648,28,Other,4,2025-12-15,2025-12-18,recovered
3649,55,Male,4,2026-01-23,2026-01-29,recovered
3650,51,Male,4,2026-01-26,2026-01-31,recovered
3651,38,Female,4,2026-01-20,2026-01-22,recovered
3652,40,Female,4,2026-01-08,2026-01-13,referred
3653,49,Male,4,2026-01-02,2026-01-05,recovered
3654,47,Other,4,2026-01-27,2026-01-31,deceased
3655,39,Female,4,2026-01-13,2026-01-15,recovered
3656,57,Male,4,2026-01-17,2026-01-21,recovered
3657,40,Other,4,2026-01-20,2026-01-22,referred
3658,45,Female,4,2026-01-21,2026-01-25,recovered
3659,44,Female,4,2026-01-17,2026-01-23,recovered
3660,49,Other,4,2026-01-22,2026-01-28,ongoing
3661,34,Female,4,2026-01-14,2026-01-18,recovered
3662,51,Male,4,2026-01-06,2026-01-07,recovered
3663,30,Other,4,2026-01-14,2026-01-20,recovered
3664,45,Male,4,2026-01-19,2026-01-23,deceased
3665,50,Other,4,2026-01-11,2026-01-17,recovered
3666,59,Male,4,2026-01-14,2026-01-16,recovered
3667,39,Female,4,2026-01-26,2026-01-29,deceased
3668,49,Male,4,2026-01-14,2026-01-17,recovered
3669,35,Female,4,2026-01-04,2026-01-07,recovered
3670,60,Female,4,2026-01-01,2026-01-06,recovered
3671,50,Female,4,2026-01-28,2026-01-30,recovered
3672,54,Female,4,2026-01-16,2026-01-21,recovered
3673,42,Male,4,2026-01-13,2026-01-15,recovered
3674,49,Male,4,2026-01-03,2026-01-05,recovered
3675,59,Male,4,2026-01-12,2026-01-18,ongoing
3676,25,Female,4,2026-01-26,2026-01-30,recovered
3677,47,Female,4,2026-01-01,2026-01-06,ongoing
3678,44,Female,4,2026-01-17,2026-01-23,referred
3679,63,Female,4,2026-01-16,2026-01-22,ongoing
3680,64,Male,4,2026-01-20,2026-01-26,recovered
3681,54,Female,4,2026-01-26,2026-02-01,referred
3682,40,Female,4,2026-01-14,2026-01-19,referred
3683,48,Female,4,2026-01-26,2026-01-29,recovered
3684,50,Female,4,2026-01-07,2026-01-11,referred
3685,37,Other,4,2026-01-25,2026-01-31,referred
3686,56,Other,4,2026-01-13,2026-01-19,recovered
3687,63,Male,4,2026-01-15,2026-01-19,recovered
3688,41,Female,4,2026-01-17,2026-01-19,recovered
3689,45,Male,4,2026-01-22,2026-01-26,recovered
3690,29,Male,4,2026-01-26,2026-01-31,recovered
3691,34,Male,4,2026-01-02,2026-01-07,recovered
3692,49,Female,4,2026-01-21,2026-01-25,deceased
3693,51,Female,4,2026-01-07,2026-01-13,recovered
3694,48,Male,4,2026-01-23,2026-01-29,deceased
3695,41,Other,4,2026-01-18,2026-01-22,referred
3696,8,Female,4,2026-01-27,2026-02-02,recovered
3697,50,Female,4,2026-01-25,2026-01-28,recovered
3698,63,Other,4,2026-01-06,2026-01-08,ongoing
3699,57,Male,4,2026-01-13,2026-01-18,referred
3700,19,Male,4,2026-01-01,2026-01-06,deceased
3701,52,Male,4,2026-01-28,2026-01-30,recovered
3702,11,Female,4,2026-01-11,2026-01-16,recovered
3703,47,Other,4,2026-01-13,2026-01-17,ongoing
3704,35,Other,4,2026-01-27,2026-01-29,recovered
3705,46,Male,4,2026-01-11,2026-01-17,ongoing
3706,43,Female,4,2026-01-03,2026-01-08,recovered
3707,40,Female,4,2026-01-16,2026-01-20,recovered
3708,44,Male,4,2026-01-06,2026-01-09,referred
3709,22,Female,4,2026-01-12,2026-01-15,deceased
3710,55,Male,4,2026-01-18,2026-01-24,recovered
3711,22,Male,4,2026-01-20,2026-01-24,recovered
3712,52,Male,4,2026-01-21,2026-01-26,recovered
3713,53,Other,4,2026-01-21,2026-01-25,ongoing
3714,56,Other,4,2026-01-22,2026-01-25,referred
3715,32,Other,4,2026-01-13,2026-01-18,ongoing
3716,39,Other,4,2026-01-17,2026-01-22,recovered
3717,38,Female,4,2026-01-10,2026-01-16,deceased
3718,61,Female,4,2026-01-16,2026-01-18,referred
3719,47,Other,4,2026-01-05,2026-01-08,ongoing
3720,69,Male,4,2026-01-24,2026-01-30,recovered
3721,49,Female,4,2026-01-09,2026-01-11,ongoing
3722,61,Female,4,2026-01-15,2026-01-17,recovered
3723,48,Other,4,2026-01-19,2026-01-24,recovered
3724,50,Female,4,2026-01-01,2026-01-04,ongoing
3725,29,Male,4,2026-01-07,2026-01-13,referred
3726,43,Female,4,2026-01-19,2026-01-23,recovered
3727,45,Female,4,2026-01-05,2026-01-07,recovered
3728,42,Other,4,2026-01-01,2026-01-02,recovered
3729,66,Other,4,2026-01-15,2026-01-19,deceased
3730,64,Other,4,2026-01-21,2026-01-25,deceased
3731,43,Male,4,2026-01-22,2026-01-26,deceased
3732,46,Female,4,2026-01-10,2026-01-12,deceased
3733,53,Other,4,2026-01-03,2026-01-06,recovered
3734,40,Male,4,2026-01-11,2026-01-16,ongoing
3735,47,Other,4,2026-01-17,2026-01-22,referred
3736,34,Male,4,2026-01-05,2026-01-07,recovered
3737,36,Male,4,2026-01-28,2026-02-03,recovered
3738,63,Male,4,2026-01-01,2026-01-03,recovered
3739,45,Male,4,2026-01-27,2026-02-01,recovered
3740,44,Female,4,2026-01-24,2026-01-28,deceased
3741,48,Female,4,2026-01-03,2026-01-06,referred
3742,42,Male,4,2026-01-13,2026-01-16,recovered
3743,34,Male,4,2026-01-01,2026-01-07,referred
3744,52,Female,4,2026-01-03,2026-01-08,recovered
3745,39,Other,4,2026-01-01,2026-01-06,deceased
3746,43,Other,4,2026-01-19,2026-01-22,recovered
3747,67,Female,4,2026-01-02,2026-01-06,recovered
3748,47,Male,4,2026-01-14,2026-01-18,ongoing
3749,42,Female,4,2026-01-05,2026-01-08,recovered
3750,28,Male,4,2026-01-13,2026-01-17,ongoing
3751,29,Other,4,2026-01-08,2026-01-12,recovered
3752,39,Female,4,2026-01-16,2026-01-20,deceased
3753,68,Female,4,2026-01-20,2026-01-22,recovered
3754,49,Male,4,2026-01-12,2026-01-16,ongoing
3755,62,Female,4,2026-01-15,2026-01-21,recovered
3756,47,Male,4,2026-01-03,2026-01-05,recovered
3757,28,Female,4,2026-01-28,2026-02-03,recovered
3758,42,Male,4,2026-01-01,2026-01-04,ongoing
3759,71,Male,4,2026-01-28,2026-01-29,recovered
3760,35,Male,4,2026-01-03,2026-01-08,recovered
3761,59,Female,4,2026-01-17,2026-01-20,recovered
3762,41,Female,4,2026-01-23,2026-01-25,recovered
3763,47,Other,4,2026-01-10,2026-01-13,referred
3764,49,Other,4,2026-01-26,2026-02-01,recovered
3765,41,Female,4,2026-01-09,2026-01-11,recovered
3766,31,Female,4,2026-01-09,2026-01-11,ongoing
3767,32,Male,4,2026-01-16,2026-01-19,referred
3768,37,Female,4,2026-01-24,2026-01-27,recovered
3769,39,Male,4,2026-01-27,2026-01-31,recovered
3770,33,Female,4,2026-01-14,2026-01-19,recovered
3771,63,Female,4,2026-01-28,2026-02-01,deceased
3772,64,Male,4,2026-01-01,2026-01-06,referred
3773,20,Male,4,2026-01-02,2026-01-04,recovered
3774,62,Female,4,2026-01-09,2026-01-15,recovered
3775,40,Female,4,2026-01-07,2026-01-12,ongoing
3776,71,Other,4,2026-01-06,2026-01-12,recovered
3777,44,Female,4,2026-01-24,2026-01-30,ongoing
3778,49,Other,4,2026-01-21,2026-01-27,recovered
3779,42,Female,4,2026-01-06,2026-01-11,recovered
3780,35,Other,4,2026-01-03,2026-01-06,deceased
3781,40,Male,4,2026-01-25,2026-01-28,ongoing
3782,45,Male,4,2026-01-21,2026-01-26,recovered
3783,63,Female,4,2026-01-04,2026-01-08,deceased
3784,42,Male,4,2026-01-04,2026-01-10,recovered
3785,44,Male,4,2026-01-06,2026-01-10,recovered
3786,41,Female,4,2026-01-27,2026-02-02,recovered
3787,46,Male,4,2026-01-27,2026-01-31,deceased
3788,48,Male,4,2026-01-14,2026-01-18,recovered
3789,32,Male,4,2026-01-16,2026-01-19,ongoing
3790,7,Other,4,2026-01-19,2026-01-24,referred
3791,47,Other,4,2026-01-11,2026-01-16,ongoing
3792,64,Other,4,2026-01-15,2026-01-18,ongoing
3793,38,Male,4,2026-01-07,2026-01-13,recovered
3794,48,Female,4,2026-01-16,2026-01-21,deceased
3795,29,Female,4,2026-01-24,2026-01-26,recovered
3796,29,Other,4,2026-01-07,2026-01-12,recovered
3797,44,Male,4,2026-01-07,2026-01-13,recovered
3798,39,Other,4,2026-01-02,2026-01-04,referred
3799,42,Male,4,2026-01-20,2026-01-23,recovered
3800,40,Male,4,2026-01-26,2026-01-31,recovered
3801,52,Female,4,2026-01-09,2026-01-13,recovered
3802,38,Male,4,2026-01-17,2026-01-19,ongoing
3803,37,Other,4,2026-01-14,2026-01-16,recovered
3804,48,Male,4,2026-01-23,2026-01-29,ongoing
3805,42,Female,4,2026-01-17,2026-01-19,recovered
3806,52,Male,4,2026-01-26,2026-02-01,recovered
3807,42,Female,4,2026-01-05,2026-01-09,recovered
3808,48,Male,4,2026-01-23,2026-01-25,recovered
3809,74,Female,4,2026-01-20,2026-01-23,recovered
3810,61,Male,4,2026-01-19,2026-01-21,ongoing
3811,33,Male,4,2026-01-02,2026-01-06,recovered
3812,64,Male,4,2026-01-16,2026-01-21,referred
3813,22,Male,4,2026-01-01,2026-01-06,recovered
3814,28,Other,4,2026-01-04,2026-01-08,recovered
3815,42,Male,4,2026-01-04,2026-01-08,referred
3816,38,Male,4,2026-01-15,2026-01-20,referred
3817,35,Other,4,2026-01-23,2026-01-25,recovered
3818,34,Male,4,2026-01-08,2026-01-11,referred
3819,73,Female,4,2026-01-03,2026-01-08,recovered
3820,44,Other,4,2026-01-15,2026-01-21,recovered
3821,71,Male,4,2026-01-28,2026-02-03,recovered
3822,46,Female,4,2026-01-11,2026-01-13,deceased
3823,55,Other,4,2026-01-24,2026-01-30,recovered
3824,38,Other,4,2026-01-15,2026-01-20,recovered
3825,48,Female,4,2026-02-10,2026-02-12,referred
3826,39,Female,4,2026-02-07,2026-02-13,ongoing
3827,31,Male,4,2026-02-18,2026-02-20,referred
3828,62,Male,4,2026-02-01,2026-02-07,recovered
3829,40,Female,4,2026-02-01,2026-02-07,recovered
3830,64,Female,4,2026-02-25,2026-03-02,referred
3831,43,Male,4,2026-02-19,2026-02-21,recovered
3832,51,Other,4,2026-02-14,2026-02-16,referred
3833,55,Other,4,2026-02-25,2026-02-28,recovered
3834,49,Male,4,2026-02-08,2026-02-14,ongoing
3835,57,Female,4,2026-02-20,2026-02-26,recovered
3836,41,Female,4,2026-02-22,2026-02-26,recovered
3837,58,Female,4,2026-02-12,2026-02-15,ongoing
3838,47,Male,4,2026-02-19,2026-02-20,recovered
3839,66,Male,4,2026-02-19,2026-02-23,recovered
3840,32,Female,4,2026-02-18,2026-02-21,recovered
3841,41,Female,4,2026-02-09,2026-02-11,ongoing
3842,35,Female,4,2026-02-09,2026-02-14,referred
3843,35,Other,4,2026-02-07,2026-02-12,referred
3844,40,Male,4,2026-02-12,2026-02-18,recovered
3845,26,Female,4,2026-02-13,2026-02-17,recovered
3846,63,Female,4,2026-02-11,2026-02-12,referred
3847,53,Female,4,2026-02-12,2026-02-17,recovered
3848,49,Female,4,2026-02-09,2026-02-11,recovered
3849,36,Male,4,2026-02-10,2026-02-12,referred
3850,43,Other,4,2026-02-06,2026-02-11,referred
3851,47,Male,4,2026-02-25,2026-02-27,recovered
3852,33,Male,4,2026-02-01,2026-02-06,ongoing
3853,64,Male,4,2026-02-02,2026-02-07,recovered
3854,29,Other,4,2026-02-08,2026-02-09,ongoing
3855,45,Male,4,2026-02-14,2026-02-18,recovered
3856,52,Female,4,2026-02-13,2026-02-16,deceased
3857,73,Male,4,2026-02-05,2026-02-09,recovered
3858,46,Other,4,2026-02-11,2026-02-16,ongoing
3859,19,Female,4,2026-02-26,2026-03-04,recovered
3860,52,Other,4,2026-02-06,2026-02-10,deceased
3861,37,Female,4,2026-02-14,2026-02-17,recovered
3862,50,Female,4,2026-02-22,2026-02-27,deceased
3863,53,Other,4,2026-02-01,2026-02-07,recovered
3864,54,Female,4,2026-02-03,2026-02-06,recovered
3865,59,Male,4,2026-02-23,2026-02-27,deceased
3866,45,Female,4,2026-02-12,2026-02-18,referred
3867,50,Female,4,2026-02-25,2026-03-01,recovered
3868,57,Female,4,2026-02-21,2026-02-26,recovered
3869,38,Other,4,2026-02-12,2026-02-18,recovered
3870,43,Male,4,2026-02-24,2026-02-25,ongoing
3871,47,Female,4,2026-02-04,2026-02-08,ongoing
3872,29,Other,4,2026-02-12,2026-02-15,recovered
3873,36,Female,4,2026-02-24,2026-02-28,recovered
3874,65,Female,4,2026-02-23,2026-02-28,ongoing
3875,84,Male,4,2026-02-17,2026-02-19,recovered
3876,57,Other,4,2026-02-16,2026-02-20,deceased
3877,63,Female,4,2026-02-07,2026-02-09,ongoing
3878,42,Female,4,2026-02-19,2026-02-23,deceased
3879,56,Male,4,2026-02-17,2026-02-20,referred
3880,42,Female,4,2026-02-04,2026-02-10,recovered
3881,47,Other,4,2026-02-24,2026-03-01,recovered
3882,48,Female,4,2026-02-20,2026-02-23,referred
3883,66,Male,4,2026-02-27,2026-03-05,recovered
3884,69,Female,4,2026-02-03,2026-02-06,recovered
3885,60,Other,4,2026-02-21,2026-02-23,referred
3886,61,Male,4,2026-02-04,2026-02-06,ongoing
3887,38,Male,4,2026-02-20,2026-02-25,recovered
3888,25,Male,4,2026-02-02,2026-02-07,recovered
3889,46,Female,4,2026-02-23,2026-02-28,recovered
3890,51,Female,4,2026-02-12,2026-02-18,referred
3891,44,Female,4,2026-02-04,2026-02-07,ongoing
3892,41,Male,4,2026-02-03,2026-02-06,recovered
3893,83,Male,4,2026-02-09,2026-02-12,recovered
3894,45,Female,4,2026-02-23,2026-02-28,deceased
3895,27,Male,4,2026-02-15,2026-02-19,ongoing
3896,67,Male,4,2026-02-18,2026-02-21,referred
3897,50,Male,4,2026-02-01,2026-02-06,recovered
3898,44,Other,4,2026-02-10,2026-02-13,recovered
3899,16,Female,4,2026-02-28,2026-03-06,recovered
3900,28,Female,4,2026-02-26,2026-02-28,deceased
3901,41,Female,4,2026-02-24,2026-02-28,recovered
3902,63,Female,4,2026-02-05,2026-02-09,recovered
3903,32,Other,4,2026-02-14,2026-02-18,recovered
3904,44,Female,4,2026-02-27,2026-03-02,recovered
3905,54,Female,4,2026-02-25,2026-03-03,recovered
3906,47,Female,4,2026-02-03,2026-02-07,recovered
3907,24,Male,4,2026-02-12,2026-02-14,recovered
3908,33,Female,4,2026-02-21,2026-02-23,recovered
3909,38,Female,4,2026-02-07,2026-02-12,ongoing
3910,39,Male,4,2026-02-14,2026-02-17,referred
3911,38,Female,4,2026-02-20,2026-02-23,recovered
3912,47,Male,4,2026-02-05,2026-02-09,recovered
3913,44,Female,4,2026-02-10,2026-02-16,deceased
3914,68,Other,4,2026-02-24,2026-02-27,referred
3915,56,Other,4,2026-02-11,2026-02-14,referred
3916,61,Female,4,2026-02-02,2026-02-06,ongoing
3917,43,Female,4,2026-02-22,2026-02-26,referred
3918,14,Male,4,2026-02-08,2026-02-13,referred
3919,38,Other,4,2026-02-20,2026-02-24,recovered
3920,51,Female,4,2026-02-26,2026-03-01,referred
3921,53,Male,4,2026-02-10,2026-02-16,referred
3922,43,Female,4,2026-02-02,2026-02-05,recovered
3923,52,Female,4,2026-02-08,2026-02-11,recovered
3924,68,Male,4,2026-02-03,2026-02-08,deceased
3925,34,Male,4,2026-02-22,2026-02-26,recovered
3926,52,Female,4,2026-02-28,2026-03-04,referred
3927,21,Female,4,2026-02-19,2026-02-24,ongoing
3928,45,Male,4,2026-02-23,2026-03-01,referred
3929,55,Female,4,2026-02-25,2026-03-03,recovered
3930,38,Other,4,2026-02-08,2026-02-12,recovered
3931,28,Other,4,2026-02-28,2026-03-03,recovered
3932,59,Female,4,2026-02-26,2026-02-28,recovered
3933,37,Other,4,2026-02-05,2026-02-07,referred
3934,55,Other,4,2026-02-01,2026-02-05,recovered
3935,32,Other,4,2026-02-17,2026-02-19,recovered
3936,63,Male,4,2026-02-11,2026-02-16,ongoing
3937,49,Female,4,2026-02-13,2026-02-16,recovered
3938,37,Male,4,2026-02-15,2026-02-21,recovered
3939,36,Male,4,2026-02-08,2026-02-11,recovered
3940,6,Male,4,2026-02-13,2026-02-15,recovered
3941,34,Female,4,2026-02-22,2026-02-28,deceased
3942,30,Male,4,2026-02-06,2026-02-12,recovered
3943,37,Male,4,2026-02-25,2026-02-28,recovered
3944,64,Female,4,2026-02-19,2026-02-22,recovered
3945,43,Other,4,2026-02-04,2026-02-10,referred
3946,42,Female,4,2026-02-22,2026-02-27,ongoing
3947,60,Male,4,2026-02-27,2026-03-02,recovered
3948,71,Male,4,2026-02-24,2026-02-28,ongoing
3949,51,Male,4,2026-02-09,2026-02-12,referred
3950,68,Other,4,2026-02-06,2026-02-10,deceased
3951,55,Female,4,2026-02-15,2026-02-18,recovered
3952,28,Female,4,2026-02-04,2026-02-08,deceased
3953,35,Female,4,2026-02-21,2026-02-27,deceased
3954,26,Female,4,2026-02-11,2026-02-17,recovered
3955,54,Male,4,2026-02-15,2026-02-19,recovered
3956,55,Male,4,2026-02-07,2026-02-09,recovered
3957,42,Male,4,2026-02-09,2026-02-15,deceased
3958,41,Other,4,2026-02-05,2026-02-10,recovered
3959,32,Male,4,2026-02-01,2026-02-07,recovered
3960,59,Female,4,2026-02-01,2026-02-07,deceased
3961,52,Male,4,2026-02-22,2026-02-24,recovered
3962,53,Female,4,2026-02-22,2026-02-28,recovered
3963,33,Male,4,2026-02-14,2026-02-16,deceased
3964,78,Other,4,2026-02-07,2026-02-12,deceased
3965,37,Male,4,2026-02-21,2026-02-26,recovered
3966,45,Other,4,2026-02-04,2026-02-06,recovered
3967,31,Male,4,2026-02-12,2026-02-17,ongoing
3968,43,Female,4,2026-02-21,2026-02-23,deceased
3969,38,Male,4,2026-02-08,2026-02-11,deceased
3970,10,Female,4,2026-02-28,2026-03-05,recovered
3971,30,Female,4,2026-02-05,2026-02-07,recovered
3972,27,Other,4,2026-02-23,2026-02-27,ongoing
3973,57,Female,4,2026-03-01,2026-03-04,deceased
3974,28,Female,4,2026-03-12,2026-03-15,recovered
3975,42,Female,4,2026-03-14,2026-03-16,recovered
3976,47,Female,4,2026-03-02,2026-03-06,recovered
3977,26,Male,4,2026-03-17,2026-03-19,deceased
3978,30,Female,4,2026-03-17,2026-03-22,recovered
3979,37,Male,4,2026-03-02,2026-03-04,recovered
3980,45,Other,4,2026-03-21,2026-03-27,recovered
3981,39,Male,4,2026-03-18,2026-03-23,deceased
3982,38,Female,4,2026-03-16,2026-03-21,referred
3983,59,Female,4,2026-03-25,2026-03-28,recovered
3984,27,Male,4,2026-03-11,2026-03-15,recovered
3985,54,Female,4,2026-03-05,2026-03-07,recovered
3986,43,Other,4,2026-03-06,2026-03-12,recovered
3987,37,Female,4,2026-03-21,2026-03-23,recovered
3988,38,Other,4,2026-03-18,2026-03-24,recovered
3989,63,Female,4,2026-03-23,2026-03-28,recovered
3990,43,Female,4,2026-03-24,2026-03-30,recovered
3991,77,Male,4,2026-03-13,2026-03-15,recovered
3992,17,Female,4,2026-03-12,2026-03-17,recovered
3993,48,Female,4,2026-03-27,2026-04-02,recovered
3994,30,Other,4,2026-03-28,2026-04-02,recovered
3995,47,Female,4,2026-03-09,2026-03-12,recovered
3996,34,Female,4,2026-03-16,2026-03-21,deceased
3997,47,Male,4,2026-03-18,2026-03-24,recovered
3998,25,Male,4,2026-03-01,2026-03-07,recovered
3999,41,Male,4,2026-03-25,2026-03-28,referred
4000,47,Female,4,2026-03-13,2026-03-16,referred
4001,40,Female,4,2026-03-12,2026-03-15,recovered
4002,54,Other,4,2026-03-12,2026-03-15,recovered
4003,41,Male,4,2026-03-26,2026-03-28,recovered
4004,41,Male,4,2026-03-24,2026-03-27,ongoing
4005,37,Male,4,2026-03-25,2026-03-31,ongoing
4006,56,Female,4,2026-03-22,2026-03-24,ongoing
4007,30,Female,4,2026-03-07,2026-03-11,recovered
4008,49,Female,4,2026-03-16,2026-03-21,recovered
4009,64,Male,4,2026-03-09,2026-03-11,ongoing
4010,42,Male,4,2026-03-28,2026-04-02,recovered
4011,48,Female,4,2026-03-24,2026-03-29,ongoing
4012,49,Female,4,2026-03-08,2026-03-13,ongoing
4013,31,Male,4,2026-03-13,2026-03-17,ongoing
4014,39,Male,4,2026-03-17,2026-03-21,recovered
4015,39,Other,4,2026-03-14,2026-03-18,deceased
4016,45,Female,4,2026-03-06,2026-03-08,referred
4017,64,Other,4,2026-03-25,2026-03-27,ongoing
4018,39,Other,4,2026-03-20,2026-03-24,recovered
4019,39,Other,4,2026-03-12,2026-03-15,referred
4020,38,Male,4,2026-03-23,2026-03-26,ongoing
4021,36,Male,4,2026-03-03,2026-03-08,ongoing
4022,52,Other,4,2026-03-22,2026-03-27,referred
4023,47,Male,4,2026-03-11,2026-03-13,ongoing
4024,47,Male,4,2026-03-03,2026-03-06,deceased
4025,14,Other,4,2026-03-12,2026-03-16,referred
4026,74,Male,4,2026-03-15,2026-03-20,recovered
4027,58,Other,4,2026-03-01,2026-03-06,recovered
4028,45,Other,4,2026-03-13,2026-03-16,referred
4029,30,Other,4,2026-03-25,2026-03-29,recovered
4030,55,Male,4,2026-03-10,2026-03-16,recovered
4031,55,Male,4,2026-03-27,2026-03-29,recovered
4032,36,Male,4,2026-03-28,2026-03-31,recovered
4033,40,Male,4,2026-03-08,2026-03-11,ongoing
4034,30,Male,4,2026-03-24,2026-03-27,ongoing
4035,58,Male,4,2026-03-14,2026-03-18,referred
4036,41,Female,4,2026-03-19,2026-03-24,ongoing
4037,43,Male,4,2026-03-23,2026-03-26,ongoing
4038,48,Female,4,2026-03-15,2026-03-20,recovered
4039,30,Female,4,2026-03-12,2026-03-14,recovered
4040,42,Male,4,2026-03-10,2026-03-13,deceased
4041,61,Other,4,2026-03-11,2026-03-15,deceased
4042,35,Other,4,2026-03-19,2026-03-24,recovered
4043,32,Male,4,2026-03-12,2026-03-18,recovered
4044,52,Male,4,2026-03-25,2026-03-28,referred
4045,44,Male,4,2026-03-08,2026-03-11,ongoing
4046,50,Other,4,2026-03-04,2026-03-07,ongoing
4047,45,Male,4,2026-03-08,2026-03-13,recovered
4048,65,Female,4,2026-03-19,2026-03-23,ongoing
4049,43,Other,4,2026-03-09,2026-03-15,recovered
4050,61,Other,4,2026-03-05,2026-03-08,recovered
4051,33,Female,4,2026-03-17,2026-03-20,ongoing
4052,35,Other,4,2026-03-22,2026-03-27,ongoing
4053,51,Male,4,2026-03-28,2026-04-03,deceased
4054,49,Male,4,2026-03-19,2026-03-23,referred
4055,41,Male,4,2026-03-06,2026-03-08,recovered
4056,45,Female,4,2026-03-28,2026-04-01,recovered
4057,34,Other,4,2026-03-21,2026-03-26,recovered
4058,51,Male,4,2026-03-28,2026-04-02,recovered
4059,42,Male,4,2026-03-01,2026-03-03,recovered
4060,58,Other,4,2026-03-03,2026-03-05,recovered
4061,73,Male,4,2026-03-19,2026-03-21,recovered
4062,49,Female,4,2026-03-05,2026-03-10,referred
4063,61,Other,4,2026-03-28,2026-04-01,referred
4064,24,Male,4,2026-03-20,2026-03-23,ongoing
4065,63,Other,4,2026-03-11,2026-03-16,recovered
4066,15,Other,4,2026-03-26,2026-03-28,ongoing
4067,44,Male,4,2026-03-07,2026-03-13,recovered
4068,57,Female,4,2026-03-09,2026-03-14,recovered
4069,47,Male,4,2026-03-08,2026-03-10,recovered
4070,61,Female,4,2026-03-07,2026-03-10,recovered
4071,64,Male,4,2026-03-27,2026-03-30,deceased
4072,36,Female,4,2026-03-08,2026-03-10,recovered
4073,46,Male,4,2026-03-06,2026-03-09,recovered
4074,51,Other,4,2026-03-22,2026-03-26,recovered
4075,36,Other,4,2026-03-17,2026-03-22,deceased
4076,27,Male,4,2026-03-01,2026-03-03,referred
4077,35,Other,4,2026-03-23,2026-03-29,recovered
4078,40,Male,4,2026-03-05,2026-03-11,referred
4079,34,Female,4,2026-03-22,2026-03-28,recovered
4080,49,Male,4,2026-03-07,2026-03-13,recovered
4081,54,Male,4,2026-03-27,2026-03-30,recovered
4082,58,Other,4,2026-03-06,2026-03-08,ongoing
4083,37,Male,4,2026-03-09,2026-03-12,referred
4084,57,Female,4,2026-03-28,2026-04-02,recovered
4085,63,Female,4,2026-03-07,2026-03-09,recovered
4086,44,Male,4,2026-03-05,2026-03-06,recovered
4087,50,Female,4,2026-03-19,2026-03-25,recovered
4088,71,Female,4,2026-03-08,2026-03-10,recovered
4089,37,Female,4,2026-03-15,2026-03-17,deceased
4090,26,Male,4,2026-03-15,2026-03-18,recovered
4091,47,Male,4,2026-03-28,2026-04-01,deceased
4092,26,Male,4,2026-03-27,2026-03-30,recovered
4093,46,Female,4,2026-03-09,2026-03-14,recovered
4094,50,Male,4,2026-03-24,2026-03-28,deceased
4095,55,Female,4,2026-03-16,2026-03-18,recovered
4096,46,Female,4,2026-03-05,2026-03-09,recovered
4097,42,Male,4,2026-03-26,2026-03-30,recovered
4098,1,Female,4,2026-03-15,2026-03-20,referred
4099,57,Female,4,2026-03-26,2026-03-28,deceased
4100,49,Male,4,2026-03-24,2026-03-27,referred
4101,46,Female,4,2026-03-18,2026-03-22,referred
4102,38,Male,4,2026-03-21,2026-03-26,deceased
4103,26,Female,4,2026-03-09,2026-03-12,recovered
4104,27,Other,4,2026-03-02,2026-03-05,recovered
4105,23,Female,4,2026-03-18,2026-03-24,referred
4106,53,Male,4,2026-03-05,2026-03-08,recovered
4107,77,Male,4,2026-03-05,2026-03-08,recovered
4108,53,Male,4,2026-03-13,2026-03-18,referred
4109,43,Female,4,2026-03-09,2026-03-15,recovered
4110,37,Female,4,2026-03-08,2026-03-12,ongoing
4111,46,Male,4,2026-03-25,2026-03-31,recovered
4112,39,Female,4,2026-03-02,2026-03-04,ongoing
4113,33,Female,4,2026-03-02,2026-03-05,deceased
4114,61,Male,4,2026-03-24,2026-03-28,recovered
4115,49,Male,4,2026-03-28,2026-03-30,deceased
4116,35,Other,4,2026-03-21,2026-03-27,recovered
4117,63,Male,4,2026-03-12,2026-03-14,recovered
4118,41,Male,4,2026-03-20,2026-03-23,recovered
4119,54,Female,4,2026-03-04,2026-03-06,referred
4120,57,Other,4,2026-03-09,2026-03-12,recovered
4121,37,Female,4,2026-03-06,2026-03-08,recovered
4122,53,Male,4,2026-03-13,2026-03-15,referred
4123,54,Female,4,2026-03-26,2026-03-29,recovered
4124,35,Other,4,2026-03-24,2026-03-29,deceased
4125,42,Male,4,2026-03-07,2026-03-09,recovered
4126,55,Female,4,2026-03-17,2026-03-23,ongoing
4127,39,Male,4,2026-03-20,2026-03-24,deceased
4128,54,Male,4,2026-03-06,2026-03-07,ongoing
4129,32,Other,4,2026-03-22,2026-03-25,deceased
4130,44,Female,4,2026-03-28,2026-03-31,recovered
4131,56,Female,4,2026-03-09,2026-03-13,recovered
4132,37,Female,4,2026-03-20,2026-03-25,recovered
4133,58,Female,4,2026-03-09,2026-03-11,recovered
4134,37,Male,4,2026-03-12,2026-03-16,recovered
4135,41,Other,4,2026-03-03,2026-03-09,recovered
4136,49,Other,4,2026-03-01,2026-03-06,referred
4137,43,Female,4,2026-03-06,2026-03-08,recovered
4138,50,Male,4,2026-03-02,2026-03-04,recovered
4139,36,Female,4,2026-03-25,2026-03-30,recovered
4140,40,Female,4,2026-03-22,2026-03-27,referred
4141,36,Female,4,2026-03-14,2026-03-16,recovered
4142,37,Male,4,2026-03-14,2026-03-17,referred
4143,64,Male,4,2026-03-09,2026-03-13,recovered
4144,48,Male,4,2026-03-07,2026-03-09,recovered
4145,47,Other,4,2026-03-21,2026-03-25,ongoing
4146,41,Female,4,2026-03-28,2026-04-03,recovered
4147,48,Female,4,2026-03-27,2026-04-01,deceased
4148,51,Male,4,2026-03-03,2026-03-06,ongoing
4149,54,Female,4,2026-03-22,2026-03-28,deceased
4150,53,Other,4,2026-03-14,2026-03-18,recovered
4151,59,Other,4,2026-04-10,2026-04-16,recovered
4152,55,Male,4,2026-04-09,2026-04-13,recovered
4153,45,Male,4,2026-04-10,2026-04-16,recovered
4154,19,Other,4,2026-04-26,2026-04-29,ongoing
4155,35,Male,4,2026-04-16,2026-04-20,ongoing
4156,43,Female,4,2026-04-11,2026-04-16,referred
4157,60,Male,4,2026-04-13,2026-04-16,ongoing
4158,28,Female,4,2026-04-14,2026-04-19,recovered
4159,28,Female,4,2026-04-22,2026-04-24,deceased
4160,31,Female,4,2026-04-05,2026-04-07,recovered
4161,55,Other,4,2026-04-01,2026-04-04,recovered
4162,49,Male,4,2026-04-18,2026-04-20,recovered
4163,17,Male,4,2026-04-24,2026-04-28,recovered
4164,43,Female,4,2026-04-16,2026-04-22,recovered
4165,29,Other,4,2026-04-27,2026-05-02,recovered
4166,35,Male,4,2026-04-19,2026-04-24,referred
4167,51,Male,4,2026-04-06,2026-04-10,recovered
4168,65,Female,4,2026-04-08,2026-04-14,recovered
4169,44,Male,4,2026-04-01,2026-04-06,recovered
4170,24,Female,4,2026-04-12,2026-04-18,ongoing
4171,23,Male,4,2026-04-11,2026-04-13,recovered
4172,61,Female,4,2026-04-21,2026-04-23,recovered
4173,58,Male,4,2026-04-08,2026-04-14,recovered
4174,35,Female,4,2026-04-18,2026-04-23,deceased
4175,35,Other,4,2026-04-26,2026-04-30,recovered
4176,30,Other,4,2026-04-02,2026-04-06,referred
4177,31,Female,4,2026-04-14,2026-04-16,deceased
4178,48,Other,4,2026-04-08,2026-04-10,recovered
4179,60,Female,4,2026-04-28,2026-05-02,recovered
4180,32,Male,4,2026-04-27,2026-05-01,ongoing
4181,70,Female,4,2026-04-11,2026-04-16,recovered
4182,22,Female,4,2026-04-13,2026-04-17,recovered
4183,45,Male,4,2026-04-18,2026-04-21,recovered
4184,44,Female,4,2026-04-05,2026-04-10,recovered
4185,56,Other,4,2026-04-08,2026-04-13,referred
4186,61,Female,4,2026-04-08,2026-04-11,recovered
4187,55,Male,4,2026-04-24,2026-04-28,referred
4188,32,Male,4,2026-04-25,2026-04-30,recovered
4189,48,Male,4,2026-04-16,2026-04-20,deceased
4190,47,Other,4,2026-04-19,2026-04-21,ongoing
4191,48,Male,4,2026-04-04,2026-04-10,ongoing
4192,35,Female,4,2026-04-05,2026-04-09,recovered
4193,38,Other,4,2026-04-04,2026-04-08,recovered
4194,44,Female,4,2026-04-19,2026-04-25,ongoing
4195,40,Male,4,2026-04-23,2026-04-26,referred
4196,37,Female,4,2026-04-27,2026-05-02,recovered
4197,52,Female,4,2026-04-12,2026-04-17,ongoing
4198,30,Male,4,2026-04-28,2026-05-01,recovered
4199,39,Other,4,2026-04-11,2026-04-15,recovered
4200,59,Other,4,2026-04-11,2026-04-14,recovered
4201,30,Male,4,2026-04-22,2026-04-26,recovered
4202,27,Male,4,2026-04-19,2026-04-25,recovered
4203,56,Female,4,2026-04-09,2026-04-13,ongoing
4204,59,Female,4,2026-04-10,2026-04-12,ongoing
4205,46,Other,4,2026-04-20,2026-04-23,recovered
4206,45,Female,4,2026-04-10,2026-04-15,recovered
4207,32,Female,4,2026-04-18,2026-04-21,recovered
4208,33,Female,4,2026-04-03,2026-04-09,deceased
4209,48,Female,4,2026-04-20,2026-04-25,recovered
4210,39,Other,4,2026-04-10,2026-04-16,referred
4211,43,Other,4,2026-04-11,2026-04-13,recovered
4212,28,Other,4,2026-04-13,2026-04-16,ongoing
4213,35,Female,4,2026-04-01,2026-04-04,referred
4214,66,Female,4,2026-04-21,2026-04-25,recovered
4215,65,Male,4,2026-04-11,2026-04-17,recovered
4216,63,Female,4,2026-04-13,2026-04-15,recovered
4217,17,Male,4,2026-04-13,2026-04-16,deceased
4218,35,Other,4,2026-04-18,2026-04-20,deceased
4219,52,Other,4,2026-04-09,2026-04-12,ongoing
4220,50,Male,4,2026-04-19,2026-04-23,recovered
4221,51,Other,4,2026-04-16,2026-04-19,ongoing
4222,29,Male,4,2026-04-24,2026-04-28,ongoing
4223,46,Female,4,2026-04-12,2026-04-15,deceased
4224,43,Male,4,2026-04-12,2026-04-18,recovered
4225,37,Female,4,2026-04-07,2026-04-09,recovered
4226,55,Other,4,2026-04-19,2026-04-25,recovered
4227,72,Female,4,2026-04-21,2026-04-23,recovered
4228,27,Other,4,2026-04-04,2026-04-08,recovered
4229,20,Male,4,2026-04-27,2026-05-01,recovered
4230,38,Other,4,2026-04-15,2026-04-19,deceased
4231,61,Other,4,2026-04-16,2026-04-22,recovered
4232,34,Male,4,2026-04-06,2026-04-09,recovered
4233,48,Male,4,2026-04-04,2026-04-09,recovered
4234,57,Male,4,2026-04-08,2026-04-11,recovered
4235,41,Female,4,2026-04-09,2026-04-11,recovered
4236,42,Female,4,2026-04-22,2026-04-25,ongoing
4237,37,Male,4,2026-04-13,2026-04-18,recovered
4238,53,Female,4,2026-04-05,2026-04-10,recovered
4239,34,Female,4,2026-04-11,2026-04-17,recovered
4240,35,Female,4,2026-04-11,2026-04-17,recovered
4241,35,Female,4,2026-04-28,2026-04-30,referred
4242,37,Female,4,2026-04-21,2026-04-26,deceased
4243,34,Male,4,2026-04-01,2026-04-04,ongoing
4244,71,Male,4,2026-04-10,2026-04-15,recovered
4245,37,Female,4,2026-04-20,2026-04-23,ongoing
4246,48,Female,4,2026-04-08,2026-04-11,deceased
4247,39,Female,4,2026-04-03,2026-04-09,recovered
4248,65,Other,4,2026-04-06,2026-04-11,recovered
4249,29,Male,4,2026-04-01,2026-04-06,deceased
4250,57,Female,4,2026-04-03,2026-04-09,recovered
4251,35,Female,4,2026-04-25,2026-04-30,recovered
4252,33,Other,4,2026-04-25,2026-04-28,referred
4253,25,Male,4,2026-04-08,2026-04-12,ongoing
4254,37,Other,4,2026-04-11,2026-04-13,referred
4255,48,Male,4,2026-04-10,2026-04-12,recovered
4256,38,Other,4,2026-04-13,2026-04-15,recovered
4257,49,Male,4,2026-04-16,2026-04-19,recovered
4258,47,Male,4,2026-04-17,2026-04-23,recovered
4259,44,Male,4,2026-04-10,2026-04-14,recovered
4260,59,Female,4,2026-04-08,2026-04-13,recovered
4261,29,Male,4,2026-04-25,2026-04-27,recovered
4262,51,Female,4,2026-04-27,2026-05-02,recovered
4263,33,Female,4,2026-04-12,2026-04-16,recovered
4264,9,Other,4,2026-04-09,2026-04-12,recovered
4265,28,Female,4,2026-04-02,2026-04-05,recovered
4266,46,Female,4,2026-04-04,2026-04-08,recovered
4267,41,Other,4,2026-04-28,2026-05-03,ongoing
4268,35,Male,4,2026-04-06,2026-04-10,ongoing
4269,63,Other,4,2026-04-16,2026-04-20,recovered
4270,29,Female,4,2026-04-12,2026-04-17,ongoing
4271,41,Female,4,2026-04-16,2026-04-18,recovered
4272,61,Female,4,2026-04-22,2026-04-24,recovered
4273,23,Female,4,2026-04-15,2026-04-20,recovered
4274,58,Other,4,2026-04-24,2026-04-27,recovered
4275,53,Female,4,2026-04-04,2026-04-08,recovered
4276,35,Female,4,2026-04-10,2026-04-13,recovered
4277,32,Female,4,2026-04-03,2026-04-08,ongoing
4278,49,Male,4,2026-04-26,2026-04-29,recovered
4279,30,Other,4,2026-04-08,2026-04-10,recovered
4280,55,Female,4,2026-04-13,2026-04-18,recovered
4281,29,Male,4,2026-04-11,2026-04-13,referred
4282,35,Other,4,2026-04-02,2026-04-04,ongoing
4283,45,Female,4,2026-04-18,2026-04-21,deceased
4284,47,Female,4,2026-04-22,2026-04-27,recovered
4285,28,Male,4,2026-04-23,2026-04-25,recovered
4286,33,Female,4,2026-04-06,2026-04-11,recovered
4287,46,Other,4,2026-04-24,2026-04-30,referred
4288,33,Female,4,2026-04-15,2026-04-19,recovered
4289,29,Female,4,2026-04-18,2026-04-24,recovered
4290,61,Male,4,2026-04-21,2026-04-26,deceased
4291,38,Other,4,2026-04-17,2026-04-19,recovered
4292,44,Female,4,2026-04-06,2026-04-08,referred
4293,25,Male,4,2026-04-19,2026-04-23,deceased
4294,40,Other,4,2026-04-05,2026-04-08,recovered
4295,63,Female,4,2026-04-21,2026-04-25,recovered
4296,23,Other,4,2026-04-11,2026-04-16,recovered
4297,53,Female,4,2026-04-09,2026-04-15,recovered
4298,23,Female,4,2026-04-16,2026-04-21,ongoing
4299,51,Female,4,2026-04-13,2026-04-19,referred
4300,50,Other,4,2026-04-01,2026-04-03,recovered
4301,22,Other,4,2026-04-25,2026-04-29,recovered
4302,39,Female,4,2026-04-20,2026-04-26,deceased
4303,56,Male,4,2026-04-18,2026-04-20,deceased
4304,40,Other,4,2026-04-01,2026-04-06,referred
4305,41,Female,4,2026-04-28,2026-05-04,deceased
4306,26,Other,4,2026-04-04,2026-04-08,recovered
4307,31,Female,4,2026-04-12,2026-04-15,ongoing
4308,39,Male,4,2026-04-07,2026-04-09,recovered
4309,38,Male,4,2026-04-21,2026-04-26,deceased
4310,59,Male,4,2026-04-24,2026-04-28,deceased
4311,51,Male,4,2026-04-27,2026-05-02,referred
4312,63,Other,4,2026-04-24,2026-04-26,recovered
4313,78,Other,4,2026-04-26,2026-04-30,recovered
4314,47,Female,4,2026-04-28,2026-05-02,recovered
4315,42,Female,4,2026-04-05,2026-04-10,recovered
4316,51,Other,4,2026-04-19,2026-04-21,recovered
4317,57,Male,4,2026-04-27,2026-05-01,recovered
4318,54,Female,4,2026-04-10,2026-04-13,recovered
4319,46,Male,4,2026-04-07,2026-04-12,referred
4320,49,Female,4,2026-04-26,2026-05-01,recovered
4321,54,Female,4,2026-04-13,2026-04-18,referred
4322,56,Other,4,2026-04-12,2026-04-16,recovered
4323,30,Male,4,2026-04-19,2026-04-22,referred
4324,64,Other,4,2026-04-01,2026-04-05,recovered
4325,52,Male,4,2026-04-28,2026-05-04,referred
4326,33,Female,4,2026-04-10,2026-04-14,recovered
4327,35,Other,4,2026-04-21,2026-04-24,recovered
4328,53,Male,4,2026-04-19,2026-04-21,deceased
4329,41,Other,4,2026-04-04,2026-04-06,recovered
4330,57,Other,4,2026-04-22,2026-04-24,recovered
4331,19,Other,4,2026-04-16,2026-04-20,ongoing
4332,52,Female,4,2026-04-14,2026-04-20,recovered
4333,45,Male,4,2026-04-01,2026-04-04,recovered
4334,53,Male,4,2026-04-26,2026-04-29,deceased
4335,70,Other,4,2026-04-23,2026-04-28,referred
4336,58,Male,4,2026-04-15,2026-04-21,referred
4337,58,Male,4,2026-04-07,2026-04-10,recovered
4338,31,Male,4,2026-04-27,2026-04-30,recovered
4339,44,Female,4,2026-04-02,2026-04-04,recovered
4340,44,Female,4,2026-04-01,2026-04-04,recovered
4341,59,Male,4,2026-04-07,2026-04-10,recovered
4342,38,Male,4,2026-04-21,2026-04-24,recovered
4343,29,Female,4,2026-04-04,2026-04-08,recovered
4344,36,Male,4,2026-04-19,2026-04-22,recovered
4345,36,Other,4,2026-04-16,2026-04-19,referred
4346,20,Other,4,2026-04-23,2026-04-29,recovered
4347,45,Other,4,2026-04-06,2026-04-10,ongoing
4348,34,Male,4,2026-04-15,2026-04-20,deceased
4349,47,Male,4,2026-05-04,2026-05-10,ongoing
4350,70,Female,4,2026-05-24,2026-05-30,deceased
4351,44,Female,4,2026-05-16,2026-05-18,deceased
4352,53,Male,4,2026-05-18,2026-05-24,deceased
4353,58,Male,4,2026-05-04,2026-05-09,recovered
4354,24,Other,4,2026-05-10,2026-05-16,ongoing
4355,59,Other,4,2026-05-25,2026-05-29,recovered
4356,51,Male,4,2026-05-15,2026-05-20,ongoing
4357,47,Female,4,2026-05-08,2026-05-13,recovered
4358,55,Male,4,2026-05-01,2026-05-06,recovered
4359,74,Male,4,2026-05-23,2026-05-24,recovered
4360,47,Female,4,2026-05-17,2026-05-22,recovered
4361,35,Female,4,2026-05-06,2026-05-10,recovered
4362,52,Female,4,2026-05-09,2026-05-11,deceased
4363,48,Male,4,2026-05-28,2026-05-31,recovered
4364,46,Male,4,2026-05-15,2026-05-17,deceased
4365,64,Other,4,2026-05-09,2026-05-11,deceased
4366,52,Other,4,2026-05-23,2026-05-26,recovered
4367,54,Other,4,2026-05-06,2026-05-09,referred
4368,44,Female,4,2026-05-03,2026-05-05,referred
4369,74,Female,4,2026-05-20,2026-05-23,deceased
4370,36,Female,4,2026-05-09,2026-05-13,recovered
4371,37,Female,4,2026-05-19,2026-05-24,recovered
4372,42,Female,4,2026-05-28,2026-06-03,recovered
4373,58,Male,4,2026-05-06,2026-05-08,deceased
4374,52,Male,4,2026-05-05,2026-05-07,recovered
4375,39,Female,4,2026-05-27,2026-06-02,recovered
4376,37,Other,4,2026-05-04,2026-05-08,recovered
4377,34,Female,4,2026-05-02,2026-05-04,recovered
4378,54,Female,4,2026-05-02,2026-05-06,ongoing
4379,42,Female,4,2026-05-13,2026-05-17,deceased
4380,41,Male,4,2026-05-02,2026-05-04,deceased
4381,55,Female,4,2026-05-26,2026-05-29,recovered
4382,36,Female,4,2026-05-19,2026-05-22,ongoing
4383,36,Male,4,2026-05-19,2026-05-21,recovered
4384,57,Female,4,2026-05-02,2026-05-04,recovered
4385,43,Female,4,2026-05-11,2026-05-17,recovered
4386,44,Female,4,2026-05-20,2026-05-24,deceased
4387,37,Male,4,2026-05-25,2026-05-27,recovered
4388,47,Other,4,2026-05-18,2026-05-23,recovered
4389,59,Female,4,2026-05-24,2026-05-28,recovered
4390,32,Male,4,2026-05-06,2026-05-08,recovered
4391,48,Male,4,2026-05-28,2026-06-03,recovered
4392,23,Other,4,2026-05-04,2026-05-08,deceased
4393,55,Female,4,2026-05-03,2026-05-07,recovered
4394,45,Female,4,2026-05-02,2026-05-08,deceased
4395,38,Female,4,2026-05-08,2026-05-13,recovered
4396,67,Female,4,2026-05-12,2026-05-14,recovered
4397,48,Male,4,2026-05-05,2026-05-08,recovered
4398,62,Male,4,2026-05-24,2026-05-30,ongoing
4399,55,Female,4,2026-05-09,2026-05-12,recovered
4400,23,Female,4,2026-05-13,2026-05-17,referred
4401,36,Female,4,2026-05-06,2026-05-09,recovered
4402,36,Female,4,2026-05-16,2026-05-19,ongoing
4403,11,Female,4,2026-05-27,2026-05-30,recovered
4404,32,Male,4,2026-05-12,2026-05-17,ongoing
4405,39,Male,4,2026-05-18,2026-05-21,ongoing
4406,49,Other,4,2026-05-22,2026-05-24,ongoing
4407,50,Female,4,2026-05-27,2026-05-29,deceased
4408,29,Other,4,2026-05-23,2026-05-26,deceased
4409,44,Other,4,2026-05-18,2026-05-24,referred
4410,61,Female,4,2026-05-14,2026-05-16,recovered
4411,34,Female,4,2026-05-02,2026-05-08,recovered
4412,44,Female,4,2026-05-01,2026-05-05,recovered
4413,81,Male,4,2026-05-27,2026-06-01,ongoing
4414,39,Other,4,2026-05-02,2026-05-06,deceased
4415,41,Female,4,2026-05-19,2026-05-21,ongoing
4416,46,Other,4,2026-05-24,2026-05-29,deceased
4417,58,Female,4,2026-05-25,2026-05-31,deceased
4418,42,Female,4,2026-05-07,2026-05-12,recovered
4419,31,Male,4,2026-05-18,2026-05-21,ongoing
4420,50,Other,4,2026-05-06,2026-05-08,ongoing
4421,38,Male,4,2026-05-14,2026-05-17,recovered
4422,48,Female,4,2026-05-03,2026-05-09,referred
4423,52,Male,4,2026-05-24,2026-05-28,recovered
4424,42,Female,4,2026-05-11,2026-05-12,deceased
4425,61,Female,4,2026-05-07,2026-05-08,recovered
4426,47,Female,4,2026-05-26,2026-05-29,recovered
4427,44,Other,4,2026-05-08,2026-05-12,ongoing
4428,44,Male,4,2026-05-25,2026-05-30,recovered
4429,45,Male,4,2026-05-09,2026-05-11,recovered
4430,42,Female,4,2026-05-19,2026-05-24,deceased
4431,13,Other,4,2026-05-08,2026-05-10,referred
4432,46,Other,4,2026-05-18,2026-05-24,referred
4433,35,Other,4,2026-05-15,2026-05-20,deceased
4434,36,Other,4,2026-05-24,2026-05-27,deceased
4435,56,Female,4,2026-05-03,2026-05-09,recovered
4436,32,Male,4,2026-05-13,2026-05-16,recovered
4437,60,Female,4,2026-05-20,2026-05-25,recovered
4438,42,Male,4,2026-05-14,2026-05-16,referred
4439,16,Other,4,2026-05-27,2026-05-30,recovered
4440,55,Other,4,2026-05-11,2026-05-13,ongoing
4441,44,Other,4,2026-05-21,2026-05-24,deceased
4442,60,Male,4,2026-05-10,2026-05-12,recovered
4443,46,Male,4,2026-05-21,2026-05-24,recovered
4444,43,Male,4,2026-05-11,2026-05-16,recovered
4445,31,Other,4,2026-05-14,2026-05-16,ongoing
4446,73,Male,4,2026-05-09,2026-05-12,deceased
4447,47,Male,4,2026-05-13,2026-05-17,ongoing
4448,48,Male,4,2026-05-05,2026-05-08,deceased
4449,39,Other,4,2026-05-05,2026-05-10,recovered
4450,43,Other,4,2026-05-05,2026-05-10,recovered
4451,44,Female,4,2026-05-20,2026-05-26,recovered
4452,45,Other,4,2026-05-02,2026-05-06,recovered
4453,41,Female,4,2026-05-16,2026-05-19,deceased
4454,51,Female,4,2026-05-12,2026-05-17,recovered
4455,56,Female,4,2026-05-10,2026-05-12,recovered
4456,39,Female,4,2026-05-01,2026-05-04,ongoing
4457,38,Male,4,2026-05-04,2026-05-10,recovered
4458,42,Female,4,2026-05-18,2026-05-20,recovered
4459,36,Other,4,2026-05-21,2026-05-23,recovered
4460,36,Female,4,2026-05-10,2026-05-15,recovered
4461,37,Male,4,2026-05-02,2026-05-04,recovered
4462,39,Male,4,2026-05-14,2026-05-16,recovered
4463,48,Male,4,2026-05-18,2026-05-21,referred
4464,49,Female,4,2026-05-24,2026-05-30,recovered
4465,57,Male,4,2026-05-19,2026-05-24,recovered
4466,38,Male,4,2026-05-05,2026-05-07,ongoing
4467,30,Male,4,2026-05-23,2026-05-26,recovered
4468,45,Male,4,2026-05-27,2026-06-01,recovered
4469,56,Female,4,2026-05-13,2026-05-18,recovered
4470,42,Female,4,2026-05-15,2026-05-18,deceased
4471,46,Other,4,2026-05-21,2026-05-24,recovered
4472,42,Male,4,2026-05-11,2026-05-14,recovered
4473,38,Male,4,2026-05-24,2026-05-29,recovered
4474,38,Female,4,2026-05-28,2026-05-30,recovered
4475,88,Other,4,2026-05-18,2026-05-24,recovered
4476,70,Male,4,2026-05-06,2026-05-12,referred
4477,13,Female,4,2026-05-22,2026-05-24,recovered
4478,53,Female,4,2026-05-01,2026-05-05,referred
4479,32,Female,4,2026-05-26,2026-05-29,recovered
4480,61,Male,4,2026-05-28,2026-05-30,ongoing
4481,30,Other,4,2026-05-15,2026-05-21,deceased
4482,54,Other,4,2026-05-28,2026-05-31,recovered
4483,51,Male,4,2026-05-16,2026-05-20,referred
4484,48,Male,4,2026-05-07,2026-05-10,recovered
4485,39,Male,4,2026-05-04,2026-05-09,recovered
4486,61,Male,4,2026-05-05,2026-05-08,deceased
4487,40,Female,4,2026-05-07,2026-05-10,ongoing
4488,58,Female,4,2026-05-05,2026-05-11,recovered
4489,35,Male,4,2026-05-11,2026-05-16,recovered
4490,49,Female,4,2026-05-12,2026-05-15,recovered
4491,43,Male,4,2026-05-13,2026-05-18,deceased
4492,55,Other,4,2026-05-04,2026-05-06,recovered
4493,29,Female,4,2026-05-25,2026-05-27,recovered
4494,39,Female,4,2026-05-01,2026-05-07,recovered
4495,34,Other,4,2026-05-10,2026-05-13,deceased
4496,23,Female,4,2026-05-28,2026-06-01,referred
4497,40,Other,4,2026-05-03,2026-05-07,recovered
4498,68,Male,4,2026-05-13,2026-05-16,recovered
4499,48,Male,4,2026-05-28,2026-05-30,recovered
4500,47,Male,4,2026-05-27,2026-06-02,recovered
4501,63,Female,4,2026-05-22,2026-05-27,deceased
4502,55,Female,4,2026-05-01,2026-05-03,recovered
4503,58,Female,4,2026-05-10,2026-05-14,recovered
4504,40,Other,4,2026-05-05,2026-05-07,recovered
4505,46,Female,4,2026-05-02,2026-05-08,recovered
4506,49,Other,4,2026-05-20,2026-05-24,ongoing
4507,50,Male,4,2026-05-20,2026-05-26,recovered
4508,46,Female,4,2026-05-01,2026-05-03,deceased
4509,45,Male,4,2026-05-04,2026-05-07,ongoing
4510,29,Other,4,2026-05-27,2026-05-31,recovered
4511,59,Female,4,2026-05-02,2026-05-07,recovered
4512,56,Male,4,2026-05-25,2026-05-31,referred
4513,45,Other,4,2026-05-23,2026-05-27,recovered
4514,40,Male,4,2026-05-04,2026-05-08,deceased
4515,18,Male,4,2026-05-21,2026-05-25,referred
4516,40,Female,4,2026-05-04,2026-05-06,recovered
4517,48,Female,4,2026-05-08,2026-05-11,recovered
4518,50,Female,4,2026-05-18,2026-05-22,ongoing
4519,54,Male,4,2026-05-24,2026-05-25,referred
4520,56,Female,4,2026-05-08,2026-05-12,recovered
4521,42,Other,4,2026-05-14,2026-05-16,recovered
4522,38,Female,4,2026-05-27,2026-05-29,referred
4523,11,Male,4,2026-05-20,2026-05-26,recovered
4524,24,Other,4,2026-05-16,2026-05-21,recovered
4525,47,Female,4,2026-05-16,2026-05-19,ongoing
4526,59,Male,4,2026-05-28,2026-05-30,recovered
4527,66,Other,4,2026-05-26,2026-05-29,recovered
4528,46,Other,4,2026-05-26,2026-05-29,recovered
4529,43,Female,4,2026-05-01,2026-05-03,deceased
4530,71,Female,4,2026-05-25,2026-05-27,recovered
4531,57,Female,4,2026-05-06,2026-05-12,ongoing
4532,57,Other,4,2026-05-22,2026-05-27,recovered
4533,32,Female,4,2026-05-28,2026-06-01,deceased
4534,53,Male,4,2026-05-15,2026-05-20,recovered
4535,57,Male,4,2026-05-14,2026-05-18,referred
4536,56,Female,4,2026-05-24,2026-05-30,recovered
4537,55,Male,4,2026-05-11,2026-05-13,deceased
4538,54,Male,4,2026-05-05,2026-05-08,recovered
4539,20,Other,4,2026-05-01,2026-05-03,deceased
4540,72,Female,4,2026-05-09,2026-05-15,recovered
4541,44,Other,4,2026-05-28,2026-05-30,deceased
4542,38,Male,4,2026-05-08,2026-05-12,ongoing
4543,47,Male,4,2026-05-28,2026-05-31,recovered
4544,46,Male,4,2026-05-24,2026-05-27,deceased
4545,52,Male,4,2026-06-28,2026-07-01,recovered
4546,55,Other,4,2026-06-16,2026-06-21,recovered
4547,42,Other,4,2026-06-23,2026-06-26,deceased
4548,35,Other,4,2026-06-11,2026-06-14,recovered
4549,51,Male,4,2026-06-03,2026-06-04,recovered
4550,45,Female,4,2026-06-14,2026-06-17,recovered
4551,32,Male,4,2026-06-17,2026-06-22,recovered
4552,37,Male,4,2026-06-16,2026-06-19,recovered
4553,49,Male,4,2026-06-24,2026-06-29,recovered
4554,39,Male,4,2026-06-16,2026-06-19,recovered
4555,46,Male,4,2026-06-08,2026-06-12,recovered
4556,29,Female,4,2026-06-12,2026-06-15,deceased
4557,36,Female,4,2026-06-21,2026-06-23,recovered
4558,29,Female,4,2026-06-24,2026-06-27,recovered
4559,46,Male,4,2026-06-26,2026-06-29,deceased
4560,19,Female,4,2026-06-09,2026-06-12,recovered
4561,50,Female,4,2026-06-05,2026-06-07,recovered
4562,47,Female,4,2026-06-02,2026-06-07,recovered
4563,43,Other,4,2026-06-12,2026-06-15,referred
4564,64,Male,4,2026-06-25,2026-06-28,recovered
4565,41,Male,4,2026-06-04,2026-06-08,deceased
4566,53,Male,4,2026-06-06,2026-06-12,deceased
4567,33,Female,4,2026-06-03,2026-06-09,referred
4568,44,Female,4,2026-06-06,2026-06-09,ongoing
4569,46,Other,4,2026-06-06,2026-06-09,recovered
4570,31,Female,4,2026-06-05,2026-06-11,ongoing
4571,59,Female,4,2026-06-17,2026-06-23,recovered
4572,44,Female,4,2026-06-05,2026-06-06,referred
4573,69,Female,4,2026-06-07,2026-06-09,recovered
4574,36,Female,4,2026-06-07,2026-06-12,recovered
4575,40,Other,4,2026-06-14,2026-06-19,recovered
4576,50,Female,4,2026-06-24,2026-06-28,ongoing
4577,43,Male,4,2026-06-02,2026-06-05,ongoing
4578,42,Other,4,2026-06-17,2026-06-23,referred
4579,36,Female,4,2026-06-08,2026-06-10,recovered
4580,23,Male,4,2026-06-01,2026-06-04,referred
4581,39,Female,4,2026-06-17,2026-06-23,ongoing
4582,40,Male,4,2026-06-14,2026-06-19,ongoing
4583,67,Male,4,2026-06-28,2026-07-02,recovered
4584,38,Male,4,2026-06-22,2026-06-27,recovered
4585,27,Female,4,2026-06-15,2026-06-17,recovered
4586,47,Male,4,2026-06-23,2026-06-26,recovered
4587,22,Female,4,2026-06-14,2026-06-20,deceased
4588,31,Female,4,2026-06-26,2026-06-30,deceased
4589,59,Female,4,2026-06-06,2026-06-10,recovered
4590,27,Male,4,2026-06-24,2026-06-26,referred
4591,35,Male,4,2026-06-06,2026-06-08,deceased
4592,33,Male,4,2026-06-03,2026-06-09,referred
4593,56,Female,4,2026-06-16,2026-06-20,recovered
4594,55,Female,4,2026-06-02,2026-06-07,ongoing
4595,38,Female,4,2026-06-18,2026-06-21,ongoing
4596,69,Male,4,2026-06-18,2026-06-21,recovered
4597,46,Other,4,2026-06-04,2026-06-10,deceased
4598,44,Male,4,2026-06-26,2026-06-28,recovered
4599,61,Other,4,2026-06-24,2026-06-27,recovered
4600,40,Male,4,2026-06-04,2026-06-10,recovered
4601,39,Female,4,2026-06-22,2026-06-25,ongoing
4602,45,Female,4,2026-06-01,2026-06-07,recovered
4603,54,Female,4,2026-06-25,2026-06-26,recovered
4604,90,Male,4,2026-06-15,2026-06-21,recovered
4605,62,Female,4,2026-06-22,2026-06-23,recovered
4606,48,Female,4,2026-06-14,2026-06-20,recovered
4607,46,Female,4,2026-06-09,2026-06-12,recovered
4608,51,Female,4,2026-06-19,2026-06-22,recovered
4609,54,Other,4,2026-06-08,2026-06-14,recovered
4610,45,Male,4,2026-06-24,2026-06-27,recovered
4611,32,Other,4,2026-06-02,2026-06-04,recovered
4612,62,Female,4,2026-06-04,2026-06-09,referred
4613,37,Female,4,2026-06-20,2026-06-23,recovered
4614,46,Female,4,2026-06-18,2026-06-24,ongoing
4615,48,Male,4,2026-06-04,2026-06-09,deceased
4616,64,Male,4,2026-06-19,2026-06-24,recovered
4617,33,Male,4,2026-06-27,2026-07-01,deceased
4618,51,Female,4,2026-06-06,2026-06-10,ongoing
4619,62,Male,4,2026-06-21,2026-06-24,ongoing
4620,42,Male,4,2026-06-24,2026-06-28,recovered
4621,28,Male,4,2026-06-15,2026-06-20,deceased
4622,44,Female,4,2026-06-01,2026-06-04,recovered
4623,50,Other,4,2026-06-25,2026-06-28,recovered
4624,39,Male,4,2026-06-22,2026-06-27,ongoing
4625,38,Male,4,2026-06-27,2026-07-03,recovered
4626,40,Male,4,2026-06-25,2026-06-30,deceased
4627,41,Male,4,2026-06-08,2026-06-12,ongoing
4628,61,Female,4,2026-06-08,2026-06-10,recovered
4629,60,Female,4,2026-06-07,2026-06-10,recovered
4630,74,Male,4,2026-06-03,2026-06-05,referred
4631,47,Other,4,2026-06-26,2026-06-29,referred
4632,41,Male,4,2026-06-08,2026-06-14,recovered
4633,52,Female,4,2026-06-26,2026-07-01,ongoing
4634,39,Other,4,2026-06-17,2026-06-22,recovered
4635,29,Female,4,2026-06-23,2026-06-28,recovered
4636,29,Female,4,2026-06-06,2026-06-09,recovered
4637,61,Male,4,2026-06-06,2026-06-10,recovered
4638,63,Other,4,2026-06-19,2026-06-24,referred
4639,56,Male,4,2026-06-08,2026-06-10,recovered
4640,24,Male,4,2026-06-06,2026-06-12,recovered
4641,35,Other,4,2026-06-25,2026-06-28,ongoing
4642,38,Male,4,2026-06-20,2026-06-22,recovered
4643,36,Female,4,2026-06-05,2026-06-08,recovered
4644,45,Male,4,2026-06-10,2026-06-14,recovered
4645,31,Male,4,2026-06-03,2026-06-09,referred
4646,56,Female,4,2026-06-03,2026-06-07,recovered
4647,50,Female,4,2026-06-20,2026-06-26,recovered
4648,49,Male,4,2026-06-03,2026-06-08,recovered
4649,18,Male,4,2026-06-12,2026-06-15,recovered
4650,63,Other,4,2026-06-11,2026-06-13,referred
4651,68,Male,4,2026-06-13,2026-06-16,ongoing
4652,62,Female,4,2026-06-14,2026-06-16,recovered
4653,56,Other,4,2026-06-01,2026-06-05,recovered
4654,63,Male,4,2026-06-11,2026-06-17,recovered
4655,54,Female,4,2026-06-07,2026-06-09,deceased
4656,52,Male,4,2026-06-11,2026-06-14,recovered
4657,45,Male,4,2026-06-09,2026-06-11,recovered
4658,38,Male,4,2026-06-08,2026-06-13,ongoing
4659,57,Female,4,2026-06-28,2026-07-02,recovered
4660,37,Female,4,2026-06-15,2026-06-19,recovered
4661,49,Male,4,2026-06-23,2026-06-28,ongoing
4662,39,Male,4,2026-06-18,2026-06-21,referred
4663,39,Male,4,2026-06-26,2026-07-01,ongoing
4664,29,Male,4,2026-06-06,2026-06-11,recovered
4665,30,Female,4,2026-06-25,2026-06-29,deceased
4666,45,Female,4,2026-06-19,2026-06-21,recovered
4667,30,Male,4,2026-06-25,2026-06-27,recovered
4668,35,Male,4,2026-06-12,2026-06-18,recovered
4669,34,Female,4,2026-06-11,2026-06-15,recovered
4670,42,Male,4,2026-06-02,2026-06-08,referred
4671,34,Female,4,2026-06-17,2026-06-22,deceased
4672,57,Male,4,2026-06-24,2026-06-28,referred
4673,31,Female,4,2026-06-14,2026-06-19,recovered
4674,46,Female,4,2026-06-24,2026-06-28,recovered
4675,47,Female,4,2026-06-05,2026-06-10,deceased
4676,32,Male,4,2026-06-25,2026-06-30,referred
4677,38,Female,4,2026-06-12,2026-06-14,recovered
4678,40,Male,4,2026-06-06,2026-06-12,deceased
4679,30,Female,4,2026-06-04,2026-06-08,recovered
4680,63,Male,4,2026-06-25,2026-07-01,recovered
4681,53,Female,4,2026-06-06,2026-06-10,referred
4682,65,Female,4,2026-06-01,2026-06-03,deceased
4683,43,Other,4,2026-06-06,2026-06-09,recovered
4684,55,Male,4,2026-06-20,2026-06-21,ongoing
4685,25,Female,4,2026-06-23,2026-06-28,recovered
4686,60,Male,4,2026-06-05,2026-06-08,recovered
4687,47,Other,4,2026-06-27,2026-07-03,recovered
4688,41,Male,4,2026-06-14,2026-06-16,recovered
4689,65,Other,4,2026-06-27,2026-06-30,recovered
4690,50,Male,4,2026-06-02,2026-06-07,ongoing
4691,46,Female,4,2026-06-08,2026-06-11,recovered
4692,28,Male,4,2026-07-27,2026-07-31,ongoing
4693,49,Male,4,2026-07-08,2026-07-11,ongoing
4694,45,Male,4,2026-07-05,2026-07-09,recovered
4695,60,Female,4,2026-07-13,2026-07-16,deceased
4696,58,Female,4,2026-07-27,2026-07-29,deceased
4697,48,Male,4,2026-07-05,2026-07-08,recovered
4698,60,Female,4,2026-07-01,2026-07-05,recovered
4699,32,Female,4,2026-07-06,2026-07-08,referred
4700,51,Male,4,2026-07-05,2026-07-11,recovered
4701,46,Other,4,2026-07-28,2026-08-03,recovered
4702,38,Female,4,2026-07-10,2026-07-15,recovered
4703,42,Male,4,2026-07-05,2026-07-11,deceased
4704,32,Female,4,2026-07-10,2026-07-12,recovered
4705,37,Male,4,2026-07-06,2026-07-10,recovered
4706,33,Male,4,2026-07-14,2026-07-20,recovered
4707,49,Female,4,2026-07-28,2026-08-02,ongoing
4708,27,Female,4,2026-07-02,2026-07-07,deceased
4709,48,Other,4,2026-07-03,2026-07-07,recovered
4710,40,Female,4,2026-07-01,2026-07-07,ongoing
4711,54,Male,4,2026-07-20,2026-07-24,recovered
4712,63,Female,4,2026-07-10,2026-07-14,recovered
4713,58,Female,4,2026-07-09,2026-07-14,recovered
4714,52,Male,4,2026-07-12,2026-07-16,deceased
4715,37,Other,4,2026-07-07,2026-07-11,deceased
4716,51,Male,4,2026-07-01,2026-07-03,deceased
4717,48,Female,4,2026-07-18,2026-07-21,recovered
4718,70,Male,4,2026-07-18,2026-07-22,referred
4719,23,Male,4,2026-07-15,2026-07-17,recovered
4720,42,Male,4,2026-07-21,2026-07-22,ongoing
4721,58,Male,4,2026-07-11,2026-07-14,recovered
4722,31,Female,4,2026-07-24,2026-07-30,recovered
4723,47,Other,4,2026-07-13,2026-07-18,recovered
4724,68,Other,4,2026-07-27,2026-08-01,deceased
4725,62,Male,4,2026-07-08,2026-07-12,recovered
4726,54,Female,4,2026-07-16,2026-07-22,referred
4727,12,Other,4,2026-07-04,2026-07-07,recovered
4728,54,Male,4,2026-07-09,2026-07-11,recovered
4729,30,Male,4,2026-07-24,2026-07-27,recovered
4730,41,Female,4,2026-07-09,2026-07-15,recovered
4731,45,Male,4,2026-07-22,2026-07-28,recovered
4732,31,Male,4,2026-07-22,2026-07-25,ongoing
4733,44,Male,4,2026-07-12,2026-07-17,recovered
4734,27,Female,4,2026-07-15,2026-07-19,ongoing
4735,46,Male,4,2026-07-27,2026-07-29,referred
4736,33,Other,4,2026-07-15,2026-07-20,recovered
4737,46,Female,4,2026-07-01,2026-07-04,recovered
4738,58,Female,4,2026-07-11,2026-07-17,referred
4739,60,Female,4,2026-07-08,2026-07-12,recovered
4740,35,Female,4,2026-07-01,2026-07-04,referred
4741,27,Male,4,2026-07-07,2026-07-09,ongoing
4742,56,Female,4,2026-07-05,2026-07-07,recovered
4743,27,Male,4,2026-07-14,2026-07-20,deceased
4744,47,Other,4,2026-07-03,2026-07-07,recovered
4745,36,Male,4,2026-07-17,2026-07-22,referred
4746,48,Male,4,2026-07-20,2026-07-25,recovered
4747,36,Female,4,2026-07-16,2026-07-21,referred
4748,41,Other,4,2026-07-17,2026-07-22,deceased
4749,70,Male,4,2026-07-16,2026-07-22,deceased
4750,48,Male,4,2026-07-01,2026-07-07,ongoing
4751,55,Male,4,2026-07-05,2026-07-07,referred
4752,54,Male,4,2026-07-28,2026-08-01,ongoing
4753,44,Female,4,2026-07-28,2026-07-31,recovered
4754,41,Male,4,2026-07-06,2026-07-12,recovered
4755,63,Male,4,2026-07-25,2026-07-27,recovered
4756,36,Other,4,2026-07-07,2026-07-13,ongoing
4757,26,Other,4,2026-07-06,2026-07-11,deceased
4758,43,Female,4,2026-07-18,2026-07-24,recovered
4759,34,Female,4,2026-07-18,2026-07-20,deceased
4760,11,Male,4,2026-07-26,2026-07-29,recovered
4761,58,Male,4,2026-07-24,2026-07-30,ongoing
4762,45,Other,4,2026-07-09,2026-07-11,recovered
4763,41,Female,4,2026-07-06,2026-07-08,recovered
4764,27,Male,4,2026-07-22,2026-07-27,recovered
4765,42,Male,4,2026-07-22,2026-07-28,recovered
4766,43,Female,4,2026-07-25,2026-07-29,recovered
4767,41,Male,4,2026-07-01,2026-07-07,deceased
4768,42,Male,4,2026-07-18,2026-07-22,recovered
4769,11,Male,4,2026-07-09,2026-07-15,recovered
4770,38,Male,4,2026-07-18,2026-07-24,referred
4771,52,Male,4,2026-07-26,2026-07-29,recovered
4772,47,Female,4,2026-07-24,2026-07-28,recovered
4773,63,Male,4,2026-07-17,2026-07-23,referred
4774,45,Male,4,2026-07-08,2026-07-13,referred
4775,46,Male,4,2026-07-17,2026-07-21,recovered
4776,16,Male,4,2026-07-13,2026-07-18,deceased
4777,29,Other,4,2026-07-19,2026-07-25,recovered
4778,20,Female,4,2026-07-11,2026-07-12,deceased
4779,61,Female,4,2026-07-02,2026-07-04,recovered
4780,51,Female,4,2026-07-21,2026-07-24,recovered
4781,42,Male,4,2026-07-07,2026-07-09,recovered
4782,42,Other,4,2026-07-06,2026-07-09,recovered
4783,26,Male,4,2026-07-20,2026-07-26,deceased
4784,38,Male,4,2026-07-10,2026-07-16,deceased
4785,52,Other,4,2026-07-01,2026-07-06,referred
4786,45,Other,4,2026-07-19,2026-07-25,recovered
4787,41,Female,4,2026-07-21,2026-07-26,ongoing
4788,40,Other,4,2026-07-01,2026-07-04,referred
4789,54,Male,4,2026-07-04,2026-07-09,recovered
4790,36,Female,4,2026-07-26,2026-07-30,recovered
4791,19,Female,4,2026-07-01,2026-07-05,ongoing
4792,40,Female,4,2026-07-04,2026-07-08,recovered
4793,52,Female,4,2026-07-07,2026-07-12,recovered
4794,37,Female,4,2026-07-26,2026-07-30,referred
4795,20,Female,4,2026-07-09,2026-07-12,recovered
4796,41,Male,4,2026-07-03,2026-07-05,deceased
4797,49,Male,4,2026-07-22,2026-07-28,recovered
4798,51,Other,4,2026-07-14,2026-07-18,recovered
4799,35,Female,4,2026-07-05,2026-07-11,ongoing
4800,47,Female,4,2026-07-09,2026-07-13,deceased
4801,62,Female,4,2026-07-27,2026-08-02,recovered
4802,51,Male,4,2026-07-05,2026-07-11,recovered
4803,60,Male,4,2026-07-13,2026-07-16,recovered
4804,21,Female,4,2026-07-12,2026-07-15,recovered
4805,37,Male,4,2026-07-17,2026-07-22,deceased
4806,21,Female,4,2026-07-09,2026-07-14,deceased
4807,41,Other,4,2026-07-13,2026-07-18,ongoing
4808,72,Other,4,2026-07-05,2026-07-07,recovered
4809,23,Female,4,2026-07-16,2026-07-19,recovered
4810,68,Female,4,2026-07-05,2026-07-11,recovered
4811,32,Other,4,2026-07-14,2026-07-16,ongoing
4812,53,Male,4,2026-07-14,2026-07-17,recovered
4813,30,Female,4,2026-07-12,2026-07-16,recovered
4814,38,Male,4,2026-07-24,2026-07-26,recovered
4815,58,Other,4,2026-07-20,2026-07-24,ongoing
4816,76,Female,4,2026-07-05,2026-07-06,recovered
4817,61,Female,4,2026-07-03,2026-07-09,recovered
4818,39,Female,4,2026-07-07,2026-07-13,ongoing
4819,63,Female,4,2026-07-19,2026-07-25,ongoing
4820,38,Other,4,2026-07-24,2026-07-28,recovered
4821,30,Female,4,2026-07-07,2026-07-10,ongoing
4822,40,Female,4,2026-07-17,2026-07-21,recovered
4823,57,Male,4,2026-07-20,2026-07-22,recovered
4824,37,Female,4,2026-07-08,2026-07-11,recovered
4825,55,Female,4,2026-07-17,2026-07-23,recovered
4826,18,Other,4,2026-07-11,2026-07-13,referred
4827,38,Female,4,2026-07-07,2026-07-13,recovered
4828,40,Male,4,2026-07-01,2026-07-03,recovered
4829,65,Female,4,2026-07-10,2026-07-12,recovered
4830,42,Male,4,2026-07-27,2026-07-31,deceased
4831,31,Male,4,2026-07-10,2026-07-15,referred
4832,22,Male,4,2026-07-19,2026-07-21,recovered
4833,50,Female,4,2026-07-01,2026-07-03,referred
4834,30,Female,4,2026-07-27,2026-07-31,recovered
4835,34,Female,4,2026-07-19,2026-07-23,recovered
4836,49,Female,4,2026-07-06,2026-07-11,recovered
4837,63,Male,4,2026-07-01,2026-07-04,ongoing
4838,41,Female,4,2026-07-06,2026-07-09,recovered
4839,59,Male,4,2026-07-19,2026-07-25,ongoing
4840,44,Other,4,2026-07-09,2026-07-13,recovered
4841,11,Other,4,2026-07-05,2026-07-11,deceased
4842,29,Male,4,2026-07-02,2026-07-07,recovered
4843,60,Male,4,2026-07-18,2026-07-20,recovered
4844,45,Female,4,2026-07-21,2026-07-27,ongoing
4845,58,Male,4,2026-07-14,2026-07-17,recovered
4846,39,Male,4,2026-07-05,2026-07-10,deceased
4847,59,Male,4,2026-08-10,2026-08-13,referred
4848,39,Male,4,2026-08-06,2026-08-09,referred
4849,25,Male,4,2026-08-07,2026-08-11,recovered
4850,27,Female,4,2026-08-02,2026-08-06,recovered
4851,9,Male,4,2026-08-21,2026-08-23,recovered
4852,45,Other,4,2026-08-14,2026-08-16,deceased
4853,64,Other,4,2026-08-22,2026-08-24,referred
4854,50,Male,4,2026-08-27,2026-08-31,ongoing
4855,50,Female,4,2026-08-07,2026-08-11,recovered
4856,58,Male,4,2026-08-24,2026-08-26,deceased
4857,29,Male,4,2026-08-10,2026-08-13,deceased
4858,50,Male,4,2026-08-09,2026-08-13,recovered
4859,38,Female,4,2026-08-24,2026-08-30,recovered
4860,48,Male,4,2026-08-03,2026-08-09,referred
4861,34,Other,4,2026-08-27,2026-08-31,recovered
4862,65,Male,4,2026-08-26,2026-08-30,referred
4863,50,Female,4,2026-08-18,2026-08-24,referred
4864,44,Other,4,2026-08-06,2026-08-12,recovered
4865,18,Male,4,2026-08-03,2026-08-06,ongoing
4866,68,Male,4,2026-08-27,2026-08-29,ongoing
4867,39,Male,4,2026-08-01,2026-08-04,recovered
4868,43,Male,4,2026-08-27,2026-08-31,referred
4869,40,Male,4,2026-08-26,2026-08-30,recovered
4870,36,Female,4,2026-08-02,2026-08-07,recovered
4871,21,Male,4,2026-08-02,2026-08-05,referred
4872,30,Male,4,2026-08-10,2026-08-13,recovered
4873,67,Other,4,2026-08-18,2026-08-21,deceased
4874,47,Female,4,2026-08-23,2026-08-27,recovered
4875,37,Female,4,2026-08-26,2026-08-30,deceased
4876,28,Male,4,2026-08-06,2026-08-11,recovered
4877,52,Male,4,2026-08-17,2026-08-20,referred
4878,29,Female,4,2026-08-23,2026-08-28,ongoing
4879,38,Male,4,2026-08-18,2026-08-19,recovered
4880,49,Female,4,2026-08-13,2026-08-16,referred
4881,47,Female,4,2026-08-20,2026-08-22,recovered
4882,54,Female,4,2026-08-07,2026-08-09,ongoing
4883,54,Other,4,2026-08-15,2026-08-18,recovered
4884,32,Female,4,2026-08-25,2026-08-30,recovered
4885,61,Male,4,2026-08-02,2026-08-06,ongoing
4886,41,Male,4,2026-08-06,2026-08-08,ongoing
4887,24,Male,4,2026-08-23,2026-08-27,deceased
4888,39,Female,4,2026-08-08,2026-08-10,referred
4889,49,Male,4,2026-08-28,2026-09-03,recovered
4890,32,Male,4,2026-08-18,2026-08-21,ongoing
4891,48,Male,4,2026-08-02,2026-08-05,recovered
4892,35,Male,4,2026-08-20,2026-08-25,recovered
4893,41,Male,4,2026-08-15,2026-08-20,recovered
4894,38,Female,4,2026-08-08,2026-08-12,referred
4895,57,Male,4,2026-08-01,2026-08-05,recovered
4896,41,Male,4,2026-08-16,2026-08-21,deceased
4897,41,Female,4,2026-08-18,2026-08-23,recovered
4898,38,Male,4,2026-08-15,2026-08-20,recovered
4899,36,Female,4,2026-08-24,2026-08-26,ongoing
4900,36,Female,4,2026-08-09,2026-08-12,deceased
4901,54,Female,4,2026-08-13,2026-08-19,recovered
4902,55,Female,4,2026-08-23,2026-08-28,recovered
4903,67,Male,4,2026-08-12,2026-08-15,referred
4904,46,Female,4,2026-08-18,2026-08-21,recovered
4905,46,Female,4,2026-08-16,2026-08-21,ongoing
4906,44,Male,4,2026-08-13,2026-08-15,recovered
4907,33,Male,4,2026-08-08,2026-08-10,recovered
4908,53,Other,4,2026-08-02,2026-08-04,referred
4909,22,Other,4,2026-08-03,2026-08-08,ongoing
4910,55,Female,4,2026-08-19,2026-08-21,ongoing
4911,49,Female,4,2026-08-02,2026-08-06,referred
4912,44,Female,4,2026-08-01,2026-08-03,recovered
4913,49,Female,4,2026-08-20,2026-08-23,deceased
4914,52,Other,4,2026-08-12,2026-08-16,recovered
4915,22,Female,4,2026-08-08,2026-08-14,recovered
4916,33,Other,4,2026-08-02,2026-08-06,recovered
4917,57,Female,4,2026-08-02,2026-08-04,recovered
4918,42,Male,4,2026-08-22,2026-08-25,referred
4919,55,Other,4,2026-08-19,2026-08-25,ongoing
4920,47,Male,4,2026-08-10,2026-08-15,recovered
4921,27,Male,4,2026-08-17,2026-08-19,referred
4922,38,Male,4,2026-08-18,2026-08-22,referred
4923,39,Male,4,2026-08-12,2026-08-16,deceased
4924,69,Female,4,2026-08-11,2026-08-14,recovered
4925,48,Male,4,2026-08-28,2026-08-30,recovered
4926,32,Male,4,2026-08-20,2026-08-24,referred
4927,47,Male,4,2026-08-14,2026-08-17,deceased
4928,69,Male,4,2026-08-14,2026-08-20,ongoing
4929,59,Female,4,2026-08-14,2026-08-16,deceased
4930,45,Female,4,2026-08-14,2026-08-20,recovered
4931,46,Other,4,2026-08-05,2026-08-07,recovered
4932,40,Female,4,2026-08-01,2026-08-03,referred
4933,47,Male,4,2026-08-01,2026-08-03,recovered
4934,66,Male,4,2026-08-16,2026-08-21,recovered
4935,40,Female,4,2026-08-02,2026-08-05,recovered
4936,46,Female,4,2026-08-09,2026-08-12,recovered
4937,35,Female,4,2026-08-19,2026-08-22,recovered
4938,48,Female,4,2026-08-24,2026-08-29,recovered
4939,31,Female,4,2026-08-22,2026-08-27,ongoing
4940,7,Female,4,2026-08-02,2026-08-05,recovered
4941,61,Other,4,2026-08-19,2026-08-25,referred
4942,54,Female,4,2026-08-19,2026-08-23,referred
4943,37,Male,4,2026-08-10,2026-08-16,recovered
4944,50,Female,4,2026-08-04,2026-08-08,recovered
4945,43,Female,4,2026-08-23,2026-08-27,recovered
4946,64,Male,4,2026-08-18,2026-08-24,referred
4947,48,Female,4,2026-08-15,2026-08-17,deceased
4948,54,Male,4,2026-08-16,2026-08-21,ongoing
4949,64,Other,4,2026-08-09,2026-08-12,recovered
4950,45,Male,4,2026-08-06,2026-08-08,recovered
4951,54,Other,4,2026-08-16,2026-08-19,referred
4952,67,Female,4,2026-08-16,2026-08-18,recovered
4953,36,Female,4,2026-08-19,2026-08-25,deceased
4954,50,Male,4,2026-08-18,2026-08-24,recovered
4955,26,Female,4,2026-08-25,2026-08-27,recovered
4956,59,Female,4,2026-08-20,2026-08-26,recovered
4957,61,Female,4,2026-08-06,2026-08-10,recovered
4958,35,Male,4,2026-08-24,2026-08-28,referred
4959,45,Other,4,2026-08-05,2026-08-07,recovered
4960,53,Male,4,2026-08-09,2026-08-14,recovered
4961,48,Other,4,2026-08-14,2026-08-18,recovered
4962,68,Male,4,2026-08-10,2026-08-12,recovered
4963,38,Other,4,2026-08-22,2026-08-24,recovered
4964,40,Male,4,2026-08-26,2026-08-31,deceased
4965,40,Male,4,2026-08-11,2026-08-17,recovered
4966,54,Female,4,2026-08-13,2026-08-15,recovered
4967,41,Other,4,2026-08-14,2026-08-18,recovered
4968,41,Female,4,2026-08-04,2026-08-06,deceased
4969,46,Female,4,2026-08-10,2026-08-16,referred
4970,52,Female,4,2026-08-24,2026-08-29,recovered
4971,51,Female,4,2026-08-15,2026-08-19,referred
4972,75,Male,4,2026-08-17,2026-08-22,recovered
4973,44,Female,4,2026-08-13,2026-08-19,recovered
4974,41,Male,4,2026-08-07,2026-08-11,recovered
4975,39,Other,4,2026-08-13,2026-08-18,ongoing
4976,54,Male,4,2026-08-26,2026-08-29,recovered
4977,29,Male,4,2026-08-24,2026-08-29,referred
4978,26,Female,4,2026-08-02,2026-08-04,recovered
4979,55,Male,4,2026-08-01,2026-08-06,ongoing
4980,33,Female,4,2026-08-06,2026-08-10,recovered
4981,75,Female,4,2026-08-12,2026-08-16,recovered
4982,45,Female,4,2026-08-27,2026-08-29,recovered
4983,63,Female,4,2026-08-26,2026-08-30,deceased
4984,42,Male,4,2026-08-09,2026-08-15,recovered
4985,38,Other,4,2026-08-19,2026-08-23,recovered
4986,59,Female,4,2026-08-04,2026-08-08,ongoing
4987,35,Other,4,2026-08-23,2026-08-28,referred
4988,24,Other,4,2026-08-09,2026-08-15,deceased
4989,58,Male,4,2026-08-03,2026-08-06,ongoing
4990,36,Male,4,2026-08-24,2026-08-28,deceased
4991,40,Female,4,2026-08-11,2026-08-12,recovered
4992,65,Female,4,2026-08-27,2026-08-30,recovered
4993,43,Male,4,2026-08-07,2026-08-09,recovered
4994,8,Female,4,2026-08-04,2026-08-06,referred
4995,60,Male,4,2026-08-18,2026-08-22,referred
4996,38,Male,4,2026-08-28,2026-09-03,ongoing
4997,39,Male,4,2026-08-10,2026-08-14,referred
4998,53,Female,4,2026-08-03,2026-08-05,recovered
4999,51,Female,4,2026-08-24,2026-08-29,deceased
5000,41,Male,4,2026-08-19,2026-08-25,recovered
5001,59,Male,4,2026-08-10,2026-08-12,recovered
5002,32,Other,4,2026-08-23,2026-08-27,referred
5003,29,Female,4,2026-08-16,2026-08-18,recovered
5004,43,Other,4,2026-08-07,2026-08-11,referred
5005,25,Male,4,2026-08-16,2026-08-18,recovered
5006,15,Female,4,2026-08-13,2026-08-17,referred
5007,51,Other,4,2026-08-03,2026-08-09,referred
5008,65,Female,4,2026-08-12,2026-08-15,referred
5009,79,Female,4,2026-08-19,2026-08-23,recovered
5010,38,Other,4,2026-08-25,2026-08-30,recovered
5011,42,Female,4,2026-08-22,2026-08-26,recovered
5012,67,Male,4,2026-08-22,2026-08-26,deceased
5013,36,Male,4,2026-08-20,2026-08-26,recovered
5014,48,Other,4,2026-08-27,2026-08-31,recovered
5015,43,Female,4,2026-08-14,2026-08-16,recovered
5016,45,Female,4,2026-08-12,2026-08-18,referred
5017,42,Other,4,2026-08-17,2026-08-20,recovered
5018,60,Male,4,2026-08-11,2026-08-14,recovered
5019,54,Female,4,2026-08-12,2026-08-14,recovered
5020,42,Female,4,2026-08-01,2026-08-02,ongoing
5021,48,Other,4,2026-08-15,2026-08-18,deceased
5022,31,Male,4,2026-08-05,2026-08-08,recovered
5023,37,Female,4,2026-08-03,2026-08-06,recovered
5024,54,Male,4,2026-08-09,2026-08-15,recovered
5025,21,Male,4,2026-08-25,2026-08-29,recovered
5026,24,Female,4,2026-08-26,2026-09-01,recovered
5027,31,Other,4,2026-08-17,2026-08-20,deceased
5028,41,Female,4,2026-08-08,2026-08-14,deceased
5029,12,Female,4,2026-08-02,2026-08-07,recovered
5030,54,Male,4,2026-08-02,2026-08-08,deceased
5031,49,Male,4,2026-08-09,2026-08-11,recovered
5032,63,Male,4,2026-08-02,2026-08-07,referred
5033,44,Other,4,2026-08-02,2026-08-06,deceased
5034,35,Male,4,2026-08-28,2026-08-31,recovered
5035,67,Male,4,2026-08-09,2026-08-14,deceased
5036,46,Female,4,2026-08-20,2026-08-24,deceased
5037,50,Male,4,2026-09-27,2026-10-03,recovered
5038,40,Male,4,2026-09-05,2026-09-09,recovered
5039,44,Male,4,2026-09-12,2026-09-15,recovered
5040,47,Female,4,2026-09-15,2026-09-17,deceased
5041,80,Male,4,2026-09-23,2026-09-27,ongoing
5042,42,Female,4,2026-09-11,2026-09-15,ongoing
5043,58,Other,4,2026-09-09,2026-09-14,recovered
5044,33,Female,4,2026-09-05,2026-09-10,recovered
5045,44,Male,4,2026-09-06,2026-09-11,deceased
5046,52,Male,4,2026-09-08,2026-09-14,ongoing
5047,55,Other,4,2026-09-20,2026-09-26,deceased
5048,57,Female,4,2026-09-28,2026-09-29,deceased
5049,47,Female,4,2026-09-10,2026-09-12,referred
5050,61,Other,4,2026-09-15,2026-09-19,recovered
5051,23,Male,4,2026-09-15,2026-09-18,recovered
5052,69,Male,4,2026-09-17,2026-09-23,referred
5053,49,Female,4,2026-09-17,2026-09-22,deceased
5054,59,Other,4,2026-09-20,2026-09-23,deceased
5055,48,Other,4,2026-09-13,2026-09-18,recovered
5056,34,Female,4,2026-09-06,2026-09-09,recovered
5057,31,Female,4,2026-09-14,2026-09-16,referred
5058,28,Female,4,2026-09-20,2026-09-25,recovered
5059,40,Male,4,2026-09-14,2026-09-20,deceased
5060,60,Male,4,2026-09-15,2026-09-17,recovered
5061,28,Male,4,2026-09-13,2026-09-15,recovered
5062,34,Other,4,2026-09-03,2026-09-09,deceased
5063,37,Female,4,2026-09-25,2026-09-27,recovered
5064,43,Male,4,2026-09-27,2026-09-30,ongoing
5065,20,Female,4,2026-09-10,2026-09-13,recovered
5066,37,Female,4,2026-09-08,2026-09-10,recovered
5067,30,Other,4,2026-09-21,2026-09-25,recovered
5068,49,Female,4,2026-09-05,2026-09-11,recovered
5069,64,Female,4,2026-09-22,2026-09-27,recovered
5070,52,Other,4,2026-09-27,2026-09-30,referred
5071,36,Female,4,2026-09-21,2026-09-25,recovered
5072,30,Male,4,2026-09-19,2026-09-22,recovered
5073,34,Female,4,2026-09-21,2026-09-26,ongoing
5074,50,Other,4,2026-09-17,2026-09-19,ongoing
5075,57,Female,4,2026-09-20,2026-09-25,ongoing
5076,26,Male,4,2026-09-03,2026-09-06,recovered
5077,34,Other,4,2026-09-16,2026-09-20,ongoing
5078,40,Female,4,2026-09-25,2026-09-30,recovered
5079,47,Other,4,2026-09-13,2026-09-18,recovered
5080,55,Male,4,2026-09-14,2026-09-16,deceased
5081,39,Female,4,2026-09-05,2026-09-11,recovered
5082,32,Male,4,2026-09-19,2026-09-22,recovered
5083,49,Male,4,2026-09-04,2026-09-10,referred
5084,27,Other,4,2026-09-03,2026-09-07,recovered
5085,34,Female,4,2026-09-05,2026-09-11,deceased
5086,31,Male,4,2026-09-21,2026-09-26,ongoing
5087,51,Female,4,2026-09-25,2026-09-27,recovered
5088,26,Other,4,2026-09-13,2026-09-16,recovered
5089,38,Female,4,2026-09-28,2026-09-30,deceased
5090,46,Female,4,2026-09-05,2026-09-09,recovered
5091,46,Other,4,2026-09-18,2026-09-22,referred
5092,55,Male,4,2026-09-28,2026-10-02,ongoing
5093,45,Female,4,2026-09-15,2026-09-21,recovered
5094,56,Other,4,2026-09-11,2026-09-15,recovered
5095,43,Female,4,2026-09-28,2026-10-02,recovered
5096,35,Male,4,2026-09-12,2026-09-17,deceased
5097,43,Female,4,2026-09-16,2026-09-20,recovered
5098,22,Male,4,2026-09-11,2026-09-14,referred
5099,18,Male,4,2026-09-28,2026-10-03,recovered
5100,55,Female,4,2026-09-21,2026-09-23,ongoing
5101,43,Male,4,2026-09-20,2026-09-25,recovered
5102,28,Other,4,2026-09-02,2026-09-05,ongoing
5103,49,Female,4,2026-09-07,2026-09-09,recovered
5104,47,Male,4,2026-09-21,2026-09-27,deceased
5105,68,Male,4,2026-09-05,2026-09-11,recovered
5106,41,Female,4,2026-09-13,2026-09-17,recovered
5107,20,Other,4,2026-09-11,2026-09-16,ongoing
5108,64,Other,4,2026-09-03,2026-09-08,referred
5109,31,Male,4,2026-09-15,2026-09-21,deceased
5110,49,Male,4,2026-09-05,2026-09-08,deceased
5111,35,Male,4,2026-09-25,2026-09-30,recovered
5112,57,Male,4,2026-09-16,2026-09-20,recovered
5113,50,Female,4,2026-09-25,2026-10-01,recovered
5114,32,Female,4,2026-09-27,2026-09-29,recovered
5115,22,Other,4,2026-09-05,2026-09-09,referred
5116,47,Male,4,2026-09-07,2026-09-13,ongoing
5117,42,Female,4,2026-09-16,2026-09-19,referred
5118,37,Other,4,2026-09-15,2026-09-18,recovered
5119,45,Other,4,2026-09-18,2026-09-23,deceased
5120,48,Male,4,2026-09-03,2026-09-06,referred
5121,57,Female,4,2026-09-22,2026-09-25,recovered
5122,66,Male,4,2026-09-10,2026-09-12,recovered
5123,43,Other,4,2026-09-18,2026-09-21,recovered
5124,28,Female,4,2026-09-26,2026-09-29,recovered
5125,33,Male,4,2026-09-10,2026-09-13,recovered
5126,54,Male,4,2026-09-06,2026-09-11,referred
5127,26,Female,4,2026-09-21,2026-09-25,recovered
5128,39,Other,4,2026-09-24,2026-09-30,recovered
5129,47,Female,4,2026-09-14,2026-09-16,recovered
5130,45,Male,4,2026-09-03,2026-09-07,recovered
5131,25,Male,4,2026-09-19,2026-09-23,recovered
5132,19,Male,4,2026-09-26,2026-10-01,referred
5133,61,Male,4,2026-09-16,2026-09-19,deceased
5134,31,Female,4,2026-09-18,2026-09-20,deceased
5135,44,Female,4,2026-09-15,2026-09-18,ongoing
5136,38,Female,4,2026-09-13,2026-09-16,recovered
5137,50,Male,4,2026-09-25,2026-10-01,referred
5138,32,Other,4,2026-09-01,2026-09-05,recovered
5139,65,Female,4,2026-09-23,2026-09-28,recovered
5140,63,Other,4,2026-09-15,2026-09-19,referred
5141,16,Male,4,2026-09-13,2026-09-19,recovered
5142,61,Female,4,2026-09-11,2026-09-16,recovered
5143,51,Female,4,2026-09-06,2026-09-11,recovered
5144,41,Female,4,2026-09-22,2026-09-27,recovered
5145,72,Female,4,2026-09-20,2026-09-24,referred
5146,52,Other,4,2026-09-15,2026-09-21,recovered
5147,43,Female,4,2026-09-14,2026-09-18,deceased
5148,43,Male,4,2026-09-15,2026-09-19,recovered
5149,47,Male,4,2026-09-21,2026-09-24,recovered
5150,38,Female,4,2026-09-20,2026-09-22,deceased
5151,19,Male,4,2026-09-28,2026-10-01,recovered
5152,51,Female,4,2026-09-10,2026-09-12,deceased
5153,33,Female,4,2026-09-02,2026-09-04,recovered
5154,55,Other,4,2026-09-07,2026-09-09,deceased
5155,55,Other,4,2026-09-25,2026-09-28,referred
5156,37,Female,4,2026-09-11,2026-09-14,referred
5157,20,Male,4,2026-09-06,2026-09-10,deceased
5158,54,Male,4,2026-09-03,2026-09-06,recovered
5159,74,Other,4,2026-09-07,2026-09-13,recovered
5160,39,Male,4,2026-09-01,2026-09-07,recovered
5161,69,Male,4,2026-09-03,2026-09-08,deceased
5162,41,Male,4,2026-09-10,2026-09-16,ongoing
5163,57,Female,4,2026-09-13,2026-09-17,ongoing
5164,71,Female,4,2026-09-01,2026-09-04,recovered
5165,36,Male,4,2026-09-03,2026-09-06,recovered
5166,54,Other,4,2026-09-22,2026-09-26,deceased
5167,53,Other,4,2026-09-07,2026-09-09,recovered
5168,50,Other,4,2026-09-17,2026-09-21,deceased
5169,58,Male,4,2026-09-11,2026-09-13,recovered
5170,60,Female,4,2026-09-19,2026-09-22,recovered
5171,30,Male,4,2026-09-16,2026-09-21,referred
5172,52,Other,4,2026-09-17,2026-09-22,recovered
5173,39,Female,4,2026-09-02,2026-09-04,recovered
5174,30,Male,4,2026-09-10,2026-09-12,recovered
5175,44,Other,4,2026-09-03,2026-09-09,recovered
5176,59,Male,4,2026-09-06,2026-09-11,recovered
5177,39,Other,4,2026-09-26,2026-09-30,referred
5178,43,Male,4,2026-09-13,2026-09-18,recovered
5179,46,Female,4,2026-09-10,2026-09-12,referred
5180,19,Male,4,2026-09-18,2026-09-23,recovered
5181,37,Male,4,2026-09-28,2026-10-02,recovered
5182,40,Female,4,2026-09-09,2026-09-11,recovered
5183,46,Other,4,2026-09-13,2026-09-15,recovered
5184,49,Male,4,2026-09-28,2026-10-01,referred
5185,51,Male,4,2026-09-01,2026-09-06,referred
5186,41,Female,4,2026-09-04,2026-09-06,recovered
5187,56,Male,4,2026-09-13,2026-09-16,recovered
5188,47,Female,4,2026-09-24,2026-09-28,recovered
5189,22,Female,4,2026-09-04,2026-09-10,deceased
5190,61,Female,4,2026-09-24,2026-09-28,recovered
5191,84,Female,4,2026-09-28,2026-09-30,deceased
5192,54,Female,4,2026-09-19,2026-09-21,recovered
5193,41,Other,4,2026-09-12,2026-09-15,deceased
5194,40,Male,4,2026-09-02,2026-09-08,deceased
5195,41,Male,4,2026-09-07,2026-09-10,recovered
5196,53,Male,4,2026-09-08,2026-09-13,recovered
5197,68,Female,4,2026-09-17,2026-09-20,recovered
5198,40,Male,4,2026-09-24,2026-09-28,deceased
5199,43,Male,4,2026-09-28,2026-10-01,recovered
5200,51,Male,4,2026-09-17,2026-09-20,ongoing
5201,55,Other,4,2026-09-15,2026-09-19,recovered
5202,45,Female,4,2026-09-14,2026-09-16,referred
5203,34,Female,4,2026-09-02,2026-09-07,deceased
5204,38,Female,4,2026-09-15,2026-09-20,referred
5205,42,Male,4,2026-09-28,2026-10-03,recovered
5206,62,Female,4,2026-09-20,2026-09-24,recovered
5207,62,Female,4,2026-09-13,2026-09-19,recovered
5208,56,Other,4,2026-09-12,2026-09-17,deceased
5209,46,Female,4,2026-09-03,2026-09-06,recovered
5210,31,Other,4,2026-09-26,2026-09-29,recovered
5211,39,Female,4,2026-09-20,2026-09-26,deceased
5212,48,Female,4,2026-09-12,2026-09-14,deceased
5213,59,Male,4,2026-09-19,2026-09-24,deceased
5214,68,Male,4,2026-09-13,2026-09-17,referred
5215,25,Female,4,2026-09-08,2026-09-11,recovered
5216,37,Other,4,2026-09-25,2026-09-30,ongoing
5217,50,Female,4,2026-09-11,2026-09-16,recovered
5218,52,Male,4,2026-09-19,2026-09-21,recovered
5219,28,Female,4,2026-09-16,2026-09-18,recovered
5220,24,Female,4,2026-09-24,2026-09-28,recovered
5221,37,Male,4,2026-09-09,2026-09-11,ongoing
5222,33,Other,4,2026-09-24,2026-09-28,recovered
5223,32,Male,4,2026-09-14,2026-09-19,ongoing
5224,55,Female,4,2026-09-16,2026-09-20,ongoing
5225,46,Male,4,2026-09-20,2026-09-25,recovered
5226,21,Female,4,2026-09-04,2026-09-07,referred
5227,57,Female,5,2025-10-03,2025-10-05,referred
5228,35,Female,5,2025-10-15,2025-10-17,recovered
5229,32,Female,5,2025-10-16,2025-10-22,referred
5230,47,Male,5,2025-10-06,2025-10-12,recovered
5231,31,Other,5,2025-10-09,2025-10-14,referred
5232,52,Female,5,2025-10-01,2025-10-06,recovered
5233,46,Male,5,2025-10-24,2025-10-27,recovered
5234,51,Other,5,2025-10-13,2025-10-19,deceased
5235,37,Male,5,2025-10-10,2025-10-16,deceased
5236,48,Female,5,2025-10-05,2025-10-11,recovered
5237,37,Female,5,2025-10-27,2025-11-01,ongoing
5238,56,Other,5,2025-10-04,2025-10-08,deceased
5239,46,Female,5,2025-10-26,2025-10-31,deceased
5240,43,Male,5,2025-10-19,2025-10-22,referred
5241,19,Male,5,2025-10-04,2025-10-07,ongoing
5242,60,Female,5,2025-10-15,2025-10-17,recovered
5243,38,Female,5,2025-10-22,2025-10-24,recovered
5244,29,Male,5,2025-10-08,2025-10-13,recovered
5245,31,Male,5,2025-10-13,2025-10-15,recovered
5246,63,Female,5,2025-10-13,2025-10-19,ongoing
5247,25,Male,5,2025-10-20,2025-10-23,recovered
5248,33,Male,5,2025-10-08,2025-10-11,recovered
5249,31,Female,5,2025-10-16,2025-10-23,referred
5250,52,Male,5,2025-10-09,2025-10-14,recovered
5251,25,Male,5,2025-10-02,2025-10-08,referred
5252,39,Female,5,2025-10-02,2025-10-09,recovered
5253,54,Other,5,2025-10-20,2025-10-23,recovered
5254,49,Male,5,2025-10-04,2025-10-08,ongoing
5255,42,Male,5,2025-10-21,2025-10-26,recovered
5256,40,Female,5,2025-10-28,2025-10-31,recovered
5257,51,Female,5,2025-10-05,2025-10-09,recovered
5258,32,Male,5,2025-10-13,2025-10-20,referred
5259,36,Female,5,2025-10-03,2025-10-09,recovered
5260,38,Male,5,2025-10-28,2025-11-03,ongoing
5261,41,Female,5,2025-10-24,2025-10-31,recovered
5262,54,Male,5,2025-10-07,2025-10-10,recovered
5263,26,Female,5,2025-10-02,2025-10-07,deceased
5264,37,Other,5,2025-10-19,2025-10-21,recovered
5265,46,Male,5,2025-10-02,2025-10-04,deceased
5266,39,Female,5,2025-10-16,2025-10-18,deceased
5267,32,Male,5,2025-10-23,2025-10-25,recovered
5268,17,Male,5,2025-10-10,2025-10-17,recovered
5269,38,Male,5,2025-10-17,2025-10-22,recovered
5270,35,Male,5,2025-10-27,2025-11-01,recovered
5271,49,Other,5,2025-10-05,2025-10-12,recovered
5272,42,Other,5,2025-10-14,2025-10-18,recovered
5273,50,Male,5,2025-10-16,2025-10-20,recovered
5274,38,Male,5,2025-10-18,2025-10-24,recovered
5275,40,Female,5,2025-10-21,2025-10-25,recovered
5276,40,Male,5,2025-10-26,2025-10-31,recovered
5277,52,Male,5,2025-10-08,2025-10-13,recovered
5278,52,Male,5,2025-10-23,2025-10-26,recovered
5279,33,Female,5,2025-10-11,2025-10-13,recovered
5280,36,Male,5,2025-10-03,2025-10-07,deceased
5281,53,Female,5,2025-10-12,2025-10-15,referred
5282,44,Male,5,2025-10-10,2025-10-16,recovered
5283,20,Female,5,2025-10-21,2025-10-25,ongoing
5284,47,Other,5,2025-10-18,2025-10-23,recovered
5285,56,Other,5,2025-10-17,2025-10-21,recovered
5286,37,Other,5,2025-10-17,2025-10-22,recovered
5287,76,Male,5,2025-10-02,2025-10-04,recovered
5288,70,Female,5,2025-10-15,2025-10-18,recovered
5289,17,Female,5,2025-10-12,2025-10-16,recovered
5290,44,Female,5,2025-10-21,2025-10-27,recovered
5291,45,Male,5,2025-10-13,2025-10-17,recovered
5292,32,Male,5,2025-10-09,2025-10-13,recovered
5293,67,Male,5,2025-10-01,2025-10-06,recovered
5294,58,Female,5,2025-10-27,2025-10-30,ongoing
5295,37,Male,5,2025-10-21,2025-10-28,deceased
5296,49,Male,5,2025-10-23,2025-10-27,recovered
5297,58,Other,5,2025-10-01,2025-10-08,ongoing
5298,43,Male,5,2025-10-02,2025-10-07,recovered
5299,58,Female,5,2025-10-05,2025-10-10,ongoing
5300,45,Male,5,2025-10-24,2025-10-26,deceased
5301,49,Female,5,2025-10-26,2025-10-31,recovered
5302,50,Male,5,2025-10-06,2025-10-11,recovered
5303,41,Female,5,2025-10-18,2025-10-21,recovered
5304,51,Male,5,2025-10-20,2025-10-25,recovered
5305,66,Male,5,2025-10-01,2025-10-04,recovered
5306,50,Female,5,2025-10-20,2025-10-26,recovered
5307,52,Male,5,2025-10-26,2025-10-28,deceased
5308,51,Male,5,2025-10-28,2025-11-04,recovered
5309,73,Female,5,2025-10-11,2025-10-18,deceased
5310,34,Female,5,2025-10-21,2025-10-25,deceased
5311,38,Male,5,2025-10-01,2025-10-07,recovered
5312,47,Other,5,2025-10-18,2025-10-25,deceased
5313,74,Male,5,2025-10-15,2025-10-19,deceased
5314,50,Male,5,2025-10-03,2025-10-05,recovered
5315,66,Female,5,2025-10-20,2025-10-23,recovered
5316,21,Female,5,2025-10-03,2025-10-08,deceased
5317,70,Male,5,2025-10-25,2025-10-29,recovered
5318,27,Female,5,2025-10-16,2025-10-21,recovered
5319,47,Male,5,2025-10-24,2025-10-30,referred
5320,47,Other,5,2025-10-17,2025-10-22,recovered
5321,45,Other,5,2025-10-01,2025-10-05,referred
5322,29,Female,5,2025-10-23,2025-10-30,recovered
5323,50,Female,5,2025-10-18,2025-10-23,deceased
5324,49,Female,5,2025-10-22,2025-10-27,recovered
5325,30,Male,5,2025-10-08,2025-10-14,deceased
5326,55,Male,5,2025-10-11,2025-10-16,recovered
5327,26,Male,5,2025-10-26,2025-10-30,ongoing
5328,35,Other,5,2025-10-25,2025-10-28,referred
5329,33,Male,5,2025-10-01,2025-10-07,referred
5330,36,Female,5,2025-10-10,2025-10-14,ongoing
5331,33,Male,5,2025-10-20,2025-10-26,recovered
5332,50,Female,5,2025-10-11,2025-10-15,recovered
5333,25,Male,5,2025-10-15,2025-10-21,recovered
5334,65,Female,5,2025-10-11,2025-10-13,recovered
5335,34,Other,5,2025-10-08,2025-10-12,recovered
5336,40,Male,5,2025-10-05,2025-10-09,ongoing
5337,41,Female,5,2025-10-09,2025-10-12,referred
5338,26,Male,5,2025-10-20,2025-10-26,recovered
5339,58,Female,5,2025-10-10,2025-10-14,recovered
5340,22,Male,5,2025-10-26,2025-11-01,ongoing
5341,45,Male,5,2025-10-10,2025-10-15,recovered
5342,52,Male,5,2025-10-07,2025-10-10,deceased
5343,49,Male,5,2025-11-03,2025-11-07,recovered
5344,49,Female,5,2025-11-08,2025-11-15,ongoing
5345,37,Other,5,2025-11-04,2025-11-07,recovered
5346,57,Female,5,2025-11-13,2025-11-16,ongoing
5347,49,Female,5,2025-11-26,2025-11-30,recovered
5348,51,Female,5,2025-11-08,2025-11-15,recovered
5349,50,Male,5,2025-11-22,2025-11-24,recovered
5350,25,Male,5,2025-11-06,2025-11-13,recovered
5351,51,Female,5,2025-11-21,2025-11-26,recovered
5352,29,Female,5,2025-11-09,2025-11-11,ongoing
5353,61,Other,5,2025-11-14,2025-11-18,recovered
5354,33,Female,5,2025-11-15,2025-11-17,recovered
5355,46,Male,5,2025-11-06,2025-11-11,recovered
5356,42,Female,5,2025-11-15,2025-11-20,recovered
5357,20,Female,5,2025-11-12,2025-11-17,ongoing
5358,29,Male,5,2025-11-07,2025-11-11,recovered
5359,54,Female,5,2025-11-08,2025-11-15,recovered
5360,24,Female,5,2025-11-27,2025-11-30,ongoing
5361,49,Male,5,2025-11-02,2025-11-05,recovered
5362,20,Male,5,2025-11-05,2025-11-07,referred
5363,28,Female,5,2025-11-19,2025-11-21,recovered
5364,36,Other,5,2025-11-20,2025-11-23,recovered
5365,64,Female,5,2025-11-03,2025-11-08,referred
5366,45,Female,5,2025-11-19,2025-11-24,recovered
5367,52,Male,5,2025-11-13,2025-11-15,referred
5368,34,Male,5,2025-11-16,2025-11-18,recovered
5369,42,Other,5,2025-11-20,2025-11-23,deceased
5370,27,Male,5,2025-11-05,2025-11-08,deceased
5371,48,Female,5,2025-11-25,2025-11-28,recovered
5372,36,Female,5,2025-11-13,2025-11-18,recovered
5373,55,Male,5,2025-11-26,2025-12-01,recovered
5374,50,Female,5,2025-11-24,2025-11-27,recovered
5375,53,Male,5,2025-11-01,2025-11-07,recovered
5376,52,Male,5,2025-11-22,2025-11-27,recovered
5377,9,Female,5,2025-11-22,2025-11-26,recovered
5378,45,Female,5,2025-11-02,2025-11-05,referred
5379,61,Female,5,2025-11-25,2025-11-29,ongoing
5380,61,Male,5,2025-11-03,2025-11-09,recovered
5381,32,Other,5,2025-11-18,2025-11-20,recovered
5382,24,Male,5,2025-11-05,2025-11-07,referred
5383,30,Female,5,2025-11-04,2025-11-08,recovered
5384,30,Female,5,2025-11-13,2025-11-18,referred
5385,45,Female,5,2025-11-14,2025-11-17,recovered
5386,52,Female,5,2025-11-18,2025-11-22,recovered
5387,51,Male,5,2025-11-28,2025-11-30,referred
5388,30,Female,5,2025-11-17,2025-11-21,recovered
5389,55,Female,5,2025-11-03,2025-11-05,recovered
5390,29,Female,5,2025-11-02,2025-11-04,recovered
5391,59,Other,5,2025-11-27,2025-11-30,ongoing
5392,35,Female,5,2025-11-23,2025-11-25,referred
5393,53,Other,5,2025-11-23,2025-11-25,referred
5394,56,Female,5,2025-11-21,2025-11-25,recovered
5395,66,Other,5,2025-11-20,2025-11-23,referred
5396,40,Other,5,2025-11-09,2025-11-11,recovered
5397,30,Male,5,2025-11-26,2025-12-01,recovered
5398,54,Male,5,2025-11-17,2025-11-19,recovered
5399,61,Male,5,2025-11-25,2025-11-28,recovered
5400,27,Male,5,2025-11-23,2025-11-27,recovered
5401,47,Male,5,2025-11-14,2025-11-18,recovered
5402,35,Female,5,2025-11-26,2025-11-28,recovered
5403,49,Female,5,2025-11-11,2025-11-18,recovered
5404,68,Female,5,2025-11-27,2025-12-01,recovered
5405,31,Other,5,2025-11-25,2025-11-29,recovered
5406,47,Female,5,2025-11-17,2025-11-20,recovered
5407,48,Male,5,2025-11-06,2025-11-09,deceased
5408,34,Female,5,2025-11-04,2025-11-06,referred
5409,61,Other,5,2025-11-05,2025-11-08,recovered
5410,40,Male,5,2025-11-11,2025-11-15,deceased
5411,32,Female,5,2025-11-04,2025-11-06,deceased
5412,21,Female,5,2025-11-15,2025-11-21,recovered
5413,43,Other,5,2025-11-20,2025-11-27,recovered
5414,24,Male,5,2025-11-19,2025-11-25,referred
5415,60,Male,5,2025-11-09,2025-11-15,recovered
5416,52,Male,5,2025-11-28,2025-12-04,recovered
5417,54,Female,5,2025-11-06,2025-11-08,ongoing
5418,71,Male,5,2025-11-28,2025-12-03,recovered
5419,42,Female,5,2025-11-12,2025-11-19,recovered
5420,30,Male,5,2025-11-04,2025-11-10,referred
5421,54,Other,5,2025-11-21,2025-11-23,ongoing
5422,46,Female,5,2025-11-05,2025-11-07,ongoing
5423,75,Female,5,2025-11-22,2025-11-28,recovered
5424,33,Female,5,2025-11-15,2025-11-20,referred
5425,41,Male,5,2025-11-02,2025-11-09,referred
5426,34,Female,5,2025-11-13,2025-11-17,recovered
5427,31,Other,5,2025-11-13,2025-11-16,recovered
5428,30,Male,5,2025-11-07,2025-11-09,recovered
5429,77,Male,5,2025-11-26,2025-12-02,referred
5430,50,Other,5,2025-11-22,2025-11-26,recovered
5431,61,Female,5,2025-12-27,2025-12-30,deceased
5432,41,Female,5,2025-12-07,2025-12-11,referred
5433,60,Other,5,2025-12-19,2025-12-23,ongoing
5434,39,Male,5,2025-12-13,2025-12-17,referred
5435,56,Male,5,2025-12-07,2025-12-11,ongoing
5436,29,Other,5,2025-12-10,2025-12-16,recovered
5437,35,Other,5,2025-12-01,2025-12-06,referred
5438,55,Female,5,2025-12-27,2025-12-29,recovered
5439,45,Other,5,2025-12-09,2025-12-14,recovered
5440,39,Male,5,2025-12-12,2025-12-14,recovered
5441,43,Male,5,2025-12-04,2025-12-11,deceased
5442,51,Male,5,2025-12-17,2025-12-23,ongoing
5443,29,Male,5,2025-12-02,2025-12-05,recovered
5444,42,Male,5,2025-12-09,2025-12-14,recovered
5445,57,Other,5,2025-12-02,2025-12-05,recovered
5446,50,Male,5,2025-12-03,2025-12-08,recovered
5447,57,Female,5,2025-12-17,2025-12-22,recovered
5448,54,Male,5,2025-12-10,2025-12-14,ongoing
5449,43,Female,5,2025-12-02,2025-12-05,ongoing
5450,43,Female,5,2025-12-11,2025-12-15,recovered
5451,35,Male,5,2025-12-16,2025-12-22,ongoing
5452,48,Female,5,2025-12-02,2025-12-04,deceased
5453,58,Other,5,2025-12-22,2025-12-24,referred
5454,35,Male,5,2025-12-23,2025-12-26,recovered
5455,31,Other,5,2025-12-03,2025-12-05,recovered
5456,43,Other,5,2025-12-04,2025-12-06,recovered
5457,28,Other,5,2025-12-27,2026-01-02,recovered
5458,51,Female,5,2025-12-22,2025-12-25,recovered
5459,39,Male,5,2025-12-16,2025-12-22,ongoing
5460,18,Male,5,2025-12-07,2025-12-11,recovered
5461,33,Female,5,2025-12-21,2025-12-26,referred
5462,37,Female,5,2025-12-05,2025-12-10,recovered
5463,29,Other,5,2025-12-08,2025-12-15,recovered
5464,36,Female,5,2025-12-10,2025-12-12,referred
5465,62,Male,5,2025-12-05,2025-12-07,ongoing
5466,33,Male,5,2025-12-02,2025-12-04,ongoing
5467,30,Other,5,2025-12-27,2025-12-30,deceased
5468,52,Female,5,2025-12-07,2025-12-09,recovered
5469,40,Female,5,2025-12-05,2025-12-11,recovered
5470,51,Female,5,2025-12-16,2025-12-22,ongoing
5471,47,Male,5,2025-12-18,2025-12-24,deceased
5472,56,Female,5,2025-12-24,2025-12-29,recovered
5473,37,Male,5,2025-12-05,2025-12-11,recovered
5474,53,Female,5,2025-12-01,2025-12-07,deceased
5475,74,Female,5,2025-12-07,2025-12-14,recovered
5476,46,Female,5,2025-12-24,2025-12-30,deceased
5477,62,Female,5,2025-12-27,2025-12-30,deceased
5478,25,Male,5,2025-12-16,2025-12-20,recovered
5479,49,Female,5,2025-12-25,2025-12-29,referred
5480,50,Female,5,2025-12-17,2025-12-24,recovered
5481,74,Female,5,2025-12-25,2025-12-30,recovered
5482,46,Male,5,2025-12-02,2025-12-08,recovered
5483,42,Male,5,2025-12-07,2025-12-10,recovered
5484,54,Female,5,2025-12-24,2025-12-29,recovered
5485,56,Female,5,2025-12-04,2025-12-10,recovered
5486,24,Female,5,2025-12-22,2025-12-27,recovered
5487,35,Female,5,2025-12-13,2025-12-17,recovered
5488,37,Male,5,2025-12-25,2025-12-29,recovered
5489,38,Female,5,2025-12-20,2025-12-25,recovered
5490,30,Male,5,2025-12-10,2025-12-16,recovered
5491,63,Male,5,2025-12-20,2025-12-25,recovered
5492,70,Male,5,2025-12-22,2025-12-26,recovered
5493,51,Female,5,2025-12-25,2025-12-29,deceased
5494,64,Male,5,2025-12-03,2025-12-08,recovered
5495,32,Male,5,2025-12-20,2025-12-25,recovered
5496,48,Male,5,2025-12-22,2025-12-25,deceased
5497,49,Male,5,2025-12-04,2025-12-07,recovered
5498,27,Male,5,2025-12-02,2025-12-08,recovered
5499,48,Male,5,2025-12-03,2025-12-07,recovered
5500,38,Female,5,2025-12-17,2025-12-19,recovered
5501,47,Female,5,2025-12-18,2025-12-23,recovered
5502,55,Other,5,2025-12-20,2025-12-24,deceased
5503,41,Female,5,2025-12-07,2025-12-10,recovered
5504,60,Other,5,2025-12-16,2025-12-22,recovered
5505,30,Male,5,2025-12-04,2025-12-07,recovered
5506,54,Other,5,2025-12-08,2025-12-15,recovered
5507,39,Female,5,2025-12-21,2025-12-25,recovered
5508,69,Female,5,2025-12-07,2025-12-09,referred
5509,34,Other,5,2025-12-05,2025-12-11,recovered
5510,51,Male,5,2025-12-10,2025-12-14,recovered
5511,77,Female,5,2025-12-28,2026-01-03,referred
5512,21,Male,5,2025-12-05,2025-12-08,deceased
5513,43,Male,5,2025-12-02,2025-12-07,ongoing
5514,25,Male,5,2025-12-13,2025-12-18,recovered
5515,47,Other,5,2025-12-22,2025-12-28,recovered
5516,33,Male,5,2025-12-18,2025-12-24,recovered
5517,54,Female,5,2025-12-27,2025-12-29,referred
5518,35,Female,5,2025-12-02,2025-12-08,recovered
5519,61,Female,5,2025-12-11,2025-12-18,ongoing
5520,20,Female,5,2025-12-23,2025-12-29,deceased
5521,64,Other,5,2025-12-01,2025-12-03,recovered
5522,52,Male,5,2026-01-20,2026-01-25,ongoing
5523,41,Male,5,2026-01-15,2026-01-19,deceased
5524,20,Male,5,2026-01-27,2026-02-01,recovered
5525,56,Male,5,2026-01-17,2026-01-22,recovered
5526,41,Other,5,2026-01-11,2026-01-16,deceased
5527,65,Male,5,2026-01-06,2026-01-11,recovered
5528,51,Female,5,2026-01-23,2026-01-26,recovered
5529,46,Other,5,2026-01-14,2026-01-16,referred
5530,31,Male,5,2026-01-01,2026-01-05,recovered
5531,40,Other,5,2026-01-05,2026-01-10,recovered
5532,47,Male,5,2026-01-25,2026-01-29,deceased
5533,65,Female,5,2026-01-15,2026-01-21,recovered
5534,23,Male,5,2026-01-27,2026-02-02,recovered
5535,63,Female,5,2026-01-12,2026-01-17,recovered
5536,38,Female,5,2026-01-28,2026-02-02,recovered
5537,8,Male,5,2026-01-20,2026-01-24,ongoing
5538,44,Male,5,2026-01-19,2026-01-26,recovered
5539,50,Male,5,2026-01-22,2026-01-26,referred
5540,93,Male,5,2026-01-01,2026-01-07,recovered
5541,18,Other,5,2026-01-26,2026-01-30,recovered
5542,48,Female,5,2026-01-16,2026-01-20,referred
5543,58,Female,5,2026-01-17,2026-01-22,recovered
5544,41,Male,5,2026-01-18,2026-01-22,recovered
5545,26,Female,5,2026-01-03,2026-01-09,recovered
5546,58,Female,5,2026-01-13,2026-01-16,recovered
5547,21,Other,5,2026-01-14,2026-01-18,recovered
5548,53,Female,5,2026-01-19,2026-01-24,recovered
5549,83,Male,5,2026-01-21,2026-01-25,recovered
5550,32,Other,5,2026-01-06,2026-01-11,referred
5551,33,Other,5,2026-01-23,2026-01-28,ongoing
5552,35,Other,5,2026-01-08,2026-01-14,ongoing
5553,36,Female,5,2026-01-04,2026-01-06,recovered
5554,57,Other,5,2026-01-14,2026-01-17,deceased
5555,70,Other,5,2026-01-16,2026-01-20,recovered
5556,48,Male,5,2026-01-24,2026-01-29,recovered
5557,55,Female,5,2026-01-03,2026-01-10,recovered
5558,41,Female,5,2026-01-25,2026-01-29,ongoing
5559,67,Other,5,2026-01-19,2026-01-22,deceased
5560,55,Male,5,2026-01-12,2026-01-18,deceased
5561,27,Male,5,2026-01-03,2026-01-08,ongoing
5562,51,Male,5,2026-01-14,2026-01-16,deceased
5563,36,Other,5,2026-01-02,2026-01-04,referred
5564,38,Female,5,2026-01-21,2026-01-24,ongoing
5565,36,Male,5,2026-01-27,2026-02-02,referred
5566,57,Female,5,2026-01-08,2026-01-13,ongoing
5567,66,Male,5,2026-01-07,2026-01-09,referred
5568,61,Other,5,2026-01-01,2026-01-03,recovered
5569,36,Male,5,2026-01-27,2026-02-01,recovered
5570,45,Male,5,2026-01-22,2026-01-27,recovered
5571,53,Female,5,2026-01-06,2026-01-08,deceased
5572,34,Male,5,2026-01-04,2026-01-09,recovered
5573,77,Female,5,2026-01-06,2026-01-12,recovered
5574,47,Female,5,2026-01-05,2026-01-11,recovered
5575,58,Other,5,2026-01-21,2026-01-26,recovered
5576,60,Male,5,2026-01-12,2026-01-15,recovered
5577,21,Male,5,2026-01-23,2026-01-29,deceased
5578,45,Male,5,2026-01-21,2026-01-27,recovered
5579,35,Female,5,2026-01-22,2026-01-29,recovered
5580,55,Other,5,2026-01-02,2026-01-08,recovered
5581,38,Male,5,2026-01-26,2026-01-29,recovered
5582,36,Male,5,2026-01-09,2026-01-12,recovered
5583,73,Female,5,2026-01-13,2026-01-18,recovered
5584,23,Male,5,2026-01-28,2026-02-01,ongoing
5585,20,Male,5,2026-01-07,2026-01-13,referred
5586,35,Female,5,2026-01-18,2026-01-25,deceased
5587,52,Male,5,2026-01-14,2026-01-20,ongoing
5588,81,Male,5,2026-01-11,2026-01-14,deceased
5589,28,Male,5,2026-01-22,2026-01-28,ongoing
5590,47,Female,5,2026-01-20,2026-01-23,deceased
5591,50,Male,5,2026-01-21,2026-01-25,recovered
5592,28,Female,5,2026-01-08,2026-01-14,ongoing
5593,32,Male,5,2026-01-23,2026-01-26,recovered
5594,42,Male,5,2026-01-26,2026-01-28,ongoing
5595,38,Male,5,2026-01-06,2026-01-11,recovered
5596,49,Female,5,2026-01-15,2026-01-18,deceased
5597,26,Female,5,2026-01-20,2026-01-26,recovered
5598,36,Female,5,2026-01-24,2026-01-28,deceased
5599,25,Male,5,2026-01-19,2026-01-22,recovered
5600,22,Male,5,2026-01-18,2026-01-25,recovered
5601,51,Male,5,2026-01-05,2026-01-08,referred
5602,44,Male,5,2026-01-05,2026-01-10,recovered
5603,51,Male,5,2026-01-11,2026-01-13,recovered
5604,60,Male,5,2026-01-11,2026-01-14,recovered
5605,47,Female,5,2026-01-15,2026-01-20,deceased
5606,24,Other,5,2026-01-08,2026-01-14,deceased
5607,54,Male,5,2026-01-27,2026-02-02,recovered
5608,67,Male,5,2026-01-05,2026-01-08,ongoing
5609,54,Female,5,2026-01-01,2026-01-04,recovered
5610,35,Other,5,2026-01-27,2026-01-30,recovered
5611,65,Male,5,2026-01-27,2026-02-01,recovered
5612,31,Male,5,2026-01-23,2026-01-25,recovered
5613,26,Male,5,2026-01-08,2026-01-12,recovered
5614,38,Male,5,2026-01-11,2026-01-18,referred
5615,62,Male,5,2026-01-25,2026-01-29,ongoing
5616,49,Male,5,2026-01-08,2026-01-11,recovered
5617,36,Male,5,2026-01-22,2026-01-29,deceased
5618,68,Female,5,2026-01-22,2026-01-25,referred
5619,31,Other,5,2026-01-02,2026-01-09,deceased
5620,52,Female,5,2026-01-04,2026-01-08,recovered
5621,66,Male,5,2026-01-15,2026-01-18,referred
5622,59,Male,5,2026-01-11,2026-01-17,recovered
5623,50,Female,5,2026-01-24,2026-01-30,recovered
5624,39,Female,5,2026-01-04,2026-01-07,recovered
5625,64,Female,5,2026-02-17,2026-02-19,recovered
5626,42,Male,5,2026-02-01,2026-02-06,recovered
5627,33,Male,5,2026-02-19,2026-02-22,deceased
5628,36,Other,5,2026-02-28,2026-03-03,ongoing
5629,30,Male,5,2026-02-11,2026-02-18,recovered
5630,51,Male,5,2026-02-11,2026-02-13,referred
5631,16,Female,5,2026-02-20,2026-02-26,referred
5632,37,Female,5,2026-02-23,2026-03-01,recovered
5633,76,Female,5,2026-02-22,2026-02-28,recovered
5634,34,Other,5,2026-02-26,2026-03-01,ongoing
5635,40,Male,5,2026-02-17,2026-02-24,referred
5636,56,Male,5,2026-02-10,2026-02-15,recovered
5637,45,Male,5,2026-02-12,2026-02-17,deceased
5638,56,Female,5,2026-02-22,2026-02-24,deceased
5639,45,Male,5,2026-02-24,2026-02-27,deceased
5640,52,Female,5,2026-02-12,2026-02-16,recovered
5641,54,Other,5,2026-02-20,2026-02-25,recovered
5642,52,Male,5,2026-02-24,2026-02-27,recovered
5643,39,Female,5,2026-02-03,2026-02-07,recovered
5644,26,Male,5,2026-02-20,2026-02-24,recovered
5645,65,Female,5,2026-02-22,2026-02-27,recovered
5646,76,Male,5,2026-02-04,2026-02-09,recovered
5647,42,Female,5,2026-02-01,2026-02-05,ongoing
5648,38,Male,5,2026-02-05,2026-02-09,deceased
5649,46,Male,5,2026-02-03,2026-02-10,deceased
5650,52,Other,5,2026-02-14,2026-02-16,recovered
5651,35,Other,5,2026-02-24,2026-02-26,recovered
5652,44,Other,5,2026-02-06,2026-02-08,recovered
5653,55,Female,5,2026-02-13,2026-02-18,referred
5654,50,Female,5,2026-02-15,2026-02-19,recovered
5655,55,Female,5,2026-02-25,2026-02-27,recovered
5656,57,Male,5,2026-02-01,2026-02-05,recovered
5657,29,Male,5,2026-02-28,2026-03-05,deceased
5658,30,Male,5,2026-02-07,2026-02-09,recovered
5659,46,Female,5,2026-02-02,2026-02-04,referred
5660,44,Other,5,2026-02-26,2026-03-02,recovered
5661,61,Male,5,2026-02-18,2026-02-23,referred
5662,30,Female,5,2026-02-12,2026-02-18,ongoing
5663,32,Female,5,2026-02-11,2026-02-15,referred
5664,48,Male,5,2026-02-25,2026-02-27,ongoing
5665,48,Female,5,2026-02-25,2026-03-03,referred
5666,58,Male,5,2026-02-12,2026-02-15,ongoing
5667,45,Other,5,2026-02-23,2026-03-01,recovered
5668,58,Female,5,2026-02-02,2026-02-04,deceased
5669,40,Male,5,2026-02-18,2026-02-23,recovered
5670,46,Female,5,2026-02-08,2026-02-11,recovered
5671,45,Female,5,2026-02-04,2026-02-09,ongoing
5672,45,Male,5,2026-02-22,2026-02-27,deceased
5673,47,Male,5,2026-02-08,2026-02-11,deceased
5674,23,Male,5,2026-02-22,2026-02-26,referred
5675,49,Female,5,2026-02-25,2026-03-02,ongoing
5676,70,Male,5,2026-02-19,2026-02-24,referred
5677,45,Male,5,2026-02-23,2026-02-27,recovered
5678,58,Male,5,2026-02-24,2026-02-28,referred
5679,46,Male,5,2026-02-16,2026-02-20,recovered
5680,48,Male,5,2026-02-03,2026-02-06,deceased
5681,57,Female,5,2026-02-02,2026-02-09,recovered
5682,37,Male,5,2026-02-09,2026-02-14,deceased
5683,51,Female,5,2026-02-21,2026-02-26,recovered
5684,35,Male,5,2026-02-15,2026-02-17,recovered
5685,49,Other,5,2026-02-25,2026-02-27,recovered
5686,23,Male,5,2026-02-26,2026-03-03,recovered
5687,26,Male,5,2026-02-12,2026-02-16,recovered
5688,48,Other,5,2026-02-13,2026-02-19,recovered
5689,57,Male,5,2026-02-15,2026-02-19,referred
5690,51,Other,5,2026-02-25,2026-03-02,recovered
5691,29,Female,5,2026-02-25,2026-02-27,recovered
5692,52,Female,5,2026-02-05,2026-02-11,deceased
5693,56,Female,5,2026-02-15,2026-02-20,recovered
5694,40,Other,5,2026-02-15,2026-02-17,deceased
5695,44,Male,5,2026-02-28,2026-03-04,recovered
5696,20,Male,5,2026-02-24,2026-02-26,referred
5697,37,Female,5,2026-02-13,2026-02-20,recovered
5698,67,Female,5,2026-02-16,2026-02-20,recovered
5699,63,Female,5,2026-02-10,2026-02-17,deceased
5700,60,Female,5,2026-02-04,2026-02-09,referred
5701,51,Male,5,2026-02-22,2026-02-24,ongoing
5702,59,Female,5,2026-02-13,2026-02-20,recovered
5703,54,Male,5,2026-02-14,2026-02-17,recovered
5704,46,Female,5,2026-02-18,2026-02-25,ongoing
5705,53,Other,5,2026-02-17,2026-02-24,ongoing
5706,40,Male,5,2026-02-25,2026-03-04,recovered
5707,26,Female,5,2026-02-09,2026-02-14,recovered
5708,46,Male,5,2026-02-24,2026-02-27,deceased
5709,58,Other,5,2026-02-12,2026-02-17,recovered
5710,74,Female,5,2026-02-22,2026-02-27,recovered
5711,45,Male,5,2026-02-13,2026-02-16,recovered
5712,49,Female,5,2026-02-13,2026-02-19,ongoing
5713,38,Female,5,2026-02-04,2026-02-06,recovered
5714,47,Female,5,2026-02-16,2026-02-18,recovered
5715,28,Female,5,2026-02-03,2026-02-08,referred
5716,50,Female,5,2026-02-02,2026-02-08,recovered
5717,27,Other,5,2026-02-22,2026-02-26,referred
5718,29,Female,5,2026-02-09,2026-02-15,recovered
5719,41,Female,5,2026-02-19,2026-02-24,deceased
5720,41,Male,5,2026-02-05,2026-02-07,recovered
5721,34,Female,5,2026-02-09,2026-02-14,recovered
5722,51,Other,5,2026-02-17,2026-02-23,ongoing
5723,73,Male,5,2026-02-18,2026-02-23,recovered
5724,44,Male,5,2026-02-03,2026-02-07,recovered
5725,53,Male,5,2026-02-28,2026-03-03,recovered
5726,44,Male,5,2026-02-20,2026-02-24,deceased
5727,56,Female,5,2026-02-12,2026-02-16,recovered
5728,69,Female,5,2026-03-10,2026-03-15,recovered
5729,66,Female,5,2026-03-18,2026-03-22,ongoing
5730,58,Other,5,2026-03-28,2026-04-02,referred
5731,60,Female,5,2026-03-19,2026-03-25,referred
5732,50,Female,5,2026-03-02,2026-03-04,referred
5733,81,Male,5,2026-03-27,2026-03-29,recovered
5734,64,Female,5,2026-03-26,2026-03-31,recovered
5735,53,Male,5,2026-03-13,2026-03-16,deceased
5736,44,Female,5,2026-03-27,2026-03-30,ongoing
5737,44,Male,5,2026-03-28,2026-04-01,recovered
5738,48,Male,5,2026-03-23,2026-03-28,recovered
5739,27,Male,5,2026-03-16,2026-03-21,ongoing
5740,31,Female,5,2026-03-25,2026-03-28,recovered
5741,71,Other,5,2026-03-23,2026-03-27,ongoing
5742,39,Male,5,2026-03-18,2026-03-24,recovered
5743,54,Female,5,2026-03-16,2026-03-22,recovered
5744,44,Male,5,2026-03-11,2026-03-17,recovered
5745,61,Female,5,2026-03-15,2026-03-21,recovered
5746,52,Male,5,2026-03-18,2026-03-24,referred
5747,65,Female,5,2026-03-24,2026-03-30,deceased
5748,30,Male,5,2026-03-14,2026-03-21,deceased
5749,41,Male,5,2026-03-23,2026-03-30,recovered
5750,31,Female,5,2026-03-23,2026-03-28,ongoing
5751,43,Other,5,2026-03-20,2026-03-23,recovered
5752,69,Male,5,2026-03-11,2026-03-14,recovered
5753,43,Female,5,2026-03-07,2026-03-13,ongoing
5754,43,Male,5,2026-03-13,2026-03-17,deceased
5755,27,Male,5,2026-03-20,2026-03-22,recovered
5756,34,Female,5,2026-03-26,2026-03-31,recovered
5757,42,Other,5,2026-03-21,2026-03-24,ongoing
5758,28,Male,5,2026-03-28,2026-03-31,recovered
5759,54,Male,5,2026-03-16,2026-03-21,recovered
5760,37,Male,5,2026-03-13,2026-03-17,recovered
5761,14,Female,5,2026-03-07,2026-03-14,recovered
5762,50,Male,5,2026-03-16,2026-03-21,recovered
5763,44,Female,5,2026-03-22,2026-03-25,recovered
5764,46,Female,5,2026-03-05,2026-03-10,referred
5765,60,Female,5,2026-03-28,2026-04-04,deceased
5766,55,Female,5,2026-03-26,2026-03-28,recovered
5767,33,Male,5,2026-03-24,2026-03-27,ongoing
5768,71,Male,5,2026-03-04,2026-03-09,recovered
5769,46,Male,5,2026-03-09,2026-03-12,recovered
5770,28,Male,5,2026-03-22,2026-03-29,recovered
5771,53,Male,5,2026-03-23,2026-03-26,referred
5772,24,Female,5,2026-03-20,2026-03-23,recovered
5773,61,Other,5,2026-03-23,2026-03-29,recovered
5774,55,Male,5,2026-03-22,2026-03-24,recovered
5775,48,Male,5,2026-03-09,2026-03-11,recovered
5776,34,Other,5,2026-03-12,2026-03-15,ongoing
5777,46,Male,5,2026-03-23,2026-03-25,deceased
5778,48,Male,5,2026-03-21,2026-03-23,recovered
5779,72,Female,5,2026-03-22,2026-03-27,recovered
5780,55,Male,5,2026-03-28,2026-03-30,recovered
5781,31,Female,5,2026-03-21,2026-03-24,referred
5782,57,Female,5,2026-03-19,2026-03-24,recovered
5783,45,Female,5,2026-03-21,2026-03-28,recovered
5784,58,Female,5,2026-03-19,2026-03-24,ongoing
5785,36,Other,5,2026-03-06,2026-03-12,recovered
5786,40,Male,5,2026-03-03,2026-03-08,deceased
5787,23,Other,5,2026-03-03,2026-03-08,referred
5788,39,Female,5,2026-03-01,2026-03-07,deceased
5789,41,Female,5,2026-03-26,2026-03-29,recovered
5790,63,Female,5,2026-03-01,2026-03-05,ongoing
5791,37,Male,5,2026-03-24,2026-03-27,referred
5792,49,Female,5,2026-03-17,2026-03-22,recovered
5793,23,Other,5,2026-03-09,2026-03-12,recovered
5794,67,Male,5,2026-03-14,2026-03-21,referred
5795,47,Male,5,2026-03-02,2026-03-06,recovered
5796,32,Other,5,2026-03-10,2026-03-13,recovered
5797,60,Male,5,2026-03-13,2026-03-20,recovered
5798,39,Male,5,2026-03-15,2026-03-18,deceased
5799,50,Other,5,2026-03-27,2026-03-29,referred
5800,38,Male,5,2026-03-17,2026-03-23,ongoing
5801,67,Male,5,2026-03-09,2026-03-15,recovered
5802,32,Other,5,2026-03-19,2026-03-23,deceased
5803,49,Female,5,2026-03-14,2026-03-17,recovered
5804,62,Female,5,2026-03-11,2026-03-13,recovered
5805,46,Other,5,2026-03-26,2026-03-31,deceased
5806,48,Female,5,2026-03-19,2026-03-22,ongoing
5807,47,Male,5,2026-03-17,2026-03-24,referred
5808,55,Female,5,2026-03-24,2026-03-29,referred
5809,31,Other,5,2026-03-13,2026-03-17,ongoing
5810,50,Male,5,2026-03-19,2026-03-22,recovered
5811,36,Male,5,2026-03-23,2026-03-25,deceased
5812,20,Female,5,2026-03-28,2026-04-03,ongoing
5813,44,Male,5,2026-03-02,2026-03-04,recovered
5814,59,Female,5,2026-03-01,2026-03-08,deceased
5815,65,Female,5,2026-03-17,2026-03-20,recovered
5816,38,Male,5,2026-03-11,2026-03-15,recovered
5817,57,Other,5,2026-03-14,2026-03-20,referred
5818,45,Male,5,2026-03-17,2026-03-21,referred
5819,39,Female,5,2026-03-04,2026-03-08,recovered
5820,36,Male,5,2026-03-10,2026-03-15,ongoing
5821,34,Male,5,2026-03-21,2026-03-28,recovered
5822,39,Male,5,2026-03-25,2026-04-01,deceased
5823,38,Female,5,2026-03-14,2026-03-18,recovered
5824,22,Female,5,2026-03-11,2026-03-14,deceased
5825,44,Other,5,2026-03-23,2026-03-29,recovered
5826,53,Other,5,2026-03-03,2026-03-07,ongoing
5827,47,Male,5,2026-03-06,2026-03-13,deceased
5828,38,Female,5,2026-04-02,2026-04-09,ongoing
5829,59,Female,5,2026-04-11,2026-04-17,deceased
5830,44,Male,5,2026-04-13,2026-04-19,ongoing
5831,25,Other,5,2026-04-26,2026-04-28,referred
5832,56,Female,5,2026-04-10,2026-04-15,deceased
5833,40,Other,5,2026-04-18,2026-04-24,recovered
5834,37,Male,5,2026-04-08,2026-04-10,recovered
5835,46,Other,5,2026-04-25,2026-04-27,recovered
5836,30,Other,5,2026-04-20,2026-04-23,referred
5837,36,Male,5,2026-04-07,2026-04-09,recovered
5838,73,Female,5,2026-04-28,2026-05-05,recovered
5839,45,Female,5,2026-04-12,2026-04-16,recovered
5840,40,Male,5,2026-04-11,2026-04-15,recovered
5841,44,Female,5,2026-04-24,2026-04-28,referred
5842,65,Other,5,2026-04-20,2026-04-23,deceased
5843,44,Male,5,2026-04-20,2026-04-24,ongoing
5844,35,Female,5,2026-04-03,2026-04-08,recovered
5845,42,Male,5,2026-04-08,2026-04-12,recovered
5846,39,Female,5,2026-04-08,2026-04-14,recovered
5847,18,Female,5,2026-04-09,2026-04-15,referred
5848,51,Female,5,2026-04-14,2026-04-20,recovered
5849,43,Other,5,2026-04-13,2026-04-17,ongoing
5850,48,Female,5,2026-04-20,2026-04-24,recovered
5851,46,Male,5,2026-04-26,2026-04-30,referred
5852,32,Male,5,2026-04-10,2026-04-15,deceased
5853,53,Female,5,2026-04-17,2026-04-22,recovered
5854,54,Male,5,2026-04-24,2026-04-28,deceased
5855,45,Female,5,2026-04-28,2026-04-30,recovered
5856,35,Male,5,2026-04-14,2026-04-19,recovered
5857,71,Female,5,2026-04-09,2026-04-15,recovered
5858,48,Other,5,2026-04-12,2026-04-14,recovered
5859,54,Female,5,2026-04-12,2026-04-15,deceased
5860,51,Female,5,2026-04-07,2026-04-12,recovered
5861,49,Male,5,2026-04-20,2026-04-25,ongoing
5862,26,Male,5,2026-04-28,2026-05-01,deceased
5863,35,Female,5,2026-04-14,2026-04-18,referred
5864,57,Male,5,2026-04-10,2026-04-16,recovered
5865,51,Female,5,2026-04-17,2026-04-24,recovered
5866,26,Female,5,2026-04-08,2026-04-11,recovered
5867,58,Male,5,2026-04-28,2026-05-03,referred
5868,39,Male,5,2026-04-22,2026-04-29,deceased
5869,96,Male,5,2026-04-02,2026-04-05,recovered
5870,54,Male,5,2026-04-02,2026-04-08,ongoing
5871,47,Other,5,2026-04-25,2026-04-30,referred
5872,40,Other,5,2026-04-25,2026-04-30,ongoing
5873,42,Other,5,2026-04-24,2026-04-28,recovered
5874,50,Other,5,2026-04-22,2026-04-28,recovered
5875,47,Female,5,2026-04-24,2026-05-01,recovered
5876,34,Female,5,2026-04-10,2026-04-16,recovered
5877,22,Female,5,2026-04-14,2026-04-21,ongoing
5878,43,Male,5,2026-04-16,2026-04-21,referred
5879,28,Female,5,2026-04-15,2026-04-21,ongoing
5880,55,Male,5,2026-04-05,2026-04-10,referred
5881,36,Other,5,2026-04-12,2026-04-17,ongoing
5882,53,Other,5,2026-04-12,2026-04-14,recovered
5883,38,Male,5,2026-04-09,2026-04-15,referred
5884,25,Female,5,2026-04-06,2026-04-11,recovered
5885,52,Female,5,2026-04-14,2026-04-21,referred
5886,35,Female,5,2026-04-08,2026-04-13,recovered
5887,49,Male,5,2026-04-05,2026-04-07,ongoing
5888,46,Male,5,2026-04-13,2026-04-17,recovered
5889,45,Male,5,2026-04-10,2026-04-14,recovered
5890,61,Other,5,2026-04-15,2026-04-21,recovered
5891,41,Female,5,2026-04-06,2026-04-09,recovered
5892,55,Male,5,2026-04-07,2026-04-10,recovered
5893,66,Female,5,2026-04-04,2026-04-06,referred
5894,28,Female,5,2026-04-08,2026-04-14,referred
5895,61,Female,5,2026-04-08,2026-04-14,recovered
5896,44,Female,5,2026-04-10,2026-04-17,recovered
5897,52,Male,5,2026-04-10,2026-04-12,recovered
5898,49,Male,5,2026-04-17,2026-04-22,recovered
5899,54,Female,5,2026-04-12,2026-04-16,deceased
5900,71,Male,5,2026-04-11,2026-04-16,recovered
5901,66,Male,5,2026-04-07,2026-04-14,referred
5902,35,Female,5,2026-04-06,2026-04-11,ongoing
5903,62,Male,5,2026-04-20,2026-04-23,deceased
5904,28,Male,5,2026-04-19,2026-04-23,recovered
5905,33,Male,5,2026-04-18,2026-04-25,recovered
5906,66,Other,5,2026-04-15,2026-04-18,recovered
5907,50,Female,5,2026-04-07,2026-04-12,recovered
5908,42,Other,5,2026-04-18,2026-04-24,recovered
5909,47,Female,5,2026-04-18,2026-04-24,ongoing
5910,23,Female,5,2026-04-03,2026-04-09,recovered
5911,25,Male,5,2026-04-09,2026-04-11,recovered
5912,29,Male,5,2026-04-04,2026-04-09,ongoing
5913,46,Male,5,2026-04-15,2026-04-21,deceased
5914,67,Male,5,2026-04-19,2026-04-25,recovered
5915,61,Male,5,2026-04-03,2026-04-07,recovered
5916,68,Female,5,2026-04-03,2026-04-06,recovered
5917,35,Male,5,2026-04-07,2026-04-10,recovered
5918,61,Male,5,2026-04-28,2026-04-30,recovered
5919,44,Female,5,2026-05-07,2026-05-09,ongoing
5920,46,Male,5,2026-05-03,2026-05-08,recovered
5921,44,Other,5,2026-05-20,2026-05-27,recovered
5922,32,Male,5,2026-05-22,2026-05-28,recovered
5923,42,Male,5,2026-05-14,2026-05-20,recovered
5924,35,Other,5,2026-05-10,2026-05-12,referred
5925,56,Other,5,2026-05-06,2026-05-11,deceased
5926,52,Female,5,2026-05-20,2026-05-23,recovered
5927,61,Male,5,2026-05-14,2026-05-17,recovered
5928,54,Female,5,2026-05-14,2026-05-21,referred
5929,48,Other,5,2026-05-13,2026-05-18,referred
5930,47,Male,5,2026-05-05,2026-05-07,recovered
5931,38,Other,5,2026-05-26,2026-06-01,recovered
5932,49,Female,5,2026-05-05,2026-05-10,recovered
5933,37,Other,5,2026-05-21,2026-05-25,ongoing
5934,34,Female,5,2026-05-25,2026-05-29,recovered
5935,42,Male,5,2026-05-17,2026-05-20,referred
5936,62,Other,5,2026-05-01,2026-05-03,recovered
5937,24,Male,5,2026-05-05,2026-05-10,recovered
5938,22,Other,5,2026-05-05,2026-05-11,referred
5939,47,Male,5,2026-05-15,2026-05-17,referred
5940,52,Male,5,2026-05-22,2026-05-26,ongoing
5941,44,Female,5,2026-05-11,2026-05-16,ongoing
5942,34,Female,5,2026-05-15,2026-05-22,ongoing
5943,30,Male,5,2026-05-12,2026-05-14,recovered
5944,69,Male,5,2026-05-22,2026-05-29,referred
5945,57,Female,5,2026-05-05,2026-05-12,recovered
5946,40,Female,5,2026-05-10,2026-05-15,deceased
5947,68,Male,5,2026-05-27,2026-05-30,recovered
5948,46,Female,5,2026-05-09,2026-05-13,referred
5949,61,Male,5,2026-05-20,2026-05-27,deceased
5950,49,Other,5,2026-05-03,2026-05-08,ongoing
5951,55,Male,5,2026-05-11,2026-05-15,recovered
5952,42,Male,5,2026-05-13,2026-05-16,recovered
5953,29,Other,5,2026-05-26,2026-05-28,ongoing
5954,43,Female,5,2026-05-15,2026-05-21,recovered
5955,60,Female,5,2026-05-14,2026-05-19,recovered
5956,35,Male,5,2026-05-07,2026-05-11,recovered
5957,68,Male,5,2026-05-21,2026-05-23,recovered
5958,33,Female,5,2026-05-04,2026-05-10,ongoing
5959,40,Male,5,2026-05-13,2026-05-15,referred
5960,69,Male,5,2026-05-25,2026-05-29,deceased
5961,45,Male,5,2026-05-19,2026-05-24,recovered
5962,47,Male,5,2026-05-25,2026-05-31,deceased
5963,56,Female,5,2026-05-17,2026-05-22,ongoing
5964,44,Other,5,2026-05-06,2026-05-13,recovered
5965,43,Female,5,2026-05-10,2026-05-12,deceased
5966,38,Male,5,2026-05-19,2026-05-25,recovered
5967,28,Male,5,2026-05-10,2026-05-14,referred
5968,38,Male,5,2026-05-14,2026-05-18,deceased
5969,48,Female,5,2026-05-19,2026-05-22,recovered
5970,64,Male,5,2026-05-01,2026-05-07,deceased
5971,29,Female,5,2026-05-17,2026-05-23,deceased
5972,55,Female,5,2026-05-26,2026-05-29,ongoing
5973,34,Female,5,2026-05-06,2026-05-10,deceased
5974,28,Female,5,2026-05-06,2026-05-10,referred
5975,45,Female,5,2026-05-18,2026-05-25,recovered
5976,38,Male,5,2026-05-08,2026-05-12,recovered
5977,25,Female,5,2026-05-17,2026-05-21,recovered
5978,54,Other,5,2026-05-14,2026-05-19,recovered
5979,40,Female,5,2026-05-20,2026-05-27,recovered
5980,68,Other,5,2026-05-09,2026-05-15,recovered
5981,42,Male,5,2026-05-27,2026-06-01,referred
5982,49,Female,5,2026-05-07,2026-05-09,recovered
5983,40,Female,5,2026-05-12,2026-05-17,ongoing
5984,27,Male,5,2026-05-23,2026-05-28,ongoing
5985,39,Male,5,2026-05-23,2026-05-27,referred
5986,79,Other,5,2026-05-21,2026-05-24,recovered
5987,57,Male,5,2026-05-22,2026-05-28,deceased
5988,38,Male,5,2026-05-04,2026-05-10,deceased
5989,34,Male,5,2026-05-20,2026-05-25,ongoing
5990,50,Male,5,2026-05-14,2026-05-18,recovered
5991,37,Male,5,2026-05-25,2026-05-29,ongoing
5992,36,Other,5,2026-05-13,2026-05-17,recovered
5993,69,Other,5,2026-05-08,2026-05-15,recovered
5994,46,Female,5,2026-05-12,2026-05-18,recovered
5995,50,Male,5,2026-05-27,2026-05-29,deceased
5996,20,Female,5,2026-05-24,2026-05-27,referred
5997,51,Other,5,2026-05-21,2026-05-23,recovered
5998,41,Female,5,2026-05-25,2026-05-30,recovered
5999,51,Other,5,2026-05-25,2026-05-30,recovered
6000,56,Male,5,2026-05-19,2026-05-24,recovered
6001,68,Other,5,2026-05-21,2026-05-26,recovered
6002,38,Female,5,2026-05-09,2026-05-11,recovered
6003,68,Female,5,2026-05-10,2026-05-15,recovered
6004,56,Other,5,2026-05-24,2026-05-27,recovered
6005,14,Male,5,2026-05-13,2026-05-20,recovered
6006,47,Male,5,2026-05-09,2026-05-13,recovered
6007,48,Female,5,2026-05-08,2026-05-13,recovered
6008,42,Female,5,2026-05-28,2026-05-31,referred
6009,57,Female,5,2026-05-23,2026-05-25,recovered
6010,59,Male,5,2026-05-23,2026-05-29,ongoing
6011,38,Other,5,2026-05-19,2026-05-21,deceased
6012,40,Female,5,2026-05-12,2026-05-16,deceased
6013,72,Male,5,2026-06-24,2026-06-26,recovered
6014,41,Female,5,2026-06-24,2026-06-30,ongoing
6015,38,Male,5,2026-06-08,2026-06-14,ongoing
6016,31,Female,5,2026-06-05,2026-06-07,recovered
6017,48,Female,5,2026-06-06,2026-06-10,recovered
6018,62,Male,5,2026-06-21,2026-06-25,referred
6019,23,Male,5,2026-06-13,2026-06-15,deceased
6020,36,Male,5,2026-06-16,2026-06-22,referred
6021,34,Other,5,2026-06-26,2026-07-02,ongoing
6022,15,Male,5,2026-06-03,2026-06-07,recovered
6023,40,Male,5,2026-06-03,2026-06-05,deceased
6024,35,Female,5,2026-06-10,2026-06-15,recovered
6025,35,Other,5,2026-06-07,2026-06-12,recovered
6026,49,Female,5,2026-06-17,2026-06-23,ongoing
6027,37,Female,5,2026-06-25,2026-06-30,recovered
6028,32,Male,5,2026-06-14,2026-06-18,ongoing
6029,37,Other,5,2026-06-02,2026-06-06,recovered
6030,53,Female,5,2026-06-21,2026-06-27,referred
6031,59,Female,5,2026-06-27,2026-06-30,referred
6032,43,Female,5,2026-06-16,2026-06-18,deceased
6033,45,Other,5,2026-06-19,2026-06-22,recovered
6034,45,Male,5,2026-06-25,2026-06-30,recovered
6035,41,Male,5,2026-06-13,2026-06-20,recovered
6036,34,Female,5,2026-06-07,2026-06-11,recovered
6037,41,Male,5,2026-06-04,2026-06-11,referred
6038,39,Female,5,2026-06-09,2026-06-13,deceased
6039,43,Male,5,2026-06-10,2026-06-15,referred
6040,64,Female,5,2026-06-18,2026-06-22,recovered
6041,31,Male,5,2026-06-12,2026-06-16,recovered
6042,44,Female,5,2026-06-11,2026-06-14,recovered
6043,35,Female,5,2026-06-04,2026-06-08,recovered
6044,61,Female,5,2026-06-20,2026-06-25,recovered
6045,36,Other,5,2026-06-28,2026-06-30,recovered
6046,54,Other,5,2026-06-27,2026-07-03,deceased
6047,44,Female,5,2026-06-27,2026-06-30,recovered
6048,33,Female,5,2026-06-17,2026-06-19,recovered
6049,58,Male,5,2026-06-02,2026-06-04,referred
6050,35,Female,5,2026-06-21,2026-06-23,recovered
6051,43,Male,5,2026-06-06,2026-06-09,recovered
6052,25,Female,5,2026-06-01,2026-06-04,recovered
6053,14,Male,5,2026-06-09,2026-06-13,recovered
6054,24,Other,5,2026-06-24,2026-07-01,recovered
6055,49,Male,5,2026-06-24,2026-06-30,recovered
6056,35,Male,5,2026-06-18,2026-06-22,ongoing
6057,35,Male,5,2026-06-11,2026-06-18,recovered
6058,43,Male,5,2026-06-23,2026-06-29,recovered
6059,34,Male,5,2026-06-15,2026-06-17,recovered
6060,36,Male,5,2026-06-15,2026-06-18,referred
6061,62,Female,5,2026-06-28,2026-06-30,recovered
6062,58,Male,5,2026-06-19,2026-06-25,ongoing
6063,28,Other,5,2026-06-02,2026-06-06,recovered
6064,52,Female,5,2026-06-11,2026-06-16,referred
6065,50,Female,5,2026-06-05,2026-06-07,referred
6066,28,Other,5,2026-06-18,2026-06-24,recovered
6067,45,Female,5,2026-06-15,2026-06-19,recovered
6068,92,Male,5,2026-06-08,2026-06-12,referred
6069,49,Female,5,2026-06-17,2026-06-22,recovered
6070,46,Male,5,2026-06-18,2026-06-23,deceased
6071,46,Male,5,2026-06-03,2026-06-10,deceased
6072,57,Male,5,2026-06-07,2026-06-12,recovered
6073,19,Female,5,2026-06-07,2026-06-09,recovered
6074,50,Other,5,2026-06-21,2026-06-24,recovered
6075,40,Female,5,2026-06-14,2026-06-18,referred
6076,36,Female,5,2026-06-25,2026-07-01,recovered
6077,63,Other,5,2026-06-25,2026-07-01,recovered
6078,52,Male,5,2026-06-07,2026-06-12,referred
6079,40,Male,5,2026-06-02,2026-06-09,deceased
6080,36,Male,5,2026-06-21,2026-06-25,ongoing
6081,52,Male,5,2026-06-27,2026-06-29,recovered
6082,30,Female,5,2026-06-22,2026-06-26,deceased
6083,38,Female,5,2026-06-19,2026-06-26,ongoing
6084,21,Female,5,2026-06-28,2026-07-04,recovered
6085,52,Female,5,2026-06-19,2026-06-21,deceased
6086,26,Male,5,2026-06-26,2026-06-29,referred
6087,61,Male,5,2026-06-22,2026-06-25,recovered
6088,27,Other,5,2026-06-19,2026-06-23,ongoing
6089,58,Male,5,2026-06-26,2026-07-03,recovered
6090,24,Female,5,2026-06-25,2026-07-01,recovered
6091,35,Female,5,2026-06-21,2026-06-26,recovered
6092,53,Male,5,2026-06-12,2026-06-17,recovered
6093,49,Other,5,2026-06-10,2026-06-17,referred
6094,48,Male,5,2026-06-28,2026-07-04,recovered
6095,29,Male,5,2026-06-07,2026-06-11,referred
6096,49,Female,5,2026-06-11,2026-06-13,ongoing
6097,25,Female,5,2026-06-27,2026-07-02,recovered
6098,39,Female,5,2026-06-27,2026-07-04,ongoing
6099,17,Female,5,2026-06-10,2026-06-16,recovered
6100,38,Female,5,2026-06-09,2026-06-13,recovered
6101,43,Female,5,2026-06-01,2026-06-08,recovered
6102,61,Male,5,2026-06-11,2026-06-14,recovered
6103,49,Female,5,2026-06-04,2026-06-07,recovered
6104,52,Female,5,2026-06-07,2026-06-09,deceased
6105,29,Other,5,2026-06-13,2026-06-20,recovered
6106,47,Female,5,2026-06-14,2026-06-19,recovered
6107,46,Female,5,2026-06-04,2026-06-11,referred
6108,59,Female,5,2026-06-20,2026-06-24,recovered
6109,54,Female,5,2026-06-21,2026-06-25,recovered
6110,28,Male,5,2026-06-16,2026-06-18,ongoing
6111,41,Male,5,2026-06-17,2026-06-23,recovered
6112,47,Other,5,2026-06-17,2026-06-21,recovered
6113,48,Male,5,2026-06-02,2026-06-05,referred
6114,37,Male,5,2026-06-11,2026-06-17,ongoing
6115,59,Female,5,2026-06-14,2026-06-18,recovered
6116,56,Other,5,2026-07-22,2026-07-28,referred
6117,65,Other,5,2026-07-01,2026-07-05,recovered
6118,32,Female,5,2026-07-19,2026-07-25,referred
6119,61,Male,5,2026-07-01,2026-07-04,referred
6120,62,Male,5,2026-07-20,2026-07-24,recovered
6121,56,Male,5,2026-07-18,2026-07-20,recovered
6122,32,Female,5,2026-07-13,2026-07-20,ongoing
6123,55,Male,5,2026-07-13,2026-07-17,recovered
6124,45,Female,5,2026-07-08,2026-07-10,referred
6125,47,Female,5,2026-07-13,2026-07-19,recovered
6126,33,Female,5,2026-07-26,2026-07-28,recovered
6127,47,Other,5,2026-07-14,2026-07-19,recovered
6128,43,Other,5,2026-07-12,2026-07-18,recovered
6129,53,Male,5,2026-07-05,2026-07-11,ongoing
6130,40,Male,5,2026-07-08,2026-07-14,recovered
6131,44,Male,5,2026-07-22,2026-07-28,recovered
6132,44,Male,5,2026-07-08,2026-07-14,deceased
6133,39,Other,5,2026-07-03,2026-07-07,recovered
6134,53,Male,5,2026-07-25,2026-07-30,recovered
6135,43,Male,5,2026-07-01,2026-07-07,recovered
6136,33,Male,5,2026-07-18,2026-07-21,ongoing
6137,61,Female,5,2026-07-11,2026-07-15,ongoing
6138,39,Female,5,2026-07-19,2026-07-21,recovered
6139,40,Female,5,2026-07-26,2026-08-01,recovered
6140,41,Male,5,2026-07-28,2026-08-01,recovered
6141,15,Other,5,2026-07-02,2026-07-05,recovered
6142,44,Female,5,2026-07-03,2026-07-05,recovered
6143,32,Female,5,2026-07-11,2026-07-13,deceased
6144,55,Other,5,2026-07-21,2026-07-26,recovered
6145,37,Other,5,2026-07-07,2026-07-10,recovered
6146,51,Female,5,2026-07-25,2026-07-31,recovered
6147,46,Male,5,2026-07-28,2026-08-02,recovered
6148,43,Other,5,2026-07-10,2026-07-13,deceased
6149,28,Male,5,2026-07-23,2026-07-27,referred
6150,25,Female,5,2026-07-25,2026-07-29,recovered
6151,42,Female,5,2026-07-08,2026-07-11,recovered
6152,68,Male,5,2026-07-25,2026-08-01,deceased
6153,61,Other,5,2026-07-11,2026-07-13,deceased
6154,45,Female,5,2026-07-02,2026-07-07,referred
6155,49,Male,5,2026-07-26,2026-07-29,recovered
6156,48,Male,5,2026-07-01,2026-07-07,recovered
6157,23,Male,5,2026-07-16,2026-07-18,deceased
6158,30,Male,5,2026-07-19,2026-07-25,deceased
6159,49,Female,5,2026-07-16,2026-07-20,ongoing
6160,49,Female,5,2026-07-16,2026-07-20,recovered
6161,37,Female,5,2026-07-10,2026-07-15,ongoing
6162,54,Female,5,2026-07-19,2026-07-25,recovered
6163,48,Male,5,2026-07-13,2026-07-18,referred
6164,60,Other,5,2026-07-01,2026-07-07,recovered
6165,57,Male,5,2026-07-20,2026-07-24,referred
6166,41,Female,5,2026-07-14,2026-07-16,recovered
6167,20,Female,5,2026-07-24,2026-07-29,recovered
6168,27,Female,5,2026-07-07,2026-07-11,deceased
6169,26,Female,5,2026-07-18,2026-07-22,recovered
6170,26,Female,5,2026-07-15,2026-07-20,recovered
6171,19,Female,5,2026-07-25,2026-07-30,recovered
6172,33,Female,5,2026-07-13,2026-07-16,ongoing
6173,55,Male,5,2026-07-06,2026-07-12,referred
6174,16,Female,5,2026-07-26,2026-07-28,deceased
6175,57,Female,5,2026-07-08,2026-07-15,recovered
6176,56,Male,5,2026-07-06,2026-07-11,recovered
6177,40,Female,5,2026-07-18,2026-07-25,recovered
6178,38,Female,5,2026-07-08,2026-07-11,recovered
6179,22,Male,5,2026-07-26,2026-07-28,recovered
6180,24,Female,5,2026-07-13,2026-07-15,deceased
6181,61,Female,5,2026-07-23,2026-07-29,ongoing
6182,16,Male,5,2026-07-09,2026-07-14,recovered
6183,53,Other,5,2026-07-20,2026-07-23,recovered
6184,53,Other,5,2026-07-11,2026-07-17,recovered
6185,36,Male,5,2026-07-03,2026-07-05,recovered
6186,57,Male,5,2026-07-26,2026-07-30,recovered
6187,34,Female,5,2026-07-17,2026-07-23,deceased
6188,41,Male,5,2026-07-11,2026-07-14,ongoing
6189,52,Male,5,2026-07-21,2026-07-27,recovered
6190,22,Male,5,2026-07-12,2026-07-16,recovered
6191,28,Female,5,2026-07-17,2026-07-23,deceased
6192,77,Male,5,2026-07-10,2026-07-17,recovered
6193,11,Female,5,2026-07-26,2026-07-28,ongoing
6194,32,Female,5,2026-07-17,2026-07-22,ongoing
6195,49,Other,5,2026-07-13,2026-07-15,recovered
6196,53,Male,5,2026-07-06,2026-07-08,recovered
6197,74,Male,5,2026-07-02,2026-07-09,ongoing
6198,64,Female,5,2026-07-13,2026-07-20,ongoing
6199,61,Other,5,2026-07-25,2026-07-30,ongoing
6200,62,Other,5,2026-07-25,2026-07-29,recovered
6201,41,Female,5,2026-07-07,2026-07-13,deceased
6202,35,Female,5,2026-07-10,2026-07-15,recovered
6203,25,Female,5,2026-07-19,2026-07-25,recovered
6204,48,Male,5,2026-07-10,2026-07-12,recovered
6205,29,Female,5,2026-07-07,2026-07-13,recovered
6206,40,Male,5,2026-07-01,2026-07-04,recovered
6207,42,Male,5,2026-07-17,2026-07-21,recovered
6208,49,Male,5,2026-07-22,2026-07-24,recovered
6209,36,Male,5,2026-07-24,2026-07-30,recovered
6210,54,Female,5,2026-07-13,2026-07-16,ongoing
6211,43,Male,5,2026-07-05,2026-07-10,recovered
6212,40,Female,5,2026-07-14,2026-07-16,recovered
6213,36,Other,5,2026-08-01,2026-08-07,recovered
6214,55,Male,5,2026-08-09,2026-08-12,recovered
6215,60,Male,5,2026-08-28,2026-09-03,recovered
6216,50,Female,5,2026-08-24,2026-08-29,recovered
6217,22,Female,5,2026-08-01,2026-08-06,recovered
6218,68,Female,5,2026-08-23,2026-08-28,ongoing
6219,23,Male,5,2026-08-23,2026-08-28,recovered
6220,55,Female,5,2026-08-15,2026-08-22,recovered
6221,64,Other,5,2026-08-05,2026-08-09,recovered
6222,55,Other,5,2026-08-17,2026-08-22,referred
6223,30,Other,5,2026-08-15,2026-08-17,recovered
6224,61,Female,5,2026-08-16,2026-08-21,referred
6225,48,Female,5,2026-08-05,2026-08-07,recovered
6226,48,Female,5,2026-08-04,2026-08-10,ongoing
6227,51,Female,5,2026-08-24,2026-08-30,ongoing
6228,51,Male,5,2026-08-15,2026-08-21,ongoing
6229,45,Other,5,2026-08-21,2026-08-27,recovered
6230,27,Male,5,2026-08-19,2026-08-26,ongoing
6231,65,Male,5,2026-08-21,2026-08-28,recovered
6232,32,Other,5,2026-08-27,2026-08-30,referred
6233,16,Female,5,2026-08-15,2026-08-17,recovered
6234,23,Male,5,2026-08-27,2026-09-03,referred
6235,47,Female,5,2026-08-28,2026-08-30,recovered
6236,33,Female,5,2026-08-18,2026-08-24,ongoing
6237,57,Other,5,2026-08-14,2026-08-16,ongoing
6238,58,Female,5,2026-08-08,2026-08-13,recovered
6239,68,Female,5,2026-08-21,2026-08-26,referred
6240,41,Female,5,2026-08-15,2026-08-18,referred
6241,55,Male,5,2026-08-26,2026-08-30,recovered
6242,64,Male,5,2026-08-21,2026-08-24,deceased
6243,29,Other,5,2026-08-10,2026-08-15,deceased
6244,48,Male,5,2026-08-13,2026-08-17,recovered
6245,50,Other,5,2026-08-13,2026-08-19,deceased
6246,37,Female,5,2026-08-22,2026-08-27,ongoing
6247,48,Other,5,2026-08-19,2026-08-21,referred
6248,35,Female,5,2026-08-01,2026-08-06,recovered
6249,41,Male,5,2026-08-16,2026-08-21,referred
6250,47,Male,5,2026-08-02,2026-08-07,ongoing
6251,39,Female,5,2026-08-03,2026-08-07,recovered
6252,52,Female,5,2026-08-10,2026-08-16,recovered
6253,42,Male,5,2026-08-23,2026-08-29,recovered
6254,38,Male,5,2026-08-20,2026-08-22,recovered
6255,47,Male,5,2026-08-14,2026-08-20,referred
6256,62,Male,5,2026-08-09,2026-08-16,recovered
6257,38,Male,5,2026-08-22,2026-08-25,deceased
6258,46,Female,5,2026-08-15,2026-08-18,recovered
6259,43,Male,5,2026-08-10,2026-08-17,recovered
6260,78,Male,5,2026-08-19,2026-08-26,recovered
6261,42,Female,5,2026-08-21,2026-08-23,recovered
6262,74,Male,5,2026-08-11,2026-08-16,recovered
6263,54,Female,5,2026-08-26,2026-08-29,deceased
6264,58,Male,5,2026-08-26,2026-09-02,ongoing
6265,57,Female,5,2026-08-14,2026-08-19,deceased
6266,36,Female,5,2026-08-03,2026-08-10,deceased
6267,51,Female,5,2026-08-20,2026-08-22,referred
6268,57,Female,5,2026-08-10,2026-08-14,recovered
6269,43,Other,5,2026-08-11,2026-08-13,recovered
6270,37,Male,5,2026-08-19,2026-08-21,recovered
6271,22,Male,5,2026-08-10,2026-08-16,recovered
6272,59,Female,5,2026-08-05,2026-08-09,recovered
6273,40,Male,5,2026-08-27,2026-09-02,referred
6274,54,Female,5,2026-08-10,2026-08-13,recovered
6275,27,Male,5,2026-08-13,2026-08-18,referred
6276,32,Male,5,2026-08-14,2026-08-18,deceased
6277,28,Male,5,2026-08-28,2026-08-31,recovered
6278,36,Other,5,2026-08-22,2026-08-27,recovered
6279,50,Other,5,2026-08-09,2026-08-12,deceased
6280,67,Male,5,2026-08-06,2026-08-12,recovered
6281,40,Female,5,2026-08-17,2026-08-21,recovered
6282,33,Other,5,2026-08-27,2026-09-02,recovered
6283,53,Male,5,2026-08-08,2026-08-11,recovered
6284,41,Female,5,2026-08-21,2026-08-28,recovered
6285,39,Female,5,2026-08-06,2026-08-13,recovered
6286,47,Male,5,2026-08-10,2026-08-16,recovered
6287,30,Female,5,2026-08-21,2026-08-26,recovered
6288,59,Male,5,2026-08-02,2026-08-05,recovered
6289,39,Female,5,2026-08-11,2026-08-18,recovered
6290,49,Female,5,2026-08-04,2026-08-10,referred
6291,34,Female,5,2026-08-03,2026-08-07,recovered
6292,57,Male,5,2026-08-26,2026-08-31,referred
6293,61,Male,5,2026-08-23,2026-08-25,recovered
6294,68,Male,5,2026-08-13,2026-08-16,ongoing
6295,55,Female,5,2026-08-20,2026-08-22,recovered
6296,20,Male,5,2026-08-08,2026-08-12,recovered
6297,22,Male,5,2026-08-25,2026-08-29,recovered
6298,31,Female,5,2026-08-12,2026-08-18,referred
6299,74,Male,5,2026-08-23,2026-08-26,ongoing
6300,37,Male,5,2026-08-23,2026-08-29,recovered
6301,45,Male,5,2026-08-23,2026-08-27,recovered
6302,32,Female,5,2026-08-14,2026-08-20,ongoing
6303,58,Male,5,2026-08-21,2026-08-26,deceased
6304,43,Female,5,2026-08-26,2026-08-30,recovered
6305,32,Male,5,2026-08-28,2026-09-03,referred
6306,21,Female,5,2026-08-14,2026-08-17,recovered
6307,14,Male,5,2026-08-28,2026-09-03,recovered
6308,53,Male,5,2026-08-10,2026-08-12,ongoing
6309,32,Female,5,2026-08-18,2026-08-23,ongoing
6310,44,Male,5,2026-08-15,2026-08-19,recovered
6311,40,Other,5,2026-08-07,2026-08-12,recovered
6312,31,Male,5,2026-08-24,2026-08-30,recovered
6313,40,Male,5,2026-08-02,2026-08-04,deceased
6314,66,Other,5,2026-08-02,2026-08-08,recovered
6315,28,Other,5,2026-08-16,2026-08-22,ongoing
6316,42,Female,5,2026-08-07,2026-08-09,referred
6317,45,Female,5,2026-08-04,2026-08-08,ongoing
6318,61,Male,5,2026-08-16,2026-08-21,recovered
6319,36,Other,5,2026-08-17,2026-08-23,recovered
6320,56,Other,5,2026-09-21,2026-09-23,recovered
6321,45,Female,5,2026-09-11,2026-09-18,recovered
6322,28,Male,5,2026-09-16,2026-09-19,recovered
6323,43,Male,5,2026-09-16,2026-09-23,referred
6324,37,Male,5,2026-09-21,2026-09-28,referred
6325,43,Female,5,2026-09-22,2026-09-29,recovered
6326,52,Male,5,2026-09-07,2026-09-11,recovered
6327,41,Male,5,2026-09-15,2026-09-19,ongoing
6328,24,Female,5,2026-09-08,2026-09-10,ongoing
6329,27,Other,5,2026-09-15,2026-09-22,recovered
6330,42,Male,5,2026-09-04,2026-09-09,recovered
6331,21,Male,5,2026-09-20,2026-09-25,recovered
6332,59,Male,5,2026-09-16,2026-09-19,recovered
6333,42,Male,5,2026-09-13,2026-09-17,deceased
6334,30,Female,5,2026-09-18,2026-09-21,recovered
6335,42,Other,5,2026-09-03,2026-09-07,deceased
6336,48,Female,5,2026-09-12,2026-09-18,recovered
6337,48,Female,5,2026-09-08,2026-09-15,recovered
6338,47,Male,5,2026-09-19,2026-09-26,referred
6339,11,Female,5,2026-09-02,2026-09-04,recovered
6340,38,Female,5,2026-09-25,2026-10-01,deceased
6341,35,Female,5,2026-09-16,2026-09-21,recovered
6342,46,Other,5,2026-09-13,2026-09-17,recovered
6343,52,Male,5,2026-09-04,2026-09-09,recovered
6344,56,Female,5,2026-09-18,2026-09-22,recovered
6345,44,Male,5,2026-09-28,2026-09-30,deceased
6346,49,Male,5,2026-09-10,2026-09-13,referred
6347,33,Other,5,2026-09-02,2026-09-09,referred
6348,85,Other,5,2026-09-24,2026-09-26,ongoing
6349,30,Female,5,2026-09-18,2026-09-24,recovered
6350,38,Female,5,2026-09-17,2026-09-21,recovered
6351,46,Male,5,2026-09-13,2026-09-15,recovered
6352,53,Male,5,2026-09-17,2026-09-20,recovered
6353,42,Other,5,2026-09-01,2026-09-06,recovered
6354,56,Male,5,2026-09-20,2026-09-27,recovered
6355,42,Other,5,2026-09-23,2026-09-30,ongoing
6356,59,Male,5,2026-09-21,2026-09-25,recovered
6357,29,Female,5,2026-09-25,2026-09-29,recovered
6358,43,Female,5,2026-09-04,2026-09-08,recovered
6359,33,Female,5,2026-09-05,2026-09-08,recovered
6360,48,Female,5,2026-09-01,2026-09-04,recovered
6361,48,Female,5,2026-09-05,2026-09-08,referred
6362,43,Male,5,2026-09-15,2026-09-19,recovered
6363,33,Male,5,2026-09-12,2026-09-14,deceased
6364,57,Other,5,2026-09-09,2026-09-11,deceased
6365,62,Male,5,2026-09-21,2026-09-24,recovered
6366,23,Female,5,2026-09-03,2026-09-07,recovered
6367,51,Other,5,2026-09-23,2026-09-28,recovered
6368,50,Male,5,2026-09-16,2026-09-20,deceased
6369,31,Female,5,2026-09-09,2026-09-13,deceased
6370,33,Male,5,2026-09-07,2026-09-11,recovered
6371,37,Male,5,2026-09-16,2026-09-20,recovered
6372,60,Female,5,2026-09-10,2026-09-12,recovered
6373,42,Other,5,2026-09-26,2026-10-03,ongoing
6374,37,Male,5,2026-09-27,2026-10-01,recovered
6375,34,Male,5,2026-09-28,2026-10-02,recovered
6376,47,Male,5,2026-09-03,2026-09-09,ongoing
6377,35,Other,5,2026-09-02,2026-09-07,deceased
6378,53,Male,5,2026-09-04,2026-09-11,ongoing
6379,43,Male,5,2026-09-25,2026-09-28,recovered
6380,44,Male,5,2026-09-09,2026-09-13,deceased
6381,44,Other,5,2026-09-17,2026-09-22,deceased
6382,19,Male,5,2026-09-26,2026-10-01,deceased
6383,41,Male,5,2026-09-13,2026-09-20,referred
6384,38,Other,5,2026-09-16,2026-09-20,referred
6385,48,Male,5,2026-09-25,2026-09-28,recovered
6386,46,Male,5,2026-09-09,2026-09-11,ongoing
6387,61,Male,5,2026-09-04,2026-09-06,recovered
6388,24,Male,5,2026-09-01,2026-09-08,recovered
6389,55,Female,5,2026-09-23,2026-09-28,deceased
6390,60,Male,5,2026-09-19,2026-09-24,recovered
6391,44,Male,5,2026-09-15,2026-09-17,deceased
6392,45,Female,5,2026-09-02,2026-09-08,recovered
6393,51,Female,5,2026-09-04,2026-09-07,recovered
6394,31,Male,5,2026-09-01,2026-09-04,deceased
6395,53,Female,5,2026-09-26,2026-09-30,recovered
6396,39,Male,5,2026-09-25,2026-09-27,referred
6397,48,Male,5,2026-09-16,2026-09-21,recovered
6398,30,Female,5,2026-09-08,2026-09-11,recovered
6399,18,Other,5,2026-09-09,2026-09-14,recovered
6400,30,Female,5,2026-09-01,2026-09-06,recovered
6401,47,Other,5,2026-09-20,2026-09-22,recovered
6402,66,Female,5,2026-09-03,2026-09-06,recovered
6403,37,Female,5,2026-09-03,2026-09-05,deceased
6404,51,Female,5,2026-09-26,2026-09-30,recovered
6405,59,Female,5,2026-09-23,2026-09-28,recovered
6406,49,Male,5,2026-09-03,2026-09-08,recovered
6407,29,Male,5,2026-09-01,2026-09-08,recovered
6408,33,Male,5,2026-09-26,2026-09-28,recovered
6409,47,Male,5,2026-09-13,2026-09-15,recovered
6410,43,Female,5,2026-09-10,2026-09-17,recovered
6411,23,Other,5,2026-09-20,2026-09-23,deceased
6412,36,Other,5,2026-09-17,2026-09-22,recovered
6413,64,Female,5,2026-09-17,2026-09-19,deceased
6414,46,Male,5,2026-09-04,2026-09-06,recovered
6415,45,Female,5,2026-09-26,2026-09-30,referred
6416,30,Male,5,2026-09-16,2026-09-19,ongoing
6417,57,Female,5,2026-09-07,2026-09-13,ongoing
6418,16,Male,5,2026-09-04,2026-09-06,recovered
6419,46,Male,5,2026-09-04,2026-09-09,recovered
6420,19,Male,5,2026-09-20,2026-09-22,recovered
6421,67,Male,5,2026-09-10,2026-09-13,deceased
6422,36,Male,5,2026-09-19,2026-09-23,recovered
6423,39,Other,5,2026-09-08,2026-09-11,referred
6424,35,Male,5,2026-09-14,2026-09-21,recovered
6425,60,Male,5,2026-09-06,2026-09-09,deceased
6426,43,Male,5,2026-09-07,2026-09-13,recovered
6427,45,Other,5,2026-09-01,2026-09-07,ongoing
6428,33,Female,5,2026-09-06,2026-09-10,recovered
6429,38,Other,5,2026-09-07,2026-09-13,recovered
6430,12,Female,5,2026-09-21,2026-09-27,recovered
6431,34,Female,5,2026-09-15,2026-09-18,referred
6432,40,Female,5,2026-09-05,2026-09-08,referred
6433,65,Other,5,2026-09-24,2026-09-26,deceased
6434,33,Female,5,2026-09-12,2026-09-18,deceased
6435,45,Female,5,2026-09-11,2026-09-18,referred
6436,63,Female,5,2026-09-26,2026-09-30,referred
6437,71,Female,5,2026-09-03,2026-09-06,recovered
6438,13,Female,6,2025-10-26,2025-10-28,ongoing
6439,8,Male,6,2025-10-13,2025-10-16,ongoing
6440,8,Female,6,2025-10-21,2025-10-23,deceased
6441,14,Male,6,2025-10-11,2025-10-14,recovered
6442,14,Female,6,2025-10-05,2025-10-08,referred
6443,1,Male,6,2025-10-26,2025-10-30,deceased
6444,1,Female,6,2025-10-09,2025-10-12,recovered
6445,6,Male,6,2025-10-27,2025-10-31,recovered
6446,3,Male,6,2025-10-22,2025-10-27,recovered
6447,12,Female,6,2025-10-16,2025-10-17,recovered
6448,3,Male,6,2025-10-22,2025-10-24,referred
6449,1,Female,6,2025-10-18,2025-10-23,recovered
6450,12,Male,6,2025-10-11,2025-10-13,recovered
6451,14,Male,6,2025-10-01,2025-10-05,recovered
6452,19,Male,6,2025-10-22,2025-10-23,referred
6453,11,Male,6,2025-10-25,2025-10-29,recovered
6454,10,Female,6,2025-10-03,2025-10-08,recovered
6455,7,Other,6,2025-10-18,2025-10-20,referred
6456,16,Male,6,2025-10-17,2025-10-18,deceased
6457,5,Female,6,2025-10-08,2025-10-09,referred
6458,2,Male,6,2025-10-25,2025-10-27,referred
6459,2,Other,6,2025-10-13,2025-10-18,deceased
6460,2,Female,6,2025-10-13,2025-10-16,referred
6461,7,Male,6,2025-10-07,2025-10-08,recovered
6462,11,Female,6,2025-10-22,2025-10-27,referred
6463,1,Male,6,2025-10-08,2025-10-12,recovered
6464,13,Other,6,2025-10-24,2025-10-27,recovered
6465,8,Female,6,2025-10-05,2025-10-10,recovered
6466,2,Male,6,2025-10-01,2025-10-04,ongoing
6467,9,Female,6,2025-10-24,2025-10-29,recovered
6468,5,Female,6,2025-10-21,2025-10-25,deceased
6469,1,Female,6,2025-10-01,2025-10-03,ongoing
6470,12,Female,6,2025-10-08,2025-10-11,recovered
6471,16,Female,6,2025-10-21,2025-10-25,recovered
6472,11,Female,6,2025-10-01,2025-10-06,recovered
6473,13,Female,6,2025-10-26,2025-10-30,referred
6474,10,Female,6,2025-10-06,2025-10-11,deceased
6475,14,Female,6,2025-10-18,2025-10-20,recovered
6476,2,Other,6,2025-10-06,2025-10-09,recovered
6477,2,Male,6,2025-10-15,2025-10-19,deceased
6478,3,Female,6,2025-10-28,2025-10-30,recovered
6479,4,Male,6,2025-10-06,2025-10-11,referred
6480,9,Female,6,2025-10-17,2025-10-19,deceased
6481,8,Female,6,2025-10-24,2025-10-28,ongoing
6482,1,Male,6,2025-10-04,2025-10-09,recovered
6483,8,Male,6,2025-10-10,2025-10-14,recovered
6484,9,Male,6,2025-10-20,2025-10-24,recovered
6485,11,Male,6,2025-10-18,2025-10-21,ongoing
6486,10,Male,6,2025-10-22,2025-10-26,deceased
6487,7,Female,6,2025-10-21,2025-10-26,ongoing
6488,5,Male,6,2025-10-16,2025-10-21,recovered
6489,7,Male,6,2025-10-12,2025-10-16,recovered
6490,7,Male,6,2025-10-08,2025-10-11,recovered
6491,12,Male,6,2025-10-06,2025-10-11,recovered
6492,7,Other,6,2025-10-05,2025-10-07,recovered
6493,14,Male,6,2025-10-03,2025-10-06,referred
6494,8,Female,6,2025-10-20,2025-10-24,recovered
6495,1,Other,6,2025-10-25,2025-10-27,recovered
6496,10,Female,6,2025-10-20,2025-10-25,deceased
6497,4,Female,6,2025-10-19,2025-10-21,recovered
6498,12,Male,6,2025-10-24,2025-10-27,recovered
6499,8,Female,6,2025-10-03,2025-10-06,recovered
6500,12,Female,6,2025-10-07,2025-10-11,recovered
6501,2,Male,6,2025-10-12,2025-10-15,recovered
6502,1,Other,6,2025-10-06,2025-10-09,recovered
6503,8,Male,6,2025-10-24,2025-10-29,ongoing
6504,9,Female,6,2025-10-02,2025-10-05,recovered
6505,6,Female,6,2025-10-24,2025-10-29,referred
6506,2,Other,6,2025-10-09,2025-10-14,recovered
6507,16,Female,6,2025-10-17,2025-10-20,deceased
6508,5,Female,6,2025-10-04,2025-10-05,referred
6509,8,Female,6,2025-10-23,2025-10-26,recovered
6510,10,Male,6,2025-10-23,2025-10-26,deceased
6511,8,Female,6,2025-10-10,2025-10-13,recovered
6512,8,Male,6,2025-10-03,2025-10-07,ongoing
6513,1,Male,6,2025-10-10,2025-10-12,recovered
6514,9,Female,6,2025-10-22,2025-10-26,ongoing
6515,13,Male,6,2025-10-23,2025-10-26,recovered
6516,3,Male,6,2025-10-06,2025-10-10,recovered
6517,7,Male,6,2025-10-11,2025-10-12,recovered
6518,7,Other,6,2025-10-02,2025-10-05,recovered
6519,7,Female,6,2025-10-23,2025-10-26,recovered
6520,10,Male,6,2025-10-07,2025-10-11,recovered
6521,5,Male,6,2025-10-14,2025-10-15,recovered
6522,8,Other,6,2025-10-05,2025-10-09,recovered
6523,9,Female,6,2025-10-01,2025-10-05,deceased
6524,11,Female,6,2025-10-21,2025-10-23,recovered
6525,11,Other,6,2025-10-26,2025-10-28,recovered
6526,11,Male,6,2025-10-28,2025-11-02,deceased
6527,3,Male,6,2025-10-20,2025-10-22,recovered
6528,10,Female,6,2025-10-27,2025-11-01,ongoing
6529,1,Male,6,2025-10-13,2025-10-18,recovered
6530,9,Male,6,2025-10-07,2025-10-12,recovered
6531,8,Male,6,2025-10-09,2025-10-14,recovered
6532,8,Female,6,2025-10-13,2025-10-15,recovered
6533,9,Male,6,2025-11-18,2025-11-20,recovered
6534,3,Male,6,2025-11-11,2025-11-15,recovered
6535,3,Female,6,2025-11-14,2025-11-16,ongoing
6536,5,Male,6,2025-11-01,2025-11-05,recovered
6537,7,Other,6,2025-11-04,2025-11-07,deceased
6538,8,Female,6,2025-11-14,2025-11-18,recovered
6539,9,Female,6,2025-11-24,2025-11-28,referred
6540,11,Female,6,2025-11-11,2025-11-14,referred
6541,9,Male,6,2025-11-06,2025-11-08,recovered
6542,2,Female,6,2025-11-17,2025-11-22,recovered
6543,6,Male,6,2025-11-21,2025-11-24,referred
6544,12,Male,6,2025-11-02,2025-11-07,recovered
6545,2,Female,6,2025-11-13,2025-11-15,ongoing
6546,15,Male,6,2025-11-12,2025-11-13,recovered
6547,9,Male,6,2025-11-04,2025-11-09,ongoing
6548,1,Female,6,2025-11-22,2025-11-25,recovered
6549,5,Male,6,2025-11-15,2025-11-19,recovered
6550,7,Male,6,2025-11-03,2025-11-08,ongoing
6551,8,Male,6,2025-11-19,2025-11-20,deceased
6552,11,Other,6,2025-11-18,2025-11-23,recovered
6553,1,Female,6,2025-11-23,2025-11-27,recovered
6554,9,Male,6,2025-11-26,2025-12-01,deceased
6555,11,Male,6,2025-11-05,2025-11-07,referred
6556,7,Male,6,2025-11-25,2025-11-27,ongoing
6557,7,Female,6,2025-11-06,2025-11-07,recovered
6558,3,Other,6,2025-11-11,2025-11-14,ongoing
6559,4,Other,6,2025-11-28,2025-11-29,deceased
6560,1,Male,6,2025-11-18,2025-11-20,deceased
6561,12,Male,6,2025-11-11,2025-11-14,recovered
6562,7,Male,6,2025-11-25,2025-11-30,recovered
6563,1,Male,6,2025-11-13,2025-11-14,ongoing
6564,3,Male,6,2025-11-19,2025-11-22,deceased
6565,1,Female,6,2025-11-25,2025-11-27,recovered
6566,16,Female,6,2025-11-04,2025-11-08,recovered
6567,8,Other,6,2025-11-23,2025-11-26,recovered
6568,6,Male,6,2025-11-09,2025-11-12,recovered
6569,3,Other,6,2025-11-22,2025-11-25,referred
6570,5,Female,6,2025-11-08,2025-11-09,recovered
6571,7,Other,6,2025-11-13,2025-11-18,ongoing
6572,1,Other,6,2025-11-25,2025-11-29,deceased
6573,1,Male,6,2025-11-28,2025-12-02,referred
6574,9,Female,6,2025-11-13,2025-11-18,recovered
6575,7,Male,6,2025-11-17,2025-11-21,deceased
6576,1,Other,6,2025-11-05,2025-11-08,deceased
6577,5,Male,6,2025-11-20,2025-11-23,deceased
6578,7,Female,6,2025-11-08,2025-11-13,recovered
6579,5,Male,6,2025-11-23,2025-11-25,referred
6580,1,Female,6,2025-11-01,2025-11-04,ongoing
6581,17,Male,6,2025-11-10,2025-11-14,deceased
6582,6,Male,6,2025-11-09,2025-11-11,deceased
6583,17,Female,6,2025-11-26,2025-11-28,recovered
6584,15,Female,6,2025-11-19,2025-11-24,referred
6585,1,Male,6,2025-11-14,2025-11-16,referred
6586,1,Female,6,2025-11-08,2025-11-10,deceased
6587,11,Male,6,2025-11-12,2025-11-17,recovered
6588,10,Other,6,2025-11-11,2025-11-15,recovered
6589,14,Other,6,2025-11-20,2025-11-23,referred
6590,6,Other,6,2025-11-02,2025-11-05,referred
6591,2,Male,6,2025-11-26,2025-11-29,recovered
6592,10,Female,6,2025-11-17,2025-11-21,recovered
6593,8,Female,6,2025-11-14,2025-11-18,ongoing
6594,6,Female,6,2025-11-10,2025-11-15,recovered
6595,11,Male,6,2025-11-22,2025-11-23,recovered
6596,1,Female,6,2025-11-21,2025-11-25,recovered
6597,13,Female,6,2025-11-13,2025-11-14,recovered
6598,4,Male,6,2025-11-22,2025-11-23,recovered
6599,5,Female,6,2025-11-17,2025-11-20,recovered
6600,9,Male,6,2025-11-23,2025-11-27,recovered
6601,10,Other,6,2025-11-01,2025-11-03,recovered
6602,13,Male,6,2025-11-05,2025-11-10,referred
6603,8,Female,6,2025-11-25,2025-11-26,deceased
6604,9,Male,6,2025-11-22,2025-11-26,recovered
6605,5,Male,6,2025-11-06,2025-11-09,deceased
6606,14,Female,6,2025-11-04,2025-11-06,recovered
6607,10,Female,6,2025-11-09,2025-11-13,recovered
6608,8,Male,6,2025-11-09,2025-11-12,recovered
6609,7,Female,6,2025-11-14,2025-11-18,referred
6610,9,Male,6,2025-11-12,2025-11-14,referred
6611,20,Male,6,2025-11-15,2025-11-20,recovered
6612,11,Female,6,2025-12-16,2025-12-18,recovered
6613,12,Male,6,2025-12-10,2025-12-12,deceased
6614,6,Male,6,2025-12-16,2025-12-20,deceased
6615,1,Other,6,2025-12-06,2025-12-08,recovered
6616,3,Male,6,2025-12-21,2025-12-23,deceased
6617,3,Female,6,2025-12-14,2025-12-16,recovered
6618,9,Other,6,2025-12-28,2025-12-30,referred
6619,5,Male,6,2025-12-08,2025-12-12,recovered
6620,4,Male,6,2025-12-14,2025-12-17,recovered
6621,7,Male,6,2025-12-22,2025-12-23,ongoing
6622,12,Female,6,2025-12-11,2025-12-12,recovered
6623,13,Other,6,2025-12-23,2025-12-25,ongoing
6624,8,Female,6,2025-12-26,2025-12-30,recovered
6625,1,Other,6,2025-12-21,2025-12-23,referred
6626,15,Female,6,2025-12-20,2025-12-21,recovered
6627,5,Female,6,2025-12-01,2025-12-04,ongoing
6628,1,Female,6,2025-12-13,2025-12-17,recovered
6629,10,Male,6,2025-12-19,2025-12-20,ongoing
6630,7,Male,6,2025-12-15,2025-12-18,referred
6631,1,Female,6,2025-12-01,2025-12-04,referred
6632,9,Male,6,2025-12-15,2025-12-16,recovered
6633,11,Female,6,2025-12-22,2025-12-24,recovered
6634,8,Female,6,2025-12-10,2025-12-14,recovered
6635,9,Female,6,2025-12-20,2025-12-23,referred
6636,9,Female,6,2025-12-03,2025-12-06,referred
6637,10,Male,6,2025-12-08,2025-12-12,referred
6638,2,Female,6,2025-12-20,2025-12-22,deceased
6639,14,Female,6,2025-12-21,2025-12-25,recovered
6640,13,Female,6,2025-12-16,2025-12-17,recovered
6641,9,Female,6,2025-12-02,2025-12-07,ongoing
6642,6,Female,6,2025-12-08,2025-12-12,referred
6643,8,Other,6,2025-12-09,2025-12-11,ongoing
6644,4,Other,6,2025-12-11,2025-12-14,ongoing
6645,16,Male,6,2025-12-15,2025-12-19,recovered
6646,1,Other,6,2025-12-07,2025-12-09,deceased
6647,9,Female,6,2025-12-23,2025-12-27,recovered
6648,8,Male,6,2025-12-19,2025-12-22,recovered
6649,3,Female,6,2025-12-14,2025-12-18,referred
6650,12,Male,6,2025-12-09,2025-12-12,deceased
6651,7,Female,6,2025-12-19,2025-12-22,deceased
6652,7,Male,6,2025-12-09,2025-12-12,deceased
6653,3,Female,6,2025-12-11,2025-12-13,referred
6654,9,Other,6,2025-12-09,2025-12-12,ongoing
6655,15,Other,6,2025-12-09,2025-12-10,recovered
6656,8,Female,6,2025-12-14,2025-12-16,recovered
6657,9,Other,6,2025-12-25,2025-12-30,ongoing
6658,7,Female,6,2025-12-17,2025-12-21,ongoing
6659,1,Female,6,2025-12-10,2025-12-12,ongoing
6660,6,Female,6,2025-12-26,2025-12-31,referred
6661,5,Male,6,2025-12-24,2025-12-25,recovered
6662,4,Female,6,2025-12-01,2025-12-02,deceased
6663,3,Male,6,2025-12-16,2025-12-17,recovered
6664,7,Other,6,2025-12-24,2025-12-28,ongoing
6665,15,Female,6,2025-12-01,2025-12-05,recovered
6666,12,Other,6,2025-12-10,2025-12-15,deceased
6667,11,Female,6,2025-12-12,2025-12-16,recovered
6668,12,Male,6,2025-12-06,2025-12-10,recovered
6669,8,Male,6,2025-12-18,2025-12-22,recovered
6670,12,Male,6,2025-12-27,2025-12-30,recovered
6671,13,Male,6,2025-12-19,2025-12-23,ongoing
6672,7,Male,6,2025-12-01,2025-12-04,referred
6673,5,Female,6,2025-12-04,2025-12-07,recovered
6674,1,Male,6,2025-12-28,2026-01-02,recovered
6675,3,Male,6,2025-12-02,2025-12-05,recovered
6676,1,Male,6,2025-12-27,2025-12-29,recovered
6677,3,Female,6,2025-12-08,2025-12-11,ongoing
6678,6,Female,6,2025-12-13,2025-12-16,referred
6679,5,Male,6,2025-12-10,2025-12-13,recovered
6680,4,Other,6,2025-12-02,2025-12-07,recovered
6681,10,Other,6,2025-12-02,2025-12-06,referred
6682,8,Female,6,2025-12-12,2025-12-13,recovered
6683,5,Female,6,2025-12-12,2025-12-13,recovered
6684,11,Female,6,2025-12-22,2025-12-26,referred
6685,8,Female,6,2025-12-22,2025-12-26,ongoing
6686,8,Other,6,2025-12-16,2025-12-19,deceased
6687,3,Male,6,2025-12-20,2025-12-23,referred
6688,2,Female,6,2025-12-08,2025-12-13,recovered
6689,15,Male,6,2025-12-20,2025-12-25,deceased
6690,7,Female,6,2025-12-25,2025-12-27,recovered
6691,2,Female,6,2025-12-22,2025-12-26,recovered
6692,2,Male,6,2025-12-10,2025-12-11,recovered
6693,8,Male,6,2025-12-12,2025-12-16,recovered
6694,11,Other,6,2025-12-07,2025-12-09,deceased
6695,10,Female,6,2025-12-08,2025-12-13,referred
6696,1,Other,6,2025-12-19,2025-12-23,recovered
6697,7,Male,6,2025-12-13,2025-12-16,deceased
6698,1,Female,6,2025-12-17,2025-12-19,deceased
6699,1,Male,6,2025-12-03,2025-12-07,deceased
6700,9,Other,6,2025-12-12,2025-12-15,referred
6701,11,Other,6,2025-12-13,2025-12-16,recovered
6702,9,Male,6,2026-01-07,2026-01-12,ongoing
6703,7,Female,6,2026-01-13,2026-01-15,recovered
6704,1,Other,6,2026-01-09,2026-01-11,ongoing
6705,8,Female,6,2026-01-19,2026-01-22,recovered
6706,11,Other,6,2026-01-05,2026-01-10,recovered
6707,18,Other,6,2026-01-04,2026-01-09,recovered
6708,14,Male,6,2026-01-26,2026-01-30,ongoing
6709,3,Other,6,2026-01-09,2026-01-12,referred
6710,10,Female,6,2026-01-24,2026-01-26,deceased
6711,4,Male,6,2026-01-06,2026-01-07,ongoing
6712,12,Female,6,2026-01-22,2026-01-24,referred
6713,6,Other,6,2026-01-23,2026-01-25,recovered
6714,18,Female,6,2026-01-25,2026-01-26,recovered
6715,7,Female,6,2026-01-22,2026-01-27,referred
6716,12,Male,6,2026-01-05,2026-01-06,recovered
6717,10,Female,6,2026-01-18,2026-01-23,deceased
6718,2,Other,6,2026-01-18,2026-01-23,recovered
6719,9,Male,6,2026-01-03,2026-01-08,ongoing
6720,3,Female,6,2026-01-24,2026-01-27,recovered
6721,9,Female,6,2026-01-13,2026-01-14,recovered
6722,11,Male,6,2026-01-16,2026-01-20,referred
6723,9,Female,6,2026-01-16,2026-01-21,recovered
6724,6,Male,6,2026-01-15,2026-01-17,ongoing
6725,6,Female,6,2026-01-02,2026-01-06,recovered
6726,10,Female,6,2026-01-15,2026-01-20,ongoing
6727,3,Other,6,2026-01-17,2026-01-20,ongoing
6728,3,Male,6,2026-01-15,2026-01-20,recovered
6729,7,Male,6,2026-01-09,2026-01-11,recovered
6730,13,Male,6,2026-01-08,2026-01-10,ongoing
6731,1,Female,6,2026-01-05,2026-01-09,recovered
6732,4,Other,6,2026-01-01,2026-01-05,recovered
6733,1,Other,6,2026-01-06,2026-01-10,recovered
6734,20,Female,6,2026-01-09,2026-01-12,ongoing
6735,10,Other,6,2026-01-20,2026-01-21,recovered
6736,11,Other,6,2026-01-26,2026-01-28,recovered
6737,5,Male,6,2026-01-14,2026-01-18,recovered
6738,3,Female,6,2026-01-14,2026-01-17,recovered
6739,16,Male,6,2026-01-23,2026-01-25,deceased
6740,3,Female,6,2026-01-15,2026-01-16,recovered
6741,11,Female,6,2026-01-20,2026-01-22,recovered
6742,8,Female,6,2026-01-13,2026-01-14,recovered
6743,8,Female,6,2026-01-21,2026-01-26,referred
6744,9,Female,6,2026-01-06,2026-01-10,recovered
6745,5,Female,6,2026-01-18,2026-01-21,deceased
6746,4,Female,6,2026-01-28,2026-01-31,deceased
6747,13,Female,6,2026-01-03,2026-01-07,ongoing
6748,12,Other,6,2026-01-23,2026-01-24,deceased
6749,1,Male,6,2026-01-06,2026-01-09,recovered
6750,8,Male,6,2026-01-14,2026-01-15,recovered
6751,5,Female,6,2026-01-20,2026-01-25,recovered
6752,12,Male,6,2026-01-14,2026-01-16,recovered
6753,12,Other,6,2026-01-17,2026-01-22,recovered
6754,15,Female,6,2026-01-11,2026-01-13,referred
6755,3,Male,6,2026-01-17,2026-01-21,deceased
6756,12,Other,6,2026-01-20,2026-01-22,referred
6757,5,Female,6,2026-01-20,2026-01-23,referred
6758,13,Male,6,2026-01-27,2026-01-30,recovered
6759,9,Female,6,2026-01-02,2026-01-04,deceased
6760,8,Other,6,2026-01-22,2026-01-24,ongoing
6761,1,Female,6,2026-01-18,2026-01-23,recovered
6762,10,Male,6,2026-01-24,2026-01-26,recovered
6763,4,Male,6,2026-01-28,2026-01-31,recovered
6764,11,Female,6,2026-01-26,2026-01-29,ongoing
6765,14,Male,6,2026-01-13,2026-01-15,recovered
6766,5,Female,6,2026-01-16,2026-01-18,referred
6767,7,Other,6,2026-01-13,2026-01-18,recovered
6768,5,Male,6,2026-01-15,2026-01-18,recovered
6769,10,Other,6,2026-01-03,2026-01-08,recovered
6770,8,Male,6,2026-01-27,2026-01-29,deceased
6771,14,Male,6,2026-01-28,2026-02-01,recovered
6772,7,Female,6,2026-01-08,2026-01-11,recovered
6773,13,Female,6,2026-01-07,2026-01-12,recovered
6774,14,Male,6,2026-01-21,2026-01-25,recovered
6775,5,Other,6,2026-01-09,2026-01-11,recovered
6776,11,Female,6,2026-01-07,2026-01-08,deceased
6777,2,Female,6,2026-01-15,2026-01-17,ongoing
6778,1,Female,6,2026-01-12,2026-01-16,recovered
6779,8,Female,6,2026-01-10,2026-01-14,recovered
6780,6,Female,6,2026-01-11,2026-01-14,ongoing
6781,6,Other,6,2026-01-20,2026-01-24,deceased
6782,4,Female,6,2026-01-15,2026-01-20,referred
6783,12,Other,6,2026-01-02,2026-01-04,ongoing
6784,11,Male,6,2026-01-28,2026-02-02,deceased
6785,8,Female,6,2026-01-19,2026-01-22,recovered
6786,4,Male,6,2026-01-17,2026-01-20,recovered
6787,11,Male,6,2026-01-20,2026-01-21,referred
6788,7,Female,6,2026-01-22,2026-01-25,recovered
6789,6,Female,6,2026-01-06,2026-01-10,recovered
6790,6,Male,6,2026-01-18,2026-01-22,ongoing
6791,7,Female,6,2026-01-15,2026-01-20,recovered
6792,8,Male,6,2026-01-08,2026-01-12,recovered
6793,6,Female,6,2026-01-19,2026-01-24,recovered
6794,4,Female,6,2026-01-09,2026-01-10,recovered
6795,10,Male,6,2026-02-20,2026-02-22,recovered
6796,8,Other,6,2026-02-28,2026-03-05,ongoing
6797,8,Female,6,2026-02-01,2026-02-05,recovered
6798,19,Female,6,2026-02-28,2026-03-04,ongoing
6799,2,Male,6,2026-02-08,2026-02-10,ongoing
6800,10,Male,6,2026-02-25,2026-03-02,ongoing
6801,14,Female,6,2026-02-22,2026-02-23,recovered
6802,13,Female,6,2026-02-09,2026-02-14,recovered
6803,12,Female,6,2026-02-13,2026-02-16,recovered
6804,12,Male,6,2026-02-17,2026-02-21,recovered
6805,2,Female,6,2026-02-13,2026-02-16,referred
6806,10,Male,6,2026-02-19,2026-02-23,recovered
6807,4,Male,6,2026-02-16,2026-02-19,recovered
6808,13,Female,6,2026-02-11,2026-02-13,referred
6809,1,Female,6,2026-02-21,2026-02-24,recovered
6810,5,Male,6,2026-02-10,2026-02-13,recovered
6811,6,Male,6,2026-02-18,2026-02-20,recovered
6812,10,Male,6,2026-02-24,2026-03-01,recovered
6813,17,Other,6,2026-02-26,2026-03-03,referred
6814,4,Male,6,2026-02-17,2026-02-19,recovered
6815,12,Female,6,2026-02-21,2026-02-23,recovered
6816,3,Male,6,2026-02-10,2026-02-15,recovered
6817,7,Female,6,2026-02-10,2026-02-14,recovered
6818,9,Female,6,2026-02-26,2026-03-02,recovered
6819,5,Female,6,2026-02-21,2026-02-24,recovered
6820,5,Other,6,2026-02-17,2026-02-21,recovered
6821,10,Female,6,2026-02-10,2026-02-15,recovered
6822,14,Female,6,2026-02-24,2026-03-01,referred
6823,6,Female,6,2026-02-10,2026-02-15,ongoing
6824,15,Female,6,2026-02-07,2026-02-12,recovered
6825,8,Male,6,2026-02-10,2026-02-14,recovered
6826,7,Male,6,2026-02-06,2026-02-10,deceased
6827,2,Female,6,2026-02-18,2026-02-23,recovered
6828,14,Other,6,2026-02-16,2026-02-19,ongoing
6829,6,Other,6,2026-02-02,2026-02-06,recovered
6830,16,Female,6,2026-02-03,2026-02-05,recovered
6831,13,Other,6,2026-02-11,2026-02-13,recovered
6832,8,Male,6,2026-02-26,2026-02-28,referred
6833,7,Male,6,2026-02-24,2026-03-01,recovered
6834,13,Other,6,2026-02-03,2026-02-05,deceased
6835,4,Female,6,2026-02-22,2026-02-26,ongoing
6836,1,Female,6,2026-02-14,2026-02-15,recovered
6837,9,Male,6,2026-02-10,2026-02-15,deceased
6838,9,Female,6,2026-02-06,2026-02-10,ongoing
6839,11,Male,6,2026-02-03,2026-02-08,ongoing
6840,8,Other,6,2026-02-02,2026-02-04,ongoing
6841,3,Other,6,2026-02-02,2026-02-05,recovered
6842,2,Male,6,2026-02-22,2026-02-25,recovered
6843,1,Other,6,2026-02-07,2026-02-09,recovered
6844,4,Female,6,2026-02-17,2026-02-19,recovered
6845,1,Female,6,2026-02-11,2026-02-14,recovered
6846,4,Female,6,2026-02-15,2026-02-20,deceased
6847,4,Male,6,2026-02-14,2026-02-19,referred
6848,4,Female,6,2026-02-23,2026-02-28,recovered
6849,9,Other,6,2026-02-01,2026-02-06,recovered
6850,13,Other,6,2026-02-20,2026-02-22,deceased
6851,16,Male,6,2026-02-25,2026-02-28,recovered
6852,9,Female,6,2026-02-08,2026-02-12,recovered
6853,8,Male,6,2026-02-25,2026-03-02,ongoing
6854,19,Female,6,2026-02-12,2026-02-15,recovered
6855,3,Male,6,2026-02-09,2026-02-14,deceased
6856,8,Male,6,2026-02-23,2026-02-26,deceased
6857,6,Female,6,2026-02-23,2026-02-25,recovered
6858,1,Female,6,2026-02-03,2026-02-08,recovered
6859,9,Other,6,2026-02-13,2026-02-14,referred
6860,13,Male,6,2026-02-03,2026-02-04,recovered
6861,8,Male,6,2026-02-25,2026-03-02,recovered
6862,1,Other,6,2026-02-25,2026-03-02,recovered
6863,12,Female,6,2026-02-28,2026-03-04,recovered
6864,9,Other,6,2026-02-01,2026-02-04,recovered
6865,15,Female,6,2026-02-13,2026-02-18,referred
6866,1,Female,6,2026-02-20,2026-02-22,deceased
6867,6,Male,6,2026-02-08,2026-02-10,referred
6868,8,Male,6,2026-02-22,2026-02-24,deceased
6869,9,Male,6,2026-02-01,2026-02-05,ongoing
6870,6,Female,6,2026-02-14,2026-02-16,recovered
6871,15,Male,6,2026-02-10,2026-02-12,ongoing
6872,9,Male,6,2026-02-25,2026-02-28,referred
6873,1,Female,6,2026-02-18,2026-02-22,recovered
6874,5,Male,6,2026-02-15,2026-02-17,deceased
6875,13,Male,6,2026-02-19,2026-02-22,ongoing
6876,15,Male,6,2026-02-27,2026-03-03,ongoing
6877,1,Male,6,2026-02-11,2026-02-15,recovered
6878,21,Other,6,2026-02-20,2026-02-24,recovered
6879,8,Female,6,2026-02-26,2026-02-27,deceased
6880,11,Female,6,2026-02-25,2026-02-27,ongoing
6881,2,Female,6,2026-02-18,2026-02-23,ongoing
6882,6,Female,6,2026-02-27,2026-03-03,recovered
6883,7,Male,6,2026-02-18,2026-02-19,recovered
6884,11,Female,6,2026-02-12,2026-02-15,recovered
6885,3,Male,6,2026-02-26,2026-02-28,recovered
6886,10,Male,6,2026-02-13,2026-02-15,recovered
6887,11,Female,6,2026-02-02,2026-02-05,ongoing
6888,10,Male,6,2026-02-15,2026-02-18,recovered
6889,6,Male,6,2026-02-09,2026-02-12,referred
6890,13,Male,6,2026-02-25,2026-02-27,recovered
6891,6,Female,6,2026-03-18,2026-03-20,recovered
6892,11,Female,6,2026-03-03,2026-03-06,recovered
6893,16,Female,6,2026-03-04,2026-03-06,recovered
6894,3,Female,6,2026-03-03,2026-03-06,recovered
6895,8,Male,6,2026-03-24,2026-03-28,recovered
6896,3,Female,6,2026-03-12,2026-03-17,referred
6897,8,Male,6,2026-03-13,2026-03-16,deceased
6898,13,Female,6,2026-03-25,2026-03-30,recovered
6899,7,Male,6,2026-03-15,2026-03-16,deceased
6900,9,Male,6,2026-03-22,2026-03-24,recovered
6901,5,Female,6,2026-03-11,2026-03-16,recovered
6902,11,Male,6,2026-03-01,2026-03-03,deceased
6903,14,Female,6,2026-03-03,2026-03-04,recovered
6904,6,Female,6,2026-03-16,2026-03-20,ongoing
6905,4,Female,6,2026-03-13,2026-03-17,referred
6906,8,Female,6,2026-03-04,2026-03-08,referred
6907,3,Other,6,2026-03-28,2026-04-01,recovered
6908,11,Male,6,2026-03-22,2026-03-26,ongoing
6909,7,Other,6,2026-03-11,2026-03-16,recovered
6910,7,Other,6,2026-03-09,2026-03-10,ongoing
6911,11,Other,6,2026-03-03,2026-03-06,recovered
6912,5,Male,6,2026-03-03,2026-03-05,deceased
6913,11,Other,6,2026-03-25,2026-03-29,referred
6914,8,Female,6,2026-03-09,2026-03-12,deceased
6915,8,Female,6,2026-03-24,2026-03-29,recovered
6916,6,Other,6,2026-03-26,2026-03-29,recovered
6917,4,Male,6,2026-03-23,2026-03-27,deceased
6918,14,Male,6,2026-03-06,2026-03-10,recovered
6919,3,Male,6,2026-03-10,2026-03-14,recovered
6920,11,Female,6,2026-03-27,2026-03-28,deceased
6921,4,Female,6,2026-03-23,2026-03-27,recovered
6922,11,Male,6,2026-03-06,2026-03-09,recovered
6923,7,Male,6,2026-03-14,2026-03-19,referred
6924,1,Male,6,2026-03-15,2026-03-17,recovered
6925,6,Other,6,2026-03-19,2026-03-23,recovered
6926,15,Male,6,2026-03-08,2026-03-10,deceased
6927,1,Female,6,2026-03-14,2026-03-18,recovered
6928,5,Female,6,2026-03-24,2026-03-27,referred
6929,7,Male,6,2026-03-03,2026-03-07,recovered
6930,6,Male,6,2026-03-01,2026-03-04,recovered
6931,6,Female,6,2026-03-22,2026-03-26,recovered
6932,14,Female,6,2026-03-03,2026-03-07,recovered
6933,19,Other,6,2026-03-28,2026-03-30,recovered
6934,7,Male,6,2026-03-18,2026-03-20,recovered
6935,1,Female,6,2026-03-21,2026-03-25,recovered
6936,1,Female,6,2026-03-23,2026-03-26,deceased
6937,8,Female,6,2026-03-27,2026-04-01,referred
6938,11,Male,6,2026-03-18,2026-03-22,deceased
6939,2,Female,6,2026-03-13,2026-03-17,recovered
6940,5,Male,6,2026-03-05,2026-03-08,recovered
6941,13,Male,6,2026-03-09,2026-03-13,recovered
6942,6,Male,6,2026-03-17,2026-03-20,deceased
6943,19,Other,6,2026-03-17,2026-03-22,deceased
6944,5,Male,6,2026-03-20,2026-03-22,recovered
6945,11,Male,6,2026-03-24,2026-03-27,recovered
6946,11,Female,6,2026-03-13,2026-03-15,referred
6947,12,Other,6,2026-03-21,2026-03-22,recovered
6948,11,Female,6,2026-03-02,2026-03-06,recovered
6949,7,Female,6,2026-03-26,2026-03-28,recovered
6950,4,Other,6,2026-03-24,2026-03-28,ongoing
6951,4,Female,6,2026-03-28,2026-04-01,recovered
6952,14,Male,6,2026-03-24,2026-03-28,ongoing
6953,7,Male,6,2026-03-22,2026-03-27,recovered
6954,2,Male,6,2026-03-18,2026-03-21,referred
6955,13,Female,6,2026-03-05,2026-03-08,recovered
6956,17,Other,6,2026-03-25,2026-03-29,deceased
6957,9,Female,6,2026-03-01,2026-03-04,ongoing
6958,10,Female,6,2026-03-19,2026-03-20,referred
6959,13,Male,6,2026-03-13,2026-03-16,referred
6960,8,Female,6,2026-03-27,2026-03-29,deceased
6961,6,Male,6,2026-03-19,2026-03-23,recovered
6962,9,Other,6,2026-03-25,2026-03-30,recovered
6963,8,Female,6,2026-03-04,2026-03-08,recovered
6964,8,Other,6,2026-03-27,2026-03-31,deceased
6965,10,Male,6,2026-03-01,2026-03-04,ongoing
6966,2,Female,6,2026-03-21,2026-03-24,referred
6967,8,Female,6,2026-03-23,2026-03-27,recovered
6968,1,Male,6,2026-03-02,2026-03-05,ongoing
6969,1,Female,6,2026-03-17,2026-03-19,recovered
6970,7,Female,6,2026-03-24,2026-03-26,deceased
6971,10,Male,6,2026-03-14,2026-03-19,deceased
6972,12,Male,6,2026-03-16,2026-03-20,deceased
6973,3,Female,6,2026-03-11,2026-03-14,recovered
6974,9,Other,6,2026-03-22,2026-03-24,ongoing
6975,2,Female,6,2026-03-06,2026-03-09,recovered
6976,10,Male,6,2026-03-19,2026-03-22,recovered
6977,9,Female,6,2026-03-10,2026-03-12,recovered
6978,9,Female,6,2026-03-06,2026-03-09,recovered
6979,7,Male,6,2026-03-07,2026-03-09,recovered
6980,1,Male,6,2026-03-06,2026-03-11,recovered
6981,2,Male,6,2026-03-08,2026-03-10,recovered
6982,3,Male,6,2026-04-27,2026-04-29,referred
6983,12,Female,6,2026-04-13,2026-04-15,referred
6984,10,Female,6,2026-04-05,2026-04-07,referred
6985,13,Female,6,2026-04-16,2026-04-19,recovered
6986,13,Other,6,2026-04-25,2026-04-29,recovered
6987,2,Female,6,2026-04-02,2026-04-06,recovered
6988,14,Female,6,2026-04-24,2026-04-29,ongoing
6989,4,Male,6,2026-04-07,2026-04-09,recovered
6990,8,Male,6,2026-04-05,2026-04-08,referred
6991,13,Female,6,2026-04-13,2026-04-15,recovered
6992,6,Female,6,2026-04-26,2026-05-01,recovered
6993,4,Male,6,2026-04-22,2026-04-24,recovered
6994,13,Female,6,2026-04-08,2026-04-12,deceased
6995,7,Other,6,2026-04-25,2026-04-29,referred
6996,6,Female,6,2026-04-19,2026-04-21,recovered
6997,4,Female,6,2026-04-02,2026-04-04,recovered
6998,9,Male,6,2026-04-25,2026-04-27,referred
6999,9,Male,6,2026-04-21,2026-04-24,recovered
7000,5,Male,6,2026-04-13,2026-04-17,recovered
7001,13,Male,6,2026-04-12,2026-04-16,recovered
7002,3,Male,6,2026-04-15,2026-04-17,ongoing
7003,5,Male,6,2026-04-17,2026-04-21,recovered
7004,4,Female,6,2026-04-14,2026-04-17,ongoing
7005,5,Male,6,2026-04-01,2026-04-06,deceased
7006,4,Male,6,2026-04-23,2026-04-26,referred
7007,12,Other,6,2026-04-27,2026-05-01,deceased
7008,11,Female,6,2026-04-08,2026-04-11,recovered
7009,8,Female,6,2026-04-10,2026-04-11,recovered
7010,10,Other,6,2026-04-21,2026-04-26,recovered
7011,5,Female,6,2026-04-17,2026-04-20,ongoing
7012,5,Other,6,2026-04-18,2026-04-20,recovered
7013,3,Other,6,2026-04-08,2026-04-12,deceased
7014,3,Male,6,2026-04-07,2026-04-11,referred
7015,11,Male,6,2026-04-12,2026-04-13,deceased
7016,13,Female,6,2026-04-19,2026-04-24,recovered
7017,14,Male,6,2026-04-26,2026-04-29,recovered
7018,11,Female,6,2026-04-11,2026-04-12,recovered
7019,2,Male,6,2026-04-24,2026-04-28,recovered
7020,11,Male,6,2026-04-21,2026-04-24,recovered
7021,14,Other,6,2026-04-14,2026-04-17,referred
7022,1,Female,6,2026-04-18,2026-04-21,ongoing
7023,1,Male,6,2026-04-19,2026-04-22,recovered
7024,1,Male,6,2026-04-17,2026-04-19,recovered
7025,9,Male,6,2026-04-28,2026-05-01,ongoing
7026,9,Female,6,2026-04-25,2026-04-28,recovered
7027,11,Other,6,2026-04-07,2026-04-10,recovered
7028,7,Other,6,2026-04-20,2026-04-23,recovered
7029,4,Male,6,2026-04-01,2026-04-03,recovered
7030,6,Male,6,2026-04-12,2026-04-15,recovered
7031,4,Male,6,2026-04-03,2026-04-06,recovered
7032,7,Male,6,2026-04-24,2026-04-29,referred
7033,18,Female,6,2026-04-05,2026-04-09,referred
7034,4,Female,6,2026-04-13,2026-04-15,recovered
7035,8,Female,6,2026-04-24,2026-04-27,recovered
7036,4,Other,6,2026-04-24,2026-04-26,recovered
7037,6,Female,6,2026-04-09,2026-04-12,recovered
7038,7,Male,6,2026-04-26,2026-04-27,recovered
7039,3,Male,6,2026-04-20,2026-04-21,referred
7040,6,Female,6,2026-04-15,2026-04-17,recovered
7041,8,Other,6,2026-04-10,2026-04-12,ongoing
7042,1,Female,6,2026-04-21,2026-04-25,ongoing
7043,5,Female,6,2026-04-12,2026-04-16,recovered
7044,5,Other,6,2026-04-26,2026-04-27,referred
7045,1,Male,6,2026-04-01,2026-04-05,deceased
7046,8,Male,6,2026-04-23,2026-04-27,referred
7047,6,Female,6,2026-04-18,2026-04-20,referred
7048,15,Other,6,2026-04-09,2026-04-12,deceased
7049,4,Female,6,2026-04-10,2026-04-12,ongoing
7050,8,Male,6,2026-04-15,2026-04-19,referred
7051,11,Other,6,2026-04-25,2026-04-29,ongoing
7052,6,Female,6,2026-04-01,2026-04-05,recovered
7053,10,Other,6,2026-04-12,2026-04-17,deceased
7054,9,Female,6,2026-04-10,2026-04-14,recovered
7055,8,Female,6,2026-04-19,2026-04-22,recovered
7056,2,Male,6,2026-04-08,2026-04-12,recovered
7057,1,Other,6,2026-04-20,2026-04-25,recovered
7058,7,Male,6,2026-04-13,2026-04-15,recovered
7059,1,Other,6,2026-04-05,2026-04-07,deceased
7060,7,Female,6,2026-04-22,2026-04-25,deceased
7061,13,Male,6,2026-04-20,2026-04-25,deceased
7062,17,Male,6,2026-04-28,2026-04-30,ongoing
7063,9,Male,6,2026-04-13,2026-04-17,referred
7064,10,Female,6,2026-04-12,2026-04-15,ongoing
7065,6,Male,6,2026-04-15,2026-04-16,deceased
7066,7,Male,6,2026-04-10,2026-04-13,recovered
7067,5,Female,6,2026-04-14,2026-04-15,recovered
7068,15,Male,6,2026-04-13,2026-04-15,recovered
7069,2,Male,6,2026-04-14,2026-04-18,recovered
7070,4,Male,6,2026-04-03,2026-04-05,deceased
7071,8,Female,6,2026-04-11,2026-04-12,referred
7072,1,Other,6,2026-04-11,2026-04-16,deceased
7073,6,Other,6,2026-04-14,2026-04-18,referred
7074,1,Male,6,2026-04-02,2026-04-03,recovered
7075,8,Female,6,2026-04-11,2026-04-14,deceased
7076,11,Female,6,2026-04-18,2026-04-21,recovered
7077,3,Male,6,2026-04-04,2026-04-08,deceased
7078,7,Other,6,2026-04-28,2026-04-29,recovered
7079,9,Male,6,2026-04-26,2026-05-01,recovered
7080,13,Male,6,2026-04-03,2026-04-05,deceased
7081,12,Male,6,2026-04-12,2026-04-17,ongoing
7082,11,Male,6,2026-05-24,2026-05-29,ongoing
7083,8,Female,6,2026-05-10,2026-05-14,referred
7084,5,Male,6,2026-05-26,2026-05-30,recovered
7085,15,Other,6,2026-05-11,2026-05-13,recovered
7086,12,Female,6,2026-05-27,2026-06-01,ongoing
7087,1,Male,6,2026-05-15,2026-05-16,recovered
7088,10,Male,6,2026-05-01,2026-05-04,ongoing
7089,8,Other,6,2026-05-05,2026-05-09,referred
7090,10,Male,6,2026-05-26,2026-05-31,recovered
7091,6,Male,6,2026-05-16,2026-05-21,recovered
7092,1,Female,6,2026-05-19,2026-05-21,recovered
7093,5,Female,6,2026-05-25,2026-05-27,recovered
7094,6,Male,6,2026-05-19,2026-05-24,recovered
7095,11,Male,6,2026-05-22,2026-05-23,recovered
7096,7,Other,6,2026-05-16,2026-05-19,recovered
7097,2,Female,6,2026-05-13,2026-05-15,recovered
7098,9,Female,6,2026-05-04,2026-05-05,recovered
7099,8,Female,6,2026-05-26,2026-05-31,recovered
7100,8,Male,6,2026-05-13,2026-05-17,recovered
7101,6,Male,6,2026-05-14,2026-05-16,ongoing
7102,5,Male,6,2026-05-14,2026-05-15,ongoing
7103,6,Female,6,2026-05-03,2026-05-08,deceased
7104,5,Other,6,2026-05-22,2026-05-26,recovered
7105,5,Other,6,2026-05-07,2026-05-08,deceased
7106,13,Female,6,2026-05-16,2026-05-20,recovered
7107,9,Male,6,2026-05-14,2026-05-18,ongoing
7108,16,Other,6,2026-05-14,2026-05-17,referred
7109,11,Other,6,2026-05-20,2026-05-25,referred
7110,1,Other,6,2026-05-13,2026-05-17,deceased
7111,11,Male,6,2026-05-13,2026-05-18,recovered
7112,9,Female,6,2026-05-06,2026-05-07,deceased
7113,8,Male,6,2026-05-02,2026-05-07,recovered
7114,7,Male,6,2026-05-26,2026-05-28,referred
7115,7,Female,6,2026-05-18,2026-05-22,deceased
7116,15,Male,6,2026-05-02,2026-05-07,referred
7117,9,Other,6,2026-05-20,2026-05-23,deceased
7118,8,Other,6,2026-05-08,2026-05-10,recovered
7119,8,Female,6,2026-05-09,2026-05-11,recovered
7120,7,Male,6,2026-05-19,2026-05-23,deceased
7121,11,Female,6,2026-05-17,2026-05-18,recovered
7122,1,Other,6,2026-05-11,2026-05-14,ongoing
7123,1,Male,6,2026-05-08,2026-05-12,ongoing
7124,1,Male,6,2026-05-21,2026-05-22,recovered
7125,10,Other,6,2026-05-20,2026-05-25,referred
7126,9,Male,6,2026-05-01,2026-05-03,recovered
7127,3,Male,6,2026-05-28,2026-06-02,deceased
7128,9,Other,6,2026-05-07,2026-05-11,recovered
7129,6,Other,6,2026-05-15,2026-05-18,deceased
7130,9,Male,6,2026-05-12,2026-05-14,recovered
7131,2,Female,6,2026-05-28,2026-06-02,recovered
7132,8,Female,6,2026-05-16,2026-05-21,ongoing
7133,20,Female,6,2026-05-11,2026-05-15,recovered
7134,9,Female,6,2026-05-20,2026-05-24,recovered
7135,1,Other,6,2026-05-04,2026-05-08,recovered
7136,13,Female,6,2026-05-14,2026-05-15,recovered
7137,6,Other,6,2026-05-20,2026-05-23,ongoing
7138,19,Female,6,2026-05-21,2026-05-26,recovered
7139,4,Female,6,2026-05-21,2026-05-22,referred
7140,10,Male,6,2026-05-16,2026-05-21,recovered
7141,1,Female,6,2026-05-06,2026-05-07,recovered
7142,16,Female,6,2026-05-03,2026-05-07,recovered
7143,12,Male,6,2026-05-05,2026-05-07,deceased
7144,6,Male,6,2026-05-24,2026-05-27,recovered
7145,12,Male,6,2026-05-17,2026-05-19,ongoing
7146,1,Female,6,2026-05-13,2026-05-18,recovered
7147,10,Female,6,2026-05-04,2026-05-07,recovered
7148,4,Female,6,2026-05-21,2026-05-24,recovered
7149,8,Male,6,2026-05-07,2026-05-11,recovered
7150,10,Other,6,2026-05-14,2026-05-15,deceased
7151,6,Female,6,2026-05-20,2026-05-22,referred
7152,5,Male,6,2026-05-23,2026-05-27,ongoing
7153,13,Male,6,2026-05-03,2026-05-08,referred
7154,5,Male,6,2026-05-08,2026-05-12,referred
7155,7,Other,6,2026-05-21,2026-05-25,deceased
7156,9,Male,6,2026-05-16,2026-05-19,referred
7157,5,Female,6,2026-05-26,2026-05-31,ongoing
7158,1,Male,6,2026-05-25,2026-05-28,recovered
7159,12,Other,6,2026-05-25,2026-05-27,recovered
7160,5,Female,6,2026-05-08,2026-05-09,ongoing
7161,12,Other,6,2026-05-19,2026-05-24,recovered
7162,4,Other,6,2026-06-02,2026-06-06,recovered
7163,10,Female,6,2026-06-05,2026-06-10,ongoing
7164,12,Female,6,2026-06-25,2026-06-29,deceased
7165,4,Male,6,2026-06-07,2026-06-11,deceased
7166,12,Female,6,2026-06-28,2026-07-01,recovered
7167,6,Other,6,2026-06-07,2026-06-11,recovered
7168,13,Female,6,2026-06-07,2026-06-11,deceased
7169,5,Female,6,2026-06-21,2026-06-23,referred
7170,15,Male,6,2026-06-11,2026-06-13,recovered
7171,4,Other,6,2026-06-15,2026-06-20,recovered
7172,1,Female,6,2026-06-11,2026-06-12,recovered
7173,2,Other,6,2026-06-11,2026-06-14,recovered
7174,6,Male,6,2026-06-06,2026-06-07,recovered
7175,4,Male,6,2026-06-13,2026-06-16,ongoing
7176,11,Female,6,2026-06-05,2026-06-08,recovered
7177,10,Female,6,2026-06-11,2026-06-15,recovered
7178,3,Female,6,2026-06-21,2026-06-24,recovered
7179,10,Other,6,2026-06-22,2026-06-27,recovered
7180,18,Male,6,2026-06-20,2026-06-22,deceased
7181,6,Male,6,2026-06-25,2026-06-29,recovered
7182,9,Male,6,2026-06-27,2026-06-29,recovered
7183,9,Male,6,2026-06-26,2026-07-01,recovered
7184,14,Male,6,2026-06-26,2026-06-29,recovered
7185,9,Male,6,2026-06-12,2026-06-14,recovered
7186,1,Male,6,2026-06-23,2026-06-26,recovered
7187,10,Male,6,2026-06-07,2026-06-08,deceased
7188,1,Male,6,2026-06-04,2026-06-08,recovered
7189,14,Female,6,2026-06-08,2026-06-13,recovered
7190,2,Other,6,2026-06-20,2026-06-23,recovered
7191,8,Male,6,2026-06-01,2026-06-02,recovered
7192,1,Other,6,2026-06-10,2026-06-12,recovered
7193,3,Other,6,2026-06-12,2026-06-16,referred
7194,6,Other,6,2026-06-14,2026-06-18,ongoing
7195,13,Male,6,2026-06-17,2026-06-18,referred
7196,5,Male,6,2026-06-26,2026-07-01,recovered
7197,4,Female,6,2026-06-19,2026-06-23,recovered
7198,8,Female,6,2026-06-08,2026-06-11,recovered
7199,11,Male,6,2026-06-19,2026-06-24,recovered
7200,7,Other,6,2026-06-06,2026-06-08,recovered
7201,12,Male,6,2026-06-09,2026-06-12,recovered
7202,5,Male,6,2026-06-07,2026-06-11,referred
7203,1,Other,6,2026-06-24,2026-06-29,recovered
7204,6,Female,6,2026-06-10,2026-06-13,recovered
7205,8,Male,6,2026-06-01,2026-06-04,recovered
7206,12,Female,6,2026-06-01,2026-06-02,recovered
7207,11,Female,6,2026-06-23,2026-06-25,recovered
7208,3,Other,6,2026-06-28,2026-07-03,recovered
7209,16,Other,6,2026-06-04,2026-06-08,recovered
7210,3,Female,6,2026-06-28,2026-07-03,recovered
7211,8,Male,6,2026-06-18,2026-06-22,referred
7212,5,Female,6,2026-06-26,2026-06-28,recovered
7213,5,Other,6,2026-06-28,2026-06-29,deceased
7214,15,Male,6,2026-06-14,2026-06-17,recovered
7215,1,Other,6,2026-06-13,2026-06-17,recovered
7216,13,Female,6,2026-06-08,2026-06-09,recovered
7217,9,Male,6,2026-06-21,2026-06-26,ongoing
7218,12,Other,6,2026-06-18,2026-06-19,referred
7219,9,Female,6,2026-06-10,2026-06-15,recovered
7220,3,Female,6,2026-06-06,2026-06-08,referred
7221,5,Male,6,2026-06-08,2026-06-11,recovered
7222,3,Female,6,2026-06-18,2026-06-22,deceased
7223,9,Female,6,2026-06-13,2026-06-15,referred
7224,7,Male,6,2026-06-11,2026-06-15,referred
7225,4,Male,6,2026-06-27,2026-06-30,recovered
7226,4,Female,6,2026-06-03,2026-06-07,ongoing
7227,14,Female,6,2026-06-25,2026-06-27,recovered
7228,12,Other,6,2026-06-23,2026-06-26,recovered
7229,2,Female,6,2026-06-06,2026-06-09,recovered
7230,9,Male,6,2026-06-12,2026-06-15,deceased
7231,10,Male,6,2026-06-18,2026-06-21,recovered
7232,15,Male,6,2026-06-09,2026-06-14,ongoing
7233,10,Other,6,2026-06-12,2026-06-14,referred
7234,2,Female,6,2026-06-18,2026-06-22,recovered
7235,10,Other,6,2026-06-26,2026-06-29,recovered
7236,10,Female,6,2026-06-22,2026-06-26,recovered
7237,9,Female,6,2026-06-12,2026-06-17,ongoing
7238,8,Other,6,2026-06-04,2026-06-06,recovered
7239,7,Male,6,2026-06-10,2026-06-12,recovered
7240,3,Male,6,2026-06-20,2026-06-22,recovered
7241,15,Other,6,2026-06-19,2026-06-23,recovered
7242,12,Female,6,2026-06-04,2026-06-08,deceased
7243,7,Other,6,2026-06-27,2026-07-02,recovered
7244,13,Other,6,2026-06-10,2026-06-15,ongoing
7245,10,Male,6,2026-06-03,2026-06-06,recovered
7246,6,Other,6,2026-06-15,2026-06-19,recovered
7247,5,Male,6,2026-06-15,2026-06-19,ongoing
7248,9,Male,6,2026-06-22,2026-06-25,deceased
7249,3,Female,6,2026-06-06,2026-06-10,referred
7250,9,Other,6,2026-06-06,2026-06-07,deceased
7251,5,Male,6,2026-06-13,2026-06-16,recovered
7252,9,Male,6,2026-06-20,2026-06-25,referred
7253,1,Female,6,2026-06-28,2026-07-02,ongoing
7254,15,Female,6,2026-06-07,2026-06-09,recovered
7255,6,Other,6,2026-06-01,2026-06-03,recovered
7256,4,Female,6,2026-06-27,2026-07-02,recovered
7257,6,Male,6,2026-06-21,2026-06-25,deceased
7258,1,Male,6,2026-06-19,2026-06-22,recovered
7259,4,Male,6,2026-07-23,2026-07-26,recovered
7260,3,Other,6,2026-07-25,2026-07-28,recovered
7261,1,Female,6,2026-07-07,2026-07-12,deceased
7262,7,Other,6,2026-07-27,2026-08-01,recovered
7263,6,Female,6,2026-07-27,2026-07-29,recovered
7264,5,Male,6,2026-07-09,2026-07-14,recovered
7265,1,Female,6,2026-07-13,2026-07-15,deceased
7266,8,Other,6,2026-07-25,2026-07-30,recovered
7267,7,Female,6,2026-07-26,2026-07-31,referred
7268,12,Other,6,2026-07-24,2026-07-27,recovered
7269,7,Male,6,2026-07-27,2026-07-31,recovered
7270,13,Female,6,2026-07-12,2026-07-17,recovered
7271,7,Male,6,2026-07-28,2026-07-31,referred
7272,12,Male,6,2026-07-21,2026-07-23,deceased
7273,1,Male,6,2026-07-12,2026-07-14,ongoing
7274,8,Other,6,2026-07-24,2026-07-26,ongoing
7275,8,Male,6,2026-07-13,2026-07-15,recovered
7276,14,Male,6,2026-07-08,2026-07-11,recovered
7277,19,Other,6,2026-07-18,2026-07-23,recovered
7278,10,Female,6,2026-07-12,2026-07-14,recovered
7279,13,Female,6,2026-07-24,2026-07-27,referred
7280,5,Female,6,2026-07-20,2026-07-22,ongoing
7281,7,Male,6,2026-07-13,2026-07-15,deceased
7282,6,Female,6,2026-07-25,2026-07-26,recovered
7283,9,Male,6,2026-07-07,2026-07-08,recovered
7284,4,Female,6,2026-07-24,2026-07-29,recovered
7285,7,Male,6,2026-07-26,2026-07-31,recovered
7286,9,Female,6,2026-07-26,2026-07-30,recovered
7287,11,Other,6,2026-07-12,2026-07-15,recovered
7288,4,Male,6,2026-07-07,2026-07-09,recovered
7289,1,Female,6,2026-07-15,2026-07-17,deceased
7290,11,Female,6,2026-07-14,2026-07-18,recovered
7291,11,Other,6,2026-07-28,2026-08-02,ongoing
7292,12,Male,6,2026-07-16,2026-07-18,ongoing
7293,5,Male,6,2026-07-05,2026-07-09,deceased
7294,1,Male,6,2026-07-27,2026-07-28,recovered
7295,3,Other,6,2026-07-06,2026-07-10,recovered
7296,10,Male,6,2026-07-22,2026-07-27,recovered
7297,1,Female,6,2026-07-13,2026-07-15,recovered
7298,7,Female,6,2026-07-19,2026-07-23,ongoing
7299,8,Male,6,2026-07-07,2026-07-12,recovered
7300,7,Male,6,2026-07-09,2026-07-11,recovered
7301,6,Other,6,2026-07-28,2026-08-01,ongoing
7302,19,Male,6,2026-07-07,2026-07-12,deceased
7303,8,Female,6,2026-07-12,2026-07-16,recovered
7304,1,Male,6,2026-07-06,2026-07-10,referred
7305,3,Female,6,2026-07-13,2026-07-18,recovered
7306,8,Other,6,2026-07-16,2026-07-17,referred
7307,5,Female,6,2026-07-04,2026-07-09,recovered
7308,5,Male,6,2026-07-28,2026-07-30,recovered
7309,7,Other,6,2026-07-07,2026-07-10,ongoing
7310,14,Male,6,2026-07-10,2026-07-15,referred
7311,10,Female,6,2026-07-24,2026-07-29,ongoing
7312,6,Other,6,2026-07-15,2026-07-16,deceased
7313,9,Female,6,2026-07-01,2026-07-04,deceased
7314,8,Male,6,2026-07-21,2026-07-24,deceased
7315,1,Other,6,2026-07-14,2026-07-16,recovered
7316,8,Male,6,2026-07-25,2026-07-28,recovered
7317,4,Male,6,2026-07-17,2026-07-21,recovered
7318,7,Male,6,2026-07-09,2026-07-12,recovered
7319,12,Male,6,2026-07-07,2026-07-10,deceased
7320,2,Other,6,2026-07-10,2026-07-15,recovered
7321,8,Male,6,2026-07-16,2026-07-18,deceased
7322,8,Other,6,2026-07-15,2026-07-18,recovered
7323,1,Female,6,2026-07-26,2026-07-30,referred
7324,16,Other,6,2026-07-03,2026-07-06,recovered
7325,13,Male,6,2026-07-24,2026-07-28,recovered
7326,1,Other,6,2026-07-18,2026-07-21,recovered
7327,23,Male,6,2026-07-24,2026-07-28,recovered
7328,10,Female,6,2026-07-21,2026-07-26,recovered
7329,5,Other,6,2026-07-28,2026-08-01,deceased
7330,12,Male,6,2026-07-02,2026-07-04,recovered
7331,2,Other,6,2026-07-07,2026-07-12,ongoing
7332,1,Female,6,2026-07-22,2026-07-26,recovered
7333,1,Female,6,2026-07-08,2026-07-09,recovered
7334,2,Male,6,2026-07-28,2026-08-02,recovered
7335,14,Other,6,2026-07-01,2026-07-06,recovered
7336,9,Male,6,2026-07-26,2026-07-29,deceased
7337,8,Male,6,2026-07-06,2026-07-10,recovered
7338,10,Other,6,2026-07-28,2026-08-02,recovered
7339,12,Male,6,2026-07-07,2026-07-08,recovered
7340,7,Other,6,2026-07-05,2026-07-07,recovered
7341,17,Other,6,2026-07-23,2026-07-24,recovered
7342,7,Male,6,2026-07-26,2026-07-31,ongoing
7343,5,Male,6,2026-07-28,2026-07-30,recovered
7344,2,Female,6,2026-07-10,2026-07-13,recovered
7345,8,Female,6,2026-07-17,2026-07-20,recovered
7346,2,Female,6,2026-07-19,2026-07-23,recovered
7347,5,Other,6,2026-07-27,2026-07-31,deceased
7348,4,Male,6,2026-07-04,2026-07-07,ongoing
7349,9,Other,6,2026-07-06,2026-07-09,deceased
7350,5,Male,6,2026-07-05,2026-07-08,deceased
7351,9,Male,6,2026-07-05,2026-07-09,recovered
7352,6,Female,6,2026-08-12,2026-08-16,deceased
7353,6,Male,6,2026-08-17,2026-08-21,ongoing
7354,6,Other,6,2026-08-02,2026-08-04,recovered
7355,6,Male,6,2026-08-19,2026-08-22,deceased
7356,1,Other,6,2026-08-10,2026-08-12,recovered
7357,8,Male,6,2026-08-13,2026-08-15,ongoing
7358,7,Male,6,2026-08-18,2026-08-20,referred
7359,13,Male,6,2026-08-28,2026-08-30,recovered
7360,9,Male,6,2026-08-14,2026-08-18,recovered
7361,12,Male,6,2026-08-11,2026-08-12,recovered
7362,6,Female,6,2026-08-26,2026-08-29,recovered
7363,1,Other,6,2026-08-28,2026-08-30,deceased
7364,7,Female,6,2026-08-23,2026-08-25,recovered
7365,5,Female,6,2026-08-15,2026-08-19,referred
7366,15,Male,6,2026-08-16,2026-08-21,recovered
7367,1,Male,6,2026-08-19,2026-08-24,recovered
7368,14,Female,6,2026-08-07,2026-08-10,deceased
7369,9,Other,6,2026-08-10,2026-08-14,recovered
7370,4,Female,6,2026-08-20,2026-08-21,recovered
7371,5,Male,6,2026-08-23,2026-08-25,ongoing
7372,11,Female,6,2026-08-27,2026-08-29,recovered
7373,9,Female,6,2026-08-09,2026-08-14,recovered
7374,6,Male,6,2026-08-07,2026-08-11,deceased
7375,5,Male,6,2026-08-14,2026-08-18,ongoing
7376,8,Male,6,2026-08-08,2026-08-11,recovered
7377,1,Male,6,2026-08-25,2026-08-28,recovered
7378,10,Female,6,2026-08-10,2026-08-12,deceased
7379,5,Female,6,2026-08-05,2026-08-08,deceased
7380,3,Male,6,2026-08-03,2026-08-08,recovered
7381,7,Male,6,2026-08-23,2026-08-27,recovered
7382,13,Male,6,2026-08-11,2026-08-13,recovered
7383,6,Male,6,2026-08-18,2026-08-20,deceased
7384,12,Female,6,2026-08-12,2026-08-17,recovered
7385,14,Female,6,2026-08-14,2026-08-19,recovered
7386,6,Female,6,2026-08-26,2026-08-31,referred
7387,6,Other,6,2026-08-28,2026-09-01,recovered
7388,8,Other,6,2026-08-25,2026-08-26,recovered
7389,8,Female,6,2026-08-01,2026-08-04,recovered
7390,6,Male,6,2026-08-16,2026-08-17,referred
7391,8,Other,6,2026-08-16,2026-08-19,recovered
7392,5,Female,6,2026-08-19,2026-08-21,ongoing
7393,9,Female,6,2026-08-13,2026-08-18,deceased
7394,1,Female,6,2026-08-03,2026-08-07,recovered
7395,13,Other,6,2026-08-17,2026-08-20,ongoing
7396,6,Male,6,2026-08-12,2026-08-16,recovered
7397,9,Other,6,2026-08-02,2026-08-05,recovered
7398,2,Female,6,2026-08-03,2026-08-05,recovered
7399,7,Female,6,2026-08-02,2026-08-04,referred
7400,9,Female,6,2026-08-22,2026-08-26,ongoing
7401,5,Male,6,2026-08-14,2026-08-16,referred
7402,6,Other,6,2026-08-22,2026-08-27,ongoing
7403,11,Male,6,2026-08-21,2026-08-24,ongoing
7404,13,Other,6,2026-08-18,2026-08-22,recovered
7405,5,Female,6,2026-08-10,2026-08-15,deceased
7406,8,Female,6,2026-08-15,2026-08-18,referred
7407,10,Other,6,2026-08-09,2026-08-14,recovered
7408,1,Male,6,2026-08-10,2026-08-13,recovered
7409,8,Female,6,2026-08-10,2026-08-12,recovered
7410,3,Female,6,2026-08-05,2026-08-09,recovered
7411,7,Female,6,2026-08-09,2026-08-14,deceased
7412,14,Female,6,2026-08-22,2026-08-26,ongoing
7413,8,Male,6,2026-08-27,2026-08-30,ongoing
7414,14,Other,6,2026-08-03,2026-08-07,recovered
7415,5,Female,6,2026-08-15,2026-08-20,recovered
7416,14,Male,6,2026-08-13,2026-08-16,recovered
7417,1,Other,6,2026-08-09,2026-08-12,ongoing
7418,1,Male,6,2026-08-23,2026-08-25,deceased
7419,4,Female,6,2026-08-11,2026-08-13,recovered
7420,9,Female,6,2026-08-20,2026-08-22,referred
7421,7,Other,6,2026-08-13,2026-08-17,ongoing
7422,7,Other,6,2026-08-26,2026-08-29,recovered
7423,13,Male,6,2026-08-13,2026-08-16,referred
7424,7,Female,6,2026-08-18,2026-08-20,ongoing
7425,8,Female,6,2026-08-26,2026-08-30,recovered
7426,16,Female,6,2026-08-13,2026-08-16,recovered
7427,9,Other,6,2026-08-02,2026-08-04,deceased
7428,13,Female,6,2026-08-09,2026-08-10,referred
7429,2,Male,6,2026-08-23,2026-08-24,referred
7430,7,Female,6,2026-08-17,2026-08-22,ongoing
7431,7,Other,6,2026-08-08,2026-08-09,recovered
7432,12,Male,6,2026-08-22,2026-08-26,referred
7433,1,Male,6,2026-08-25,2026-08-28,deceased
7434,13,Female,6,2026-08-26,2026-08-29,ongoing
7435,11,Female,6,2026-08-22,2026-08-23,recovered
7436,5,Female,6,2026-08-21,2026-08-25,recovered
7437,5,Female,6,2026-08-21,2026-08-23,recovered
7438,6,Male,6,2026-08-06,2026-08-09,recovered
7439,5,Male,6,2026-08-04,2026-08-06,deceased
7440,9,Male,6,2026-08-09,2026-08-11,recovered
7441,6,Male,6,2026-08-05,2026-08-06,recovered
7442,3,Male,6,2026-08-23,2026-08-25,recovered
7443,13,Other,6,2026-08-02,2026-08-04,ongoing
7444,11,Male,6,2026-08-12,2026-08-16,deceased
7445,5,Male,6,2026-08-11,2026-08-14,deceased
7446,5,Other,6,2026-08-18,2026-08-20,recovered
7447,9,Female,6,2026-08-21,2026-08-23,referred
7448,10,Female,6,2026-08-19,2026-08-22,recovered
7449,10,Other,6,2026-08-14,2026-08-18,referred
7450,16,Male,6,2026-08-23,2026-08-24,recovered
7451,11,Other,6,2026-08-07,2026-08-09,ongoing
7452,10,Female,6,2026-08-03,2026-08-07,recovered
7453,9,Male,6,2026-08-02,2026-08-05,recovered
7454,9,Male,6,2026-08-15,2026-08-20,ongoing
7455,4,Female,6,2026-09-14,2026-09-17,recovered
7456,5,Male,6,2026-09-01,2026-09-05,ongoing
7457,16,Female,6,2026-09-20,2026-09-23,recovered
7458,5,Male,6,2026-09-17,2026-09-22,recovered
7459,1,Male,6,2026-09-28,2026-09-29,recovered
7460,8,Male,6,2026-09-08,2026-09-09,recovered
7461,18,Male,6,2026-09-20,2026-09-24,recovered
7462,1,Male,6,2026-09-18,2026-09-22,recovered
7463,8,Female,6,2026-09-26,2026-10-01,recovered
7464,5,Male,6,2026-09-27,2026-09-29,recovered
7465,4,Male,6,2026-09-03,2026-09-07,recovered
7466,9,Male,6,2026-09-14,2026-09-17,recovered
7467,8,Female,6,2026-09-28,2026-09-29,recovered
7468,12,Female,6,2026-09-11,2026-09-14,deceased
7469,6,Female,6,2026-09-05,2026-09-07,recovered
7470,11,Female,6,2026-09-05,2026-09-10,recovered
7471,7,Male,6,2026-09-21,2026-09-26,recovered
7472,5,Male,6,2026-09-01,2026-09-02,referred
7473,6,Female,6,2026-09-28,2026-10-03,recovered
7474,3,Male,6,2026-09-14,2026-09-18,recovered
7475,9,Other,6,2026-09-03,2026-09-07,recovered
7476,7,Other,6,2026-09-28,2026-10-01,recovered
7477,8,Female,6,2026-09-26,2026-09-28,ongoing
7478,16,Female,6,2026-09-26,2026-09-28,recovered
7479,7,Other,6,2026-09-21,2026-09-26,referred
7480,11,Female,6,2026-09-11,2026-09-16,recovered
7481,12,Female,6,2026-09-16,2026-09-21,recovered
7482,4,Other,6,2026-09-28,2026-09-30,recovered
7483,11,Female,6,2026-09-02,2026-09-04,referred
7484,14,Male,6,2026-09-17,2026-09-21,referred
7485,8,Male,6,2026-09-04,2026-09-07,deceased
7486,8,Male,6,2026-09-25,2026-09-29,recovered
7487,1,Male,6,2026-09-23,2026-09-25,recovered
7488,7,Male,6,2026-09-20,2026-09-22,recovered
7489,8,Female,6,2026-09-25,2026-09-28,deceased
7490,21,Female,6,2026-09-08,2026-09-09,referred
7491,6,Male,6,2026-09-25,2026-09-28,recovered
7492,12,Male,6,2026-09-19,2026-09-24,recovered
7493,7,Female,6,2026-09-13,2026-09-17,recovered
7494,13,Male,6,2026-09-21,2026-09-25,deceased
7495,11,Male,6,2026-09-15,2026-09-16,recovered
7496,7,Other,6,2026-09-27,2026-09-29,recovered
7497,9,Female,6,2026-09-18,2026-09-23,referred
7498,5,Female,6,2026-09-27,2026-09-30,recovered
7499,10,Other,6,2026-09-15,2026-09-19,recovered
7500,4,Female,6,2026-09-15,2026-09-18,recovered
7501,17,Female,6,2026-09-02,2026-09-05,referred
7502,14,Male,6,2026-09-25,2026-09-28,deceased
7503,12,Male,6,2026-09-23,2026-09-24,deceased
7504,9,Female,6,2026-09-19,2026-09-20,ongoing
7505,8,Female,6,2026-09-25,2026-09-28,ongoing
7506,14,Female,6,2026-09-07,2026-09-12,recovered
7507,1,Male,6,2026-09-21,2026-09-24,referred
7508,7,Male,6,2026-09-10,2026-09-11,referred
7509,3,Male,6,2026-09-23,2026-09-27,deceased
7510,22,Male,6,2026-09-05,2026-09-10,ongoing
7511,7,Female,6,2026-09-07,2026-09-12,deceased
7512,8,Male,6,2026-09-13,2026-09-18,ongoing
7513,11,Male,6,2026-09-09,2026-09-12,recovered
7514,4,Female,6,2026-09-05,2026-09-09,recovered
7515,10,Female,6,2026-09-04,2026-09-08,deceased
7516,3,Male,6,2026-09-21,2026-09-25,recovered
7517,8,Male,6,2026-09-18,2026-09-21,recovered
7518,7,Female,6,2026-09-20,2026-09-25,recovered
7519,4,Other,6,2026-09-27,2026-09-28,recovered
7520,2,Female,6,2026-09-27,2026-09-30,recovered
7521,13,Female,6,2026-09-02,2026-09-07,referred
7522,7,Male,6,2026-09-06,2026-09-09,deceased
7523,6,Female,6,2026-09-26,2026-09-30,deceased
7524,3,Male,6,2026-09-16,2026-09-20,recovered
7525,11,Female,6,2026-09-22,2026-09-26,recovered
7526,11,Female,6,2026-09-04,2026-09-07,referred
7527,4,Female,6,2026-09-21,2026-09-25,recovered
7528,5,Male,6,2026-09-16,2026-09-19,ongoing
7529,10,Other,6,2026-09-12,2026-09-15,deceased
7530,1,Male,6,2026-09-06,2026-09-08,deceased
7531,10,Female,6,2026-09-27,2026-10-02,recovered
7532,10,Other,6,2026-09-28,2026-10-03,referred
7533,6,Other,6,2026-09-22,2026-09-25,recovered
7534,13,Female,6,2026-09-12,2026-09-13,recovered
7535,7,Other,6,2026-09-04,2026-09-07,recovered
7536,1,Male,6,2026-09-21,2026-09-24,ongoing
7537,7,Female,6,2026-09-04,2026-09-07,recovered
7538,2,Male,6,2026-09-17,2026-09-20,recovered
7539,1,Other,6,2026-09-15,2026-09-19,referred
7540,17,Other,6,2026-09-22,2026-09-27,recovered
7541,3,Other,6,2026-09-07,2026-09-10,recovered
7542,12,Male,6,2026-09-25,2026-09-27,recovered
7543,10,Female,6,2026-09-25,2026-09-26,recovered
7544,9,Male,6,2026-09-14,2026-09-18,recovered
7545,9,Female,6,2026-09-13,2026-09-17,ongoing
7546,9,Male,6,2026-09-19,2026-09-21,recovered
7547,5,Other,6,2026-09-22,2026-09-23,recovered
7548,5,Male,6,2026-09-18,2026-09-20,referred
7549,1,Female,6,2026-09-13,2026-09-16,recovered
7550,7,Male,6,2026-09-08,2026-09-10,recovered
7551,13,Male,6,2026-09-14,2026-09-18,deceased
7552,10,Male,6,2026-09-18,2026-09-23,recovered
7553,9,Other,6,2026-09-17,2026-09-19,deceased
7554,10,Male,6,2026-09-22,2026-09-26,referred
7555,9,Female,6,2026-09-12,2026-09-14,recovered
7556,20,Female,6,2026-09-19,2026-09-21,referred
7557,66,Other,7,2025-10-14,2025-10-15,referred
7558,35,Female,7,2025-10-09,2025-10-11,recovered
7559,38,Female,7,2025-10-27,2025-10-29,referred
7560,35,Female,7,2025-10-22,2025-10-24,deceased
7561,36,Female,7,2025-10-28,2025-10-30,referred
7562,47,Male,7,2025-10-10,2025-10-11,recovered
7563,49,Male,7,2025-10-12,2025-10-13,recovered
7564,42,Other,7,2025-10-12,2025-10-13,recovered
7565,33,Female,7,2025-10-15,2025-10-16,recovered
7566,34,Male,7,2025-10-19,2025-10-21,recovered
7567,21,Male,7,2025-10-21,2025-10-22,recovered
7568,58,Female,7,2025-10-07,2025-10-09,ongoing
7569,54,Other,7,2025-10-13,2025-10-15,ongoing
7570,9,Female,7,2025-10-11,2025-10-12,ongoing
7571,47,Male,7,2025-10-25,2025-10-26,recovered
7572,27,Male,7,2025-10-26,2025-10-27,recovered
7573,22,Female,7,2025-10-10,2025-10-11,recovered
7574,46,Male,7,2025-10-20,2025-10-21,deceased
7575,45,Other,7,2025-10-19,2025-10-20,deceased
7576,44,Other,7,2025-10-03,2025-10-05,recovered
7577,40,Female,7,2025-10-20,2025-10-22,deceased
7578,40,Other,7,2025-10-28,2025-10-30,recovered
7579,53,Male,7,2025-10-12,2025-10-13,deceased
7580,42,Male,7,2025-10-17,2025-10-19,recovered
7581,18,Male,7,2025-10-03,2025-10-04,recovered
7582,45,Male,7,2025-10-12,2025-10-13,deceased
7583,59,Female,7,2025-10-27,2025-10-28,recovered
7584,22,Male,7,2025-10-06,2025-10-07,recovered
7585,60,Male,7,2025-10-10,2025-10-11,deceased
7586,70,Male,7,2025-10-08,2025-10-09,deceased
7587,42,Female,7,2025-10-13,2025-10-15,ongoing
7588,37,Male,7,2025-10-10,2025-10-11,deceased
7589,42,Female,7,2025-10-15,2025-10-16,recovered
7590,55,Male,7,2025-10-26,2025-10-28,deceased
7591,63,Female,7,2025-10-09,2025-10-11,recovered
7592,51,Other,7,2025-10-26,2025-10-28,ongoing
7593,61,Male,7,2025-10-28,2025-10-31,recovered
7594,50,Female,7,2025-10-13,2025-10-14,recovered
7595,43,Male,7,2025-10-09,2025-10-11,recovered
7596,23,Male,7,2025-10-06,2025-10-07,recovered
7597,42,Other,7,2025-10-11,2025-10-12,recovered
7598,47,Male,7,2025-10-14,2025-10-15,ongoing
7599,41,Female,7,2025-10-24,2025-10-27,referred
7600,50,Male,7,2025-10-07,2025-10-08,referred
7601,7,Other,7,2025-10-26,2025-10-27,deceased
7602,40,Female,7,2025-10-03,2025-10-04,referred
7603,31,Other,7,2025-10-25,2025-10-27,recovered
7604,40,Female,7,2025-10-22,2025-10-23,ongoing
7605,42,Male,7,2025-10-06,2025-10-08,ongoing
7606,37,Other,7,2025-10-06,2025-10-07,deceased
7607,53,Other,7,2025-10-04,2025-10-06,ongoing
7608,51,Male,7,2025-10-20,2025-10-21,recovered
7609,45,Other,7,2025-10-04,2025-10-05,recovered
7610,35,Other,7,2025-10-23,2025-10-25,ongoing
7611,43,Male,7,2025-10-07,2025-10-09,recovered
7612,52,Female,7,2025-10-01,2025-10-04,deceased
7613,18,Female,7,2025-10-23,2025-10-24,recovered
7614,53,Male,7,2025-10-20,2025-10-23,referred
7615,60,Other,7,2025-10-10,2025-10-11,recovered
7616,42,Male,7,2025-10-13,2025-10-14,ongoing
7617,50,Other,7,2025-10-03,2025-10-05,recovered
7618,51,Female,7,2025-10-08,2025-10-10,referred
7619,73,Male,7,2025-10-11,2025-10-14,recovered
7620,36,Male,7,2025-10-23,2025-10-25,recovered
7621,41,Male,7,2025-10-07,2025-10-09,recovered
7622,28,Other,7,2025-10-04,2025-10-05,recovered
7623,29,Other,7,2025-10-05,2025-10-06,deceased
7624,64,Female,7,2025-10-06,2025-10-08,recovered
7625,77,Female,7,2025-10-06,2025-10-08,recovered
7626,30,Male,7,2025-10-24,2025-10-26,recovered
7627,39,Female,7,2025-10-06,2025-10-09,deceased
7628,45,Female,7,2025-10-06,2025-10-07,recovered
7629,71,Female,7,2025-10-08,2025-10-11,recovered
7630,39,Male,7,2025-10-18,2025-10-19,deceased
7631,67,Other,7,2025-10-15,2025-10-17,referred
7632,49,Other,7,2025-10-07,2025-10-09,deceased
7633,37,Female,7,2025-10-18,2025-10-20,recovered
7634,17,Other,7,2025-10-10,2025-10-11,referred
7635,48,Female,7,2025-10-28,2025-10-30,referred
7636,41,Male,7,2025-10-11,2025-10-12,deceased
7637,45,Male,7,2025-10-23,2025-10-24,deceased
7638,54,Male,7,2025-10-12,2025-10-14,referred
7639,45,Female,7,2025-10-22,2025-10-24,recovered
7640,23,Female,7,2025-10-10,2025-10-12,recovered
7641,29,Female,7,2025-10-09,2025-10-10,referred
7642,67,Other,7,2025-10-26,2025-10-28,ongoing
7643,65,Female,7,2025-10-22,2025-10-23,deceased
7644,87,Female,7,2025-10-24,2025-10-27,ongoing
7645,51,Male,7,2025-10-18,2025-10-19,deceased
7646,60,Other,7,2025-10-18,2025-10-19,ongoing
7647,23,Female,7,2025-10-07,2025-10-10,deceased
7648,16,Female,7,2025-10-27,2025-10-28,ongoing
7649,74,Male,7,2025-10-01,2025-10-03,recovered
7650,41,Male,7,2025-10-21,2025-10-23,recovered
7651,61,Male,7,2025-10-25,2025-10-27,ongoing
7652,53,Male,7,2025-10-08,2025-10-09,referred
7653,28,Female,7,2025-10-14,2025-10-16,recovered
7654,33,Female,7,2025-10-08,2025-10-09,referred
7655,60,Male,7,2025-10-02,2025-10-03,recovered
7656,9,Other,7,2025-10-16,2025-10-17,ongoing
7657,27,Other,7,2025-10-25,2025-10-28,ongoing
7658,37,Female,7,2025-10-26,2025-10-29,deceased
7659,24,Female,7,2025-10-12,2025-10-13,recovered
7660,44,Other,7,2025-10-25,2025-10-26,recovered
7661,40,Male,7,2025-10-26,2025-10-27,ongoing
7662,42,Male,7,2025-10-09,2025-10-11,referred
7663,36,Male,7,2025-10-06,2025-10-07,recovered
7664,53,Female,7,2025-10-27,2025-10-29,referred
7665,35,Male,7,2025-10-02,2025-10-04,ongoing
7666,36,Male,7,2025-10-14,2025-10-15,recovered
7667,47,Female,7,2025-10-24,2025-10-26,recovered
7668,43,Female,7,2025-10-10,2025-10-11,deceased
7669,47,Other,7,2025-10-26,2025-10-29,recovered
7670,67,Male,7,2025-10-28,2025-10-29,recovered
7671,14,Female,7,2025-10-03,2025-10-05,recovered
7672,45,Female,7,2025-10-08,2025-10-09,deceased
7673,20,Male,7,2025-10-23,2025-10-25,referred
7674,44,Female,7,2025-10-07,2025-10-09,recovered
7675,57,Female,7,2025-10-21,2025-10-23,recovered
7676,55,Other,7,2025-10-26,2025-10-28,referred
7677,49,Male,7,2025-10-24,2025-10-26,referred
7678,76,Male,7,2025-10-15,2025-10-17,recovered
7679,56,Male,7,2025-10-27,2025-10-28,ongoing
7680,36,Female,7,2025-10-14,2025-10-15,deceased
7681,36,Female,7,2025-10-07,2025-10-08,recovered
7682,69,Other,7,2025-10-04,2025-10-07,ongoing
7683,46,Male,7,2025-10-13,2025-10-14,deceased
7684,69,Male,7,2025-10-19,2025-10-21,recovered
7685,29,Male,7,2025-10-08,2025-10-10,recovered
7686,41,Other,7,2025-10-23,2025-10-24,recovered
7687,48,Male,7,2025-10-23,2025-10-24,ongoing
7688,45,Male,7,2025-10-05,2025-10-06,recovered
7689,60,Female,7,2025-10-18,2025-10-19,recovered
7690,49,Female,7,2025-10-14,2025-10-16,ongoing
7691,39,Male,7,2025-10-15,2025-10-17,recovered
7692,38,Female,7,2025-10-19,2025-10-21,deceased
7693,27,Male,7,2025-10-28,2025-10-29,recovered
7694,15,Female,7,2025-10-21,2025-10-22,recovered
7695,42,Male,7,2025-10-07,2025-10-09,recovered
7696,51,Male,7,2025-10-12,2025-10-13,deceased
7697,41,Male,7,2025-10-01,2025-10-02,recovered
7698,48,Male,7,2025-10-07,2025-10-08,recovered
7699,34,Male,7,2025-10-11,2025-10-14,referred
7700,48,Female,7,2025-10-16,2025-10-18,referred
7701,48,Female,7,2025-10-22,2025-10-23,deceased
7702,78,Female,7,2025-10-28,2025-10-31,recovered
7703,28,Other,7,2025-10-22,2025-10-23,deceased
7704,61,Other,7,2025-10-25,2025-10-27,ongoing
7705,20,Female,7,2025-10-18,2025-10-20,recovered
7706,36,Female,7,2025-10-14,2025-10-16,recovered
7707,30,Male,7,2025-10-28,2025-10-29,recovered
7708,44,Other,7,2025-10-26,2025-10-27,recovered
7709,47,Female,7,2025-10-18,2025-10-21,recovered
7710,59,Female,7,2025-10-09,2025-10-11,recovered
7711,35,Other,7,2025-10-09,2025-10-10,recovered
7712,38,Male,7,2025-10-17,2025-10-19,referred
7713,49,Male,7,2025-10-24,2025-10-26,ongoing
7714,36,Male,7,2025-10-18,2025-10-21,recovered
7715,48,Male,7,2025-10-19,2025-10-21,recovered
7716,23,Male,7,2025-10-21,2025-10-23,recovered
7717,26,Other,7,2025-10-16,2025-10-18,recovered
7718,43,Male,7,2025-10-25,2025-10-28,recovered
7719,53,Male,7,2025-10-22,2025-10-23,deceased
7720,54,Female,7,2025-10-10,2025-10-12,ongoing
7721,39,Male,7,2025-10-06,2025-10-07,recovered
7722,34,Female,7,2025-10-08,2025-10-10,recovered
7723,59,Male,7,2025-10-01,2025-10-02,deceased
7724,50,Other,7,2025-10-12,2025-10-13,referred
7725,40,Male,7,2025-10-09,2025-10-10,referred
7726,33,Male,7,2025-10-11,2025-10-13,recovered
7727,53,Other,7,2025-10-10,2025-10-13,referred
7728,33,Female,7,2025-10-19,2025-10-21,recovered
7729,56,Other,7,2025-10-23,2025-10-26,recovered
7730,33,Female,7,2025-10-21,2025-10-23,deceased
7731,48,Female,7,2025-10-04,2025-10-06,referred
7732,45,Male,7,2025-10-22,2025-10-23,recovered
7733,36,Male,7,2025-10-25,2025-10-27,recovered
7734,65,Female,7,2025-10-26,2025-10-27,recovered
7735,36,Male,7,2025-10-23,2025-10-24,recovered
7736,30,Male,7,2025-10-04,2025-10-07,referred
7737,40,Female,7,2025-10-10,2025-10-12,recovered
7738,47,Female,7,2025-10-09,2025-10-10,recovered
7739,60,Male,7,2025-10-25,2025-10-26,referred
7740,14,Female,7,2025-10-09,2025-10-11,recovered
7741,51,Female,7,2025-10-03,2025-10-04,recovered
7742,45,Female,7,2025-10-25,2025-10-26,recovered
7743,55,Male,7,2025-10-11,2025-10-12,recovered
7744,48,Female,7,2025-10-26,2025-10-28,recovered
7745,35,Other,7,2025-10-05,2025-10-06,ongoing
7746,54,Male,7,2025-10-20,2025-10-22,ongoing
7747,53,Male,7,2025-10-26,2025-10-28,recovered
7748,48,Other,7,2025-10-26,2025-10-29,recovered
7749,25,Other,7,2025-10-26,2025-10-27,ongoing
7750,25,Female,7,2025-10-19,2025-10-20,deceased
7751,34,Other,7,2025-10-19,2025-10-20,recovered
7752,47,Female,7,2025-10-04,2025-10-07,recovered
7753,46,Female,7,2025-10-03,2025-10-05,recovered
7754,34,Male,7,2025-10-03,2025-10-05,referred
7755,64,Female,7,2025-10-13,2025-10-15,recovered
7756,58,Female,7,2025-10-12,2025-10-14,recovered
7757,46,Male,7,2025-10-01,2025-10-02,recovered
7758,67,Male,7,2025-10-24,2025-10-26,recovered
7759,34,Male,7,2025-10-26,2025-10-28,recovered
7760,79,Male,7,2025-10-13,2025-10-14,referred
7761,62,Male,7,2025-10-22,2025-10-23,recovered
7762,62,Other,7,2025-10-21,2025-10-22,deceased
7763,47,Male,7,2025-10-01,2025-10-03,recovered
7764,45,Other,7,2025-10-24,2025-10-25,recovered
7765,40,Male,7,2025-10-02,2025-10-04,referred
7766,50,Female,7,2025-10-10,2025-10-11,deceased
7767,65,Male,7,2025-10-15,2025-10-17,deceased
7768,37,Female,7,2025-10-07,2025-10-09,recovered
7769,54,Male,7,2025-10-25,2025-10-26,referred
7770,54,Other,7,2025-10-25,2025-10-27,recovered
7771,27,Other,7,2025-10-09,2025-10-11,recovered
7772,55,Male,7,2025-10-28,2025-10-30,recovered
7773,56,Female,7,2025-10-15,2025-10-17,recovered
7774,44,Other,7,2025-10-17,2025-10-18,recovered
7775,42,Male,7,2025-10-02,2025-10-04,recovered
7776,63,Female,7,2025-10-06,2025-10-08,recovered
7777,24,Other,7,2025-10-12,2025-10-14,recovered
7778,31,Male,7,2025-10-23,2025-10-24,referred
7779,48,Female,7,2025-10-06,2025-10-08,recovered
7780,45,Other,7,2025-10-02,2025-10-04,recovered
7781,64,Female,7,2025-10-19,2025-10-21,recovered
7782,29,Male,7,2025-10-09,2025-10-11,recovered
7783,40,Female,7,2025-10-12,2025-10-13,recovered
7784,30,Male,7,2025-10-09,2025-10-10,ongoing
7785,42,Female,7,2025-10-13,2025-10-14,recovered
7786,43,Female,7,2025-10-26,2025-10-27,recovered
7787,66,Female,7,2025-10-13,2025-10-15,recovered
7788,23,Female,7,2025-10-18,2025-10-19,recovered
7789,48,Female,7,2025-10-26,2025-10-27,deceased
7790,59,Male,7,2025-10-27,2025-10-30,referred
7791,45,Male,7,2025-10-28,2025-10-29,recovered
7792,42,Male,7,2025-10-04,2025-10-05,recovered
7793,29,Male,7,2025-10-15,2025-10-16,referred
7794,63,Male,7,2025-10-07,2025-10-09,recovered
7795,8,Female,7,2025-10-25,2025-10-26,recovered
7796,26,Male,7,2025-10-27,2025-10-29,recovered
7797,65,Male,7,2025-10-01,2025-10-02,referred
7798,70,Female,7,2025-10-26,2025-10-27,recovered
7799,41,Female,7,2025-10-07,2025-10-08,recovered
7800,47,Female,7,2025-10-02,2025-10-04,referred
7801,46,Other,7,2025-10-22,2025-10-25,ongoing
7802,33,Male,7,2025-10-17,2025-10-18,recovered
7803,32,Female,7,2025-10-15,2025-10-17,recovered
7804,60,Female,7,2025-10-03,2025-10-05,ongoing
7805,43,Male,7,2025-10-09,2025-10-11,ongoing
7806,33,Male,7,2025-10-23,2025-10-25,referred
7807,29,Male,7,2025-10-20,2025-10-21,recovered
7808,49,Male,7,2025-10-15,2025-10-17,recovered
7809,33,Female,7,2025-10-23,2025-10-25,recovered
7810,20,Female,7,2025-10-24,2025-10-25,recovered
7811,33,Female,7,2025-10-28,2025-10-29,recovered
7812,18,Female,7,2025-10-20,2025-10-23,deceased
7813,38,Female,7,2025-10-22,2025-10-25,deceased
7814,45,Male,7,2025-10-09,2025-10-11,recovered
7815,29,Male,7,2025-10-09,2025-10-11,recovered
7816,57,Female,7,2025-10-06,2025-10-08,ongoing
7817,57,Female,7,2025-10-03,2025-10-06,referred
7818,42,Other,7,2025-10-28,2025-10-30,referred
7819,25,Male,7,2025-10-20,2025-10-21,ongoing
7820,47,Other,7,2025-10-12,2025-10-13,referred
7821,57,Female,7,2025-10-05,2025-10-06,deceased
7822,39,Other,7,2025-10-09,2025-10-10,recovered
7823,49,Female,7,2025-10-11,2025-10-13,recovered
7824,66,Female,7,2025-10-24,2025-10-26,ongoing
7825,47,Male,7,2025-10-07,2025-10-09,deceased
7826,27,Male,7,2025-10-12,2025-10-13,recovered
7827,37,Male,7,2025-10-13,2025-10-14,recovered
7828,47,Other,7,2025-10-21,2025-10-23,recovered
7829,27,Male,7,2025-10-19,2025-10-21,recovered
7830,60,Male,7,2025-10-28,2025-10-30,recovered
7831,57,Male,7,2025-10-16,2025-10-17,ongoing
7832,42,Male,7,2025-10-19,2025-10-21,ongoing
7833,36,Male,7,2025-10-15,2025-10-16,recovered
7834,30,Female,7,2025-10-16,2025-10-18,recovered
7835,50,Female,7,2025-10-15,2025-10-17,ongoing
7836,41,Male,7,2025-10-16,2025-10-19,recovered
7837,29,Female,7,2025-10-24,2025-10-25,referred
7838,68,Male,7,2025-10-23,2025-10-24,ongoing
7839,39,Female,7,2025-10-21,2025-10-23,ongoing
7840,29,Other,7,2025-10-23,2025-10-24,recovered
7841,64,Female,7,2025-10-16,2025-10-17,recovered
7842,48,Male,7,2025-10-28,2025-10-29,ongoing
7843,57,Female,7,2025-10-19,2025-10-21,ongoing
7844,43,Other,7,2025-10-21,2025-10-23,recovered
7845,45,Male,7,2025-10-25,2025-10-26,deceased
7846,50,Other,7,2025-10-20,2025-10-23,ongoing
7847,36,Female,7,2025-10-24,2025-10-25,deceased
7848,56,Female,7,2025-10-20,2025-10-21,recovered
7849,29,Female,7,2025-10-01,2025-10-03,deceased
7850,39,Male,7,2025-10-01,2025-10-03,recovered
7851,56,Male,7,2025-10-15,2025-10-16,recovered
7852,65,Male,7,2025-10-08,2025-10-11,recovered
7853,27,Other,7,2025-10-17,2025-10-19,referred
7854,53,Male,7,2025-10-26,2025-10-28,referred
7855,62,Other,7,2025-10-18,2025-10-19,deceased
7856,43,Male,7,2025-10-04,2025-10-05,recovered
7857,18,Female,7,2025-10-20,2025-10-22,recovered
7858,55,Female,7,2025-10-20,2025-10-21,recovered
7859,36,Male,7,2025-11-17,2025-11-18,recovered
7860,59,Male,7,2025-11-25,2025-11-27,recovered
7861,47,Male,7,2025-11-26,2025-11-29,recovered
7862,61,Male,7,2025-11-22,2025-11-25,recovered
7863,52,Female,7,2025-11-05,2025-11-06,recovered
7864,37,Other,7,2025-11-20,2025-11-22,recovered
7865,68,Female,7,2025-11-04,2025-11-05,recovered
7866,22,Female,7,2025-11-09,2025-11-12,ongoing
7867,54,Other,7,2025-11-22,2025-11-24,referred
7868,35,Male,7,2025-11-27,2025-11-29,ongoing
7869,20,Male,7,2025-11-11,2025-11-12,recovered
7870,21,Female,7,2025-11-13,2025-11-15,recovered
7871,15,Other,7,2025-11-21,2025-11-22,recovered
7872,59,Other,7,2025-11-20,2025-11-21,recovered
7873,38,Male,7,2025-11-18,2025-11-20,recovered
7874,58,Female,7,2025-11-06,2025-11-07,deceased
7875,42,Other,7,2025-11-04,2025-11-05,ongoing
7876,64,Male,7,2025-11-05,2025-11-08,recovered
7877,44,Male,7,2025-11-15,2025-11-17,recovered
7878,45,Female,7,2025-11-21,2025-11-23,recovered
7879,51,Other,7,2025-11-03,2025-11-05,recovered
7880,34,Other,7,2025-11-14,2025-11-17,recovered
7881,67,Female,7,2025-11-25,2025-11-26,referred
7882,40,Female,7,2025-11-24,2025-11-25,recovered
7883,53,Female,7,2025-11-25,2025-11-27,recovered
7884,55,Female,7,2025-11-03,2025-11-04,recovered
7885,34,Other,7,2025-11-01,2025-11-03,recovered
7886,61,Male,7,2025-11-26,2025-11-28,recovered
7887,54,Female,7,2025-11-05,2025-11-07,recovered
7888,65,Male,7,2025-11-01,2025-11-03,deceased
7889,48,Other,7,2025-11-11,2025-11-14,recovered
7890,36,Male,7,2025-11-23,2025-11-26,recovered
7891,53,Female,7,2025-11-09,2025-11-10,recovered
7892,39,Other,7,2025-11-21,2025-11-22,ongoing
7893,54,Other,7,2025-11-11,2025-11-12,deceased
7894,40,Female,7,2025-11-15,2025-11-17,deceased
7895,49,Male,7,2025-11-01,2025-11-03,recovered
7896,31,Male,7,2025-11-09,2025-11-12,deceased
7897,45,Male,7,2025-11-09,2025-11-11,deceased
7898,59,Male,7,2025-11-09,2025-11-11,referred
7899,73,Male,7,2025-11-28,2025-11-30,recovered
7900,43,Male,7,2025-11-13,2025-11-15,referred
7901,52,Other,7,2025-11-24,2025-11-26,referred
7902,34,Male,7,2025-11-15,2025-11-16,recovered
7903,52,Male,7,2025-11-16,2025-11-18,recovered
7904,21,Female,7,2025-11-12,2025-11-14,recovered
7905,40,Female,7,2025-11-04,2025-11-06,recovered
7906,61,Female,7,2025-11-03,2025-11-04,ongoing
7907,37,Other,7,2025-11-12,2025-11-14,ongoing
7908,37,Female,7,2025-11-17,2025-11-19,recovered
7909,40,Female,7,2025-11-23,2025-11-24,recovered
7910,42,Other,7,2025-11-07,2025-11-09,deceased
7911,19,Female,7,2025-11-19,2025-11-21,recovered
7912,41,Male,7,2025-11-11,2025-11-13,recovered
7913,63,Female,7,2025-11-15,2025-11-17,referred
7914,63,Male,7,2025-11-23,2025-11-24,ongoing
7915,36,Female,7,2025-11-09,2025-11-12,recovered
7916,56,Male,7,2025-11-12,2025-11-14,recovered
7917,37,Male,7,2025-11-24,2025-11-27,recovered
7918,34,Other,7,2025-11-11,2025-11-12,deceased
7919,55,Male,7,2025-11-08,2025-11-10,recovered
7920,36,Female,7,2025-11-15,2025-11-17,deceased
7921,21,Male,7,2025-11-27,2025-11-29,deceased
7922,52,Female,7,2025-11-16,2025-11-18,recovered
7923,49,Male,7,2025-11-28,2025-11-29,recovered
7924,44,Male,7,2025-11-01,2025-11-03,deceased
7925,34,Male,7,2025-11-21,2025-11-22,recovered
7926,49,Male,7,2025-11-03,2025-11-05,recovered
7927,28,Other,7,2025-11-19,2025-11-21,ongoing
7928,43,Female,7,2025-11-17,2025-11-19,recovered
7929,43,Female,7,2025-11-12,2025-11-13,recovered
7930,52,Male,7,2025-11-22,2025-11-24,referred
7931,30,Other,7,2025-11-02,2025-11-03,recovered
7932,33,Other,7,2025-11-26,2025-11-28,recovered
7933,57,Female,7,2025-11-26,2025-11-28,recovered
7934,47,Female,7,2025-11-10,2025-11-11,recovered
7935,59,Male,7,2025-11-19,2025-11-20,recovered
7936,67,Other,7,2025-11-02,2025-11-03,referred
7937,49,Male,7,2025-11-07,2025-11-10,recovered
7938,36,Other,7,2025-11-04,2025-11-07,recovered
7939,35,Male,7,2025-11-22,2025-11-23,recovered
7940,57,Male,7,2025-11-17,2025-11-19,recovered
7941,52,Male,7,2025-11-23,2025-11-24,recovered
7942,55,Other,7,2025-11-09,2025-11-10,recovered
7943,40,Male,7,2025-11-09,2025-11-10,recovered
7944,29,Other,7,2025-11-15,2025-11-18,recovered
7945,43,Female,7,2025-11-21,2025-11-23,recovered
7946,39,Female,7,2025-11-12,2025-11-15,ongoing
7947,45,Other,7,2025-11-14,2025-11-17,referred
7948,84,Other,7,2025-11-26,2025-11-28,recovered
7949,28,Female,7,2025-11-22,2025-11-23,recovered
7950,48,Male,7,2025-11-22,2025-11-23,referred
7951,44,Female,7,2025-11-04,2025-11-06,recovered
7952,2,Other,7,2025-11-09,2025-11-11,recovered
7953,42,Female,7,2025-11-21,2025-11-23,recovered
7954,37,Other,7,2025-11-26,2025-11-28,recovered
7955,61,Female,7,2025-11-05,2025-11-06,ongoing
7956,25,Female,7,2025-11-15,2025-11-16,ongoing
7957,48,Male,7,2025-11-24,2025-11-26,recovered
7958,42,Female,7,2025-11-21,2025-11-24,deceased
7959,66,Other,7,2025-11-03,2025-11-05,recovered
7960,53,Female,7,2025-11-28,2025-11-30,deceased
7961,59,Male,7,2025-11-01,2025-11-02,recovered
7962,40,Male,7,2025-11-04,2025-11-06,referred
7963,25,Female,7,2025-11-03,2025-11-05,recovered
7964,23,Male,7,2025-11-27,2025-11-28,recovered
7965,57,Female,7,2025-11-23,2025-11-24,recovered
7966,47,Female,7,2025-11-07,2025-11-09,ongoing
7967,35,Male,7,2025-11-07,2025-11-10,recovered
7968,57,Female,7,2025-11-24,2025-11-25,recovered
7969,54,Female,7,2025-11-08,2025-11-10,recovered
7970,50,Male,7,2025-11-21,2025-11-23,deceased
7971,47,Male,7,2025-11-20,2025-11-22,recovered
7972,40,Male,7,2025-11-02,2025-11-03,ongoing
7973,49,Male,7,2025-11-10,2025-11-11,recovered
7974,43,Other,7,2025-11-01,2025-11-03,recovered
7975,59,Other,7,2025-11-24,2025-11-26,referred
7976,39,Female,7,2025-11-19,2025-11-21,recovered
7977,75,Female,7,2025-11-05,2025-11-06,recovered
7978,45,Male,7,2025-11-01,2025-11-04,recovered
7979,35,Male,7,2025-11-16,2025-11-17,referred
7980,41,Female,7,2025-11-23,2025-11-24,deceased
7981,38,Female,7,2025-11-28,2025-11-30,recovered
7982,38,Female,7,2025-11-11,2025-11-12,recovered
7983,24,Male,7,2025-11-15,2025-11-16,recovered
7984,70,Male,7,2025-11-10,2025-11-12,recovered
7985,50,Female,7,2025-11-15,2025-11-18,recovered
7986,56,Female,7,2025-11-11,2025-11-13,ongoing
7987,21,Other,7,2025-11-07,2025-11-09,recovered
7988,32,Male,7,2025-11-06,2025-11-07,deceased
7989,27,Male,7,2025-11-05,2025-11-08,recovered
7990,70,Female,7,2025-11-09,2025-11-11,referred
7991,31,Other,7,2025-11-08,2025-11-10,ongoing
7992,50,Other,7,2025-11-21,2025-11-23,recovered
7993,35,Other,7,2025-11-10,2025-11-12,recovered
7994,46,Other,7,2025-11-27,2025-11-28,deceased
7995,62,Male,7,2025-11-02,2025-11-03,recovered
7996,35,Female,7,2025-11-15,2025-11-16,ongoing
7997,37,Male,7,2025-11-23,2025-11-25,recovered
7998,63,Male,7,2025-11-26,2025-11-27,recovered
7999,56,Female,7,2025-11-22,2025-11-23,deceased
8000,67,Male,7,2025-11-21,2025-11-23,ongoing
8001,39,Female,7,2025-11-03,2025-11-04,recovered
8002,20,Female,7,2025-11-09,2025-11-11,recovered
8003,54,Other,7,2025-11-10,2025-11-11,deceased
8004,25,Male,7,2025-11-26,2025-11-27,recovered
8005,46,Male,7,2025-11-05,2025-11-06,referred
8006,14,Female,7,2025-11-02,2025-11-03,recovered
8007,33,Female,7,2025-11-15,2025-11-16,ongoing
8008,44,Other,7,2025-11-02,2025-11-04,recovered
8009,40,Female,7,2025-11-18,2025-11-19,recovered
8010,45,Female,7,2025-11-18,2025-11-20,recovered
8011,49,Female,7,2025-11-01,2025-11-02,recovered
8012,46,Male,7,2025-11-21,2025-11-24,ongoing
8013,35,Female,7,2025-11-24,2025-11-26,recovered
8014,33,Other,7,2025-11-10,2025-11-11,recovered
8015,34,Female,7,2025-11-04,2025-11-06,referred
8016,41,Male,7,2025-11-01,2025-11-02,deceased
8017,48,Female,7,2025-11-14,2025-11-16,recovered
8018,65,Female,7,2025-11-21,2025-11-23,deceased
8019,66,Male,7,2025-11-28,2025-11-30,recovered
8020,36,Female,7,2025-11-24,2025-11-25,recovered
8021,33,Male,7,2025-11-04,2025-11-05,deceased
8022,45,Female,7,2025-11-17,2025-11-18,recovered
8023,29,Male,7,2025-11-19,2025-11-21,ongoing
8024,64,Female,7,2025-11-14,2025-11-15,recovered
8025,30,Female,7,2025-11-02,2025-11-04,referred
8026,27,Male,7,2025-11-08,2025-11-09,recovered
8027,36,Male,7,2025-11-06,2025-11-08,referred
8028,51,Other,7,2025-11-05,2025-11-06,recovered
8029,49,Male,7,2025-11-06,2025-11-09,recovered
8030,49,Other,7,2025-11-12,2025-11-14,referred
8031,51,Female,7,2025-11-12,2025-11-14,recovered
8032,63,Male,7,2025-11-13,2025-11-14,recovered
8033,36,Female,7,2025-11-10,2025-11-11,ongoing
8034,48,Other,7,2025-11-28,2025-11-30,recovered
8035,54,Female,7,2025-11-08,2025-11-10,recovered
8036,59,Female,7,2025-11-01,2025-11-03,recovered
8037,31,Female,7,2025-11-21,2025-11-23,ongoing
8038,79,Male,7,2025-11-05,2025-11-06,recovered
8039,30,Male,7,2025-11-03,2025-11-05,ongoing
8040,16,Other,7,2025-11-13,2025-11-16,recovered
8041,27,Other,7,2025-11-01,2025-11-02,deceased
8042,52,Male,7,2025-11-11,2025-11-12,ongoing
8043,56,Male,7,2025-11-15,2025-11-17,deceased
8044,92,Other,7,2025-11-16,2025-11-17,recovered
8045,37,Male,7,2025-11-02,2025-11-05,recovered
8046,47,Female,7,2025-11-14,2025-11-17,ongoing
8047,50,Male,7,2025-11-10,2025-11-12,referred
8048,75,Female,7,2025-11-19,2025-11-21,ongoing
8049,60,Male,7,2025-11-14,2025-11-16,ongoing
8050,29,Female,7,2025-11-11,2025-11-12,recovered
8051,52,Female,7,2025-11-26,2025-11-28,recovered
8052,58,Female,7,2025-11-13,2025-11-15,recovered
8053,54,Female,7,2025-11-26,2025-11-29,recovered
8054,56,Male,7,2025-11-08,2025-11-10,referred
8055,66,Other,7,2025-11-27,2025-11-29,referred
8056,33,Male,7,2025-11-06,2025-11-08,referred
8057,55,Female,7,2025-11-22,2025-11-23,recovered
8058,65,Female,7,2025-11-21,2025-11-22,recovered
8059,26,Male,7,2025-11-13,2025-11-14,ongoing
8060,69,Male,7,2025-11-24,2025-11-26,ongoing
8061,54,Other,7,2025-11-02,2025-11-05,deceased
8062,35,Other,7,2025-11-18,2025-11-19,referred
8063,62,Female,7,2025-11-17,2025-11-20,recovered
8064,38,Male,7,2025-11-09,2025-11-11,recovered
8065,65,Other,7,2025-11-25,2025-11-26,recovered
8066,36,Female,7,2025-11-03,2025-11-05,ongoing
8067,47,Male,7,2025-11-23,2025-11-24,recovered
8068,35,Other,7,2025-11-02,2025-11-04,recovered
8069,56,Other,7,2025-11-23,2025-11-25,recovered
8070,32,Female,7,2025-11-04,2025-11-05,recovered
8071,51,Female,7,2025-11-16,2025-11-17,recovered
8072,47,Female,7,2025-11-16,2025-11-18,referred
8073,68,Female,7,2025-11-20,2025-11-22,recovered
8074,45,Female,7,2025-11-26,2025-11-27,recovered
8075,42,Female,7,2025-11-04,2025-11-06,recovered
8076,47,Female,7,2025-11-19,2025-11-20,recovered
8077,46,Female,7,2025-11-03,2025-11-06,referred
8078,69,Male,7,2025-11-03,2025-11-04,ongoing
8079,47,Female,7,2025-11-18,2025-11-19,recovered
8080,48,Female,7,2025-11-18,2025-11-20,recovered
8081,59,Other,7,2025-11-06,2025-11-07,recovered
8082,57,Male,7,2025-11-28,2025-12-01,referred
8083,36,Other,7,2025-11-25,2025-11-26,referred
8084,34,Male,7,2025-11-23,2025-11-24,referred
8085,30,Male,7,2025-11-04,2025-11-06,recovered
8086,27,Female,7,2025-11-13,2025-11-15,deceased
8087,41,Female,7,2025-11-25,2025-11-26,recovered
8088,56,Other,7,2025-11-07,2025-11-09,deceased
8089,54,Female,7,2025-11-16,2025-11-17,recovered
8090,39,Male,7,2025-11-14,2025-11-16,recovered
8091,41,Male,7,2025-11-21,2025-11-22,recovered
8092,28,Female,7,2025-11-16,2025-11-17,recovered
8093,54,Other,7,2025-11-28,2025-11-29,recovered
8094,47,Female,7,2025-11-28,2025-11-30,recovered
8095,39,Female,7,2025-11-21,2025-11-23,recovered
8096,38,Male,7,2025-11-04,2025-11-05,recovered
8097,51,Male,7,2025-11-12,2025-11-14,referred
8098,38,Female,7,2025-11-03,2025-11-05,referred
8099,50,Female,7,2025-11-24,2025-11-26,recovered
8100,58,Male,7,2025-11-05,2025-11-07,recovered
8101,57,Male,7,2025-11-03,2025-11-04,referred
8102,53,Female,7,2025-11-10,2025-11-11,recovered
8103,66,Male,7,2025-11-13,2025-11-15,recovered
8104,48,Male,7,2025-11-15,2025-11-17,deceased
8105,20,Other,7,2025-11-14,2025-11-17,recovered
8106,49,Other,7,2025-11-24,2025-11-25,recovered
8107,37,Male,7,2025-11-06,2025-11-07,deceased
8108,58,Female,7,2025-11-06,2025-11-07,deceased
8109,61,Male,7,2025-11-01,2025-11-02,recovered
8110,49,Male,7,2025-11-22,2025-11-24,recovered
8111,40,Male,7,2025-11-21,2025-11-23,deceased
8112,64,Other,7,2025-11-07,2025-11-08,recovered
8113,43,Male,7,2025-11-25,2025-11-26,deceased
8114,42,Male,7,2025-11-11,2025-11-12,ongoing
8115,37,Female,7,2025-11-11,2025-11-12,recovered
8116,74,Other,7,2025-11-08,2025-11-10,recovered
8117,23,Other,7,2025-11-14,2025-11-15,referred
8118,46,Male,7,2025-11-24,2025-11-25,referred
8119,31,Male,7,2025-11-15,2025-11-16,ongoing
8120,23,Male,7,2025-11-08,2025-11-09,recovered
8121,31,Other,7,2025-11-16,2025-11-19,recovered
8122,50,Female,7,2025-11-08,2025-11-11,ongoing
8123,60,Female,7,2025-11-06,2025-11-08,recovered
8124,58,Male,7,2025-11-01,2025-11-02,deceased
8125,46,Female,7,2025-11-06,2025-11-07,deceased
8126,47,Male,7,2025-11-13,2025-11-15,ongoing
8127,56,Female,7,2025-11-20,2025-11-21,recovered
8128,47,Female,7,2025-11-03,2025-11-04,referred
8129,54,Male,7,2025-11-23,2025-11-25,referred
8130,33,Female,7,2025-11-03,2025-11-04,recovered
8131,50,Female,7,2025-11-18,2025-11-19,ongoing
8132,31,Female,7,2025-11-18,2025-11-19,referred
8133,63,Male,7,2025-11-22,2025-11-23,deceased
8134,30,Other,7,2025-11-02,2025-11-03,recovered
8135,39,Female,7,2025-11-10,2025-11-12,ongoing
8136,43,Other,7,2025-11-22,2025-11-24,recovered
8137,45,Male,7,2025-11-04,2025-11-05,referred
8138,19,Female,7,2025-11-14,2025-11-16,recovered
8139,68,Female,7,2025-11-15,2025-11-16,recovered
8140,56,Male,7,2025-11-19,2025-11-20,recovered
8141,48,Female,7,2025-11-16,2025-11-17,recovered
8142,49,Female,7,2025-11-11,2025-11-12,deceased
8143,71,Female,7,2025-11-15,2025-11-17,ongoing
8144,51,Male,7,2025-11-01,2025-11-02,recovered
8145,55,Female,7,2025-11-10,2025-11-11,recovered
8146,34,Female,7,2025-11-28,2025-11-29,recovered
8147,32,Female,7,2025-11-20,2025-11-23,ongoing
8148,30,Other,7,2025-11-09,2025-11-11,recovered
8149,40,Female,7,2025-11-26,2025-11-27,recovered
8150,29,Female,7,2025-11-20,2025-11-22,recovered
8151,36,Male,7,2025-11-21,2025-11-23,recovered
8152,18,Male,7,2025-11-23,2025-11-26,deceased
8153,25,Female,7,2025-11-20,2025-11-21,referred
8154,44,Male,7,2025-11-20,2025-11-22,deceased
8155,43,Female,7,2025-11-13,2025-11-14,recovered
8156,52,Male,7,2025-11-19,2025-11-21,referred
8157,41,Female,7,2025-11-25,2025-11-26,ongoing
8158,38,Other,7,2025-11-03,2025-11-05,recovered
8159,59,Male,7,2025-12-13,2025-12-14,deceased
8160,42,Male,7,2025-12-08,2025-12-10,recovered
8161,50,Female,7,2025-12-13,2025-12-15,recovered
8162,47,Male,7,2025-12-08,2025-12-09,recovered
8163,53,Female,7,2025-12-09,2025-12-11,recovered
8164,54,Female,7,2025-12-23,2025-12-26,deceased
8165,57,Other,7,2025-12-14,2025-12-15,recovered
8166,68,Female,7,2025-12-06,2025-12-08,recovered
8167,42,Male,7,2025-12-15,2025-12-16,referred
8168,57,Female,7,2025-12-21,2025-12-24,recovered
8169,48,Female,7,2025-12-28,2025-12-29,recovered
8170,49,Male,7,2025-12-09,2025-12-11,recovered
8171,39,Male,7,2025-12-19,2025-12-20,referred
8172,38,Male,7,2025-12-18,2025-12-20,recovered
8173,41,Male,7,2025-12-28,2025-12-30,recovered
8174,54,Male,7,2025-12-03,2025-12-04,recovered
8175,26,Male,7,2025-12-14,2025-12-15,referred
8176,46,Other,7,2025-12-13,2025-12-14,ongoing
8177,51,Female,7,2025-12-17,2025-12-20,recovered
8178,57,Other,7,2025-12-07,2025-12-09,ongoing
8179,31,Male,7,2025-12-17,2025-12-19,recovered
8180,58,Male,7,2025-12-08,2025-12-10,recovered
8181,42,Male,7,2025-12-11,2025-12-13,deceased
8182,82,Male,7,2025-12-17,2025-12-18,recovered
8183,41,Male,7,2025-12-19,2025-12-20,recovered
8184,35,Female,7,2025-12-27,2025-12-29,recovered
8185,48,Other,7,2025-12-11,2025-12-13,recovered
8186,44,Male,7,2025-12-05,2025-12-06,recovered
8187,29,Female,7,2025-12-24,2025-12-26,recovered
8188,25,Male,7,2025-12-10,2025-12-11,deceased
8189,43,Female,7,2025-12-21,2025-12-22,recovered
8190,58,Female,7,2025-12-24,2025-12-26,recovered
8191,51,Female,7,2025-12-24,2025-12-25,recovered
8192,28,Male,7,2025-12-24,2025-12-25,ongoing
8193,60,Male,7,2025-12-04,2025-12-06,ongoing
8194,66,Male,7,2025-12-16,2025-12-18,recovered
8195,65,Female,7,2025-12-11,2025-12-12,recovered
8196,55,Male,7,2025-12-12,2025-12-14,recovered
8197,71,Male,7,2025-12-06,2025-12-07,recovered
8198,76,Male,7,2025-12-02,2025-12-03,deceased
8199,52,Other,7,2025-12-02,2025-12-03,ongoing
8200,44,Other,7,2025-12-14,2025-12-16,recovered
8201,49,Female,7,2025-12-21,2025-12-22,recovered
8202,42,Other,7,2025-12-09,2025-12-11,ongoing
8203,59,Female,7,2025-12-10,2025-12-11,deceased
8204,48,Female,7,2025-12-13,2025-12-15,ongoing
8205,62,Male,7,2025-12-09,2025-12-10,recovered
8206,36,Female,7,2025-12-09,2025-12-11,recovered
8207,19,Female,7,2025-12-13,2025-12-14,recovered
8208,48,Female,7,2025-12-23,2025-12-25,recovered
8209,37,Male,7,2025-12-23,2025-12-26,referred
8210,41,Other,7,2025-12-20,2025-12-22,recovered
8211,33,Female,7,2025-12-15,2025-12-18,deceased
8212,27,Other,7,2025-12-16,2025-12-18,ongoing
8213,56,Female,7,2025-12-06,2025-12-08,ongoing
8214,47,Other,7,2025-12-16,2025-12-18,referred
8215,48,Male,7,2025-12-18,2025-12-20,recovered
8216,58,Male,7,2025-12-10,2025-12-12,recovered
8217,27,Other,7,2025-12-12,2025-12-14,recovered
8218,31,Male,7,2025-12-11,2025-12-12,deceased
8219,54,Female,7,2025-12-28,2025-12-29,referred
8220,48,Other,7,2025-12-01,2025-12-03,recovered
8221,29,Female,7,2025-12-25,2025-12-27,recovered
8222,55,Other,7,2025-12-23,2025-12-24,recovered
8223,32,Female,7,2025-12-07,2025-12-08,recovered
8224,18,Male,7,2025-12-16,2025-12-17,deceased
8225,54,Female,7,2025-12-06,2025-12-07,recovered
8226,50,Male,7,2025-12-22,2025-12-23,deceased
8227,47,Female,7,2025-12-21,2025-12-22,deceased
8228,46,Male,7,2025-12-09,2025-12-10,recovered
8229,49,Male,7,2025-12-17,2025-12-18,recovered
8230,26,Female,7,2025-12-12,2025-12-13,deceased
8231,30,Other,7,2025-12-09,2025-12-11,recovered
8232,47,Female,7,2025-12-02,2025-12-04,referred
8233,32,Female,7,2025-12-12,2025-12-14,deceased
8234,70,Male,7,2025-12-09,2025-12-11,referred
8235,52,Male,7,2025-12-24,2025-12-25,deceased
8236,48,Male,7,2025-12-24,2025-12-26,recovered
8237,47,Female,7,2025-12-15,2025-12-17,deceased
8238,41,Female,7,2025-12-11,2025-12-13,deceased
8239,39,Male,7,2025-12-16,2025-12-18,ongoing
8240,38,Female,7,2025-12-22,2025-12-24,recovered
8241,33,Other,7,2025-12-06,2025-12-07,ongoing
8242,34,Male,7,2025-12-20,2025-12-21,deceased
8243,43,Male,7,2025-12-08,2025-12-10,recovered
8244,48,Male,7,2025-12-18,2025-12-19,recovered
8245,55,Female,7,2025-12-19,2025-12-21,ongoing
8246,41,Male,7,2025-12-24,2025-12-25,recovered
8247,33,Female,7,2025-12-27,2025-12-29,referred
8248,62,Female,7,2025-12-20,2025-12-22,referred
8249,34,Male,7,2025-12-08,2025-12-09,recovered
8250,35,Female,7,2025-12-24,2025-12-25,recovered
8251,43,Female,7,2025-12-09,2025-12-10,recovered
8252,47,Male,7,2025-12-09,2025-12-11,recovered
8253,36,Female,7,2025-12-17,2025-12-19,ongoing
8254,43,Male,7,2025-12-06,2025-12-08,ongoing
8255,48,Male,7,2025-12-27,2025-12-28,recovered
8256,60,Male,7,2025-12-23,2025-12-26,recovered
8257,46,Female,7,2025-12-03,2025-12-05,recovered
8258,41,Female,7,2025-12-27,2025-12-29,recovered
8259,43,Male,7,2025-12-17,2025-12-19,recovered
8260,50,Female,7,2025-12-14,2025-12-16,recovered
8261,63,Female,7,2025-12-22,2025-12-23,recovered
8262,46,Other,7,2025-12-08,2025-12-10,ongoing
8263,43,Other,7,2025-12-02,2025-12-04,recovered
8264,40,Female,7,2025-12-14,2025-12-16,recovered
8265,19,Male,7,2025-12-15,2025-12-17,deceased
8266,52,Male,7,2025-12-15,2025-12-16,recovered
8267,51,Other,7,2025-12-10,2025-12-11,recovered
8268,39,Male,7,2025-12-20,2025-12-21,recovered
8269,43,Male,7,2025-12-12,2025-12-14,recovered
8270,38,Other,7,2025-12-13,2025-12-15,recovered
8271,52,Female,7,2025-12-12,2025-12-13,recovered
8272,30,Male,7,2025-12-23,2025-12-24,recovered
8273,56,Other,7,2025-12-12,2025-12-14,recovered
8274,43,Male,7,2025-12-11,2025-12-13,recovered
8275,44,Female,7,2025-12-01,2025-12-02,recovered
8276,59,Male,7,2025-12-13,2025-12-14,recovered
8277,44,Other,7,2025-12-21,2025-12-24,recovered
8278,33,Female,7,2025-12-14,2025-12-15,recovered
8279,44,Female,7,2025-12-18,2025-12-21,recovered
8280,34,Other,7,2025-12-23,2025-12-25,recovered
8281,41,Other,7,2025-12-08,2025-12-09,recovered
8282,42,Female,7,2025-12-27,2025-12-29,recovered
8283,57,Male,7,2025-12-06,2025-12-08,ongoing
8284,63,Female,7,2025-12-20,2025-12-21,deceased
8285,29,Other,7,2025-12-04,2025-12-05,deceased
8286,40,Male,7,2025-12-18,2025-12-20,ongoing
8287,38,Male,7,2025-12-22,2025-12-24,deceased
8288,12,Male,7,2025-12-20,2025-12-21,recovered
8289,41,Other,7,2025-12-22,2025-12-24,recovered
8290,41,Female,7,2025-12-11,2025-12-13,referred
8291,24,Female,7,2025-12-10,2025-12-13,recovered
8292,54,Male,7,2025-12-27,2025-12-29,recovered
8293,58,Other,7,2025-12-03,2025-12-06,recovered
8294,68,Male,7,2025-12-16,2025-12-18,recovered
8295,48,Female,7,2025-12-16,2025-12-18,deceased
8296,29,Male,7,2025-12-16,2025-12-18,deceased
8297,39,Male,7,2025-12-02,2025-12-03,referred
8298,33,Female,7,2025-12-20,2025-12-22,recovered
8299,37,Male,7,2025-12-16,2025-12-17,referred
8300,35,Male,7,2025-12-05,2025-12-08,recovered
8301,37,Male,7,2025-12-26,2025-12-28,deceased
8302,32,Male,7,2025-12-21,2025-12-23,referred
8303,42,Male,7,2025-12-28,2025-12-29,recovered
8304,39,Female,7,2025-12-22,2025-12-23,ongoing
8305,42,Male,7,2025-12-20,2025-12-21,recovered
8306,39,Female,7,2025-12-16,2025-12-17,recovered
8307,51,Female,7,2025-12-12,2025-12-13,deceased
8308,59,Female,7,2025-12-05,2025-12-07,recovered
8309,41,Male,7,2025-12-22,2025-12-25,referred
8310,49,Female,7,2025-12-02,2025-12-03,ongoing
8311,35,Male,7,2025-12-17,2025-12-18,recovered
8312,56,Female,7,2025-12-27,2025-12-28,recovered
8313,28,Male,7,2025-12-28,2025-12-29,recovered
8314,38,Female,7,2025-12-19,2025-12-20,recovered
8315,62,Male,7,2025-12-09,2025-12-10,recovered
8316,46,Male,7,2025-12-04,2025-12-06,deceased
8317,33,Female,7,2025-12-03,2025-12-04,recovered
8318,37,Male,7,2025-12-05,2025-12-06,recovered
8319,34,Other,7,2025-12-17,2025-12-18,recovered
8320,53,Female,7,2025-12-03,2025-12-06,ongoing
8321,58,Female,7,2025-12-15,2025-12-17,ongoing
8322,34,Other,7,2025-12-16,2025-12-18,recovered
8323,26,Female,7,2025-12-19,2025-12-21,referred
8324,44,Female,7,2025-12-07,2025-12-08,recovered
8325,40,Female,7,2025-12-02,2025-12-03,recovered
8326,45,Female,7,2025-12-19,2025-12-21,recovered
8327,40,Male,7,2025-12-25,2025-12-26,recovered
8328,42,Male,7,2025-12-08,2025-12-09,recovered
8329,26,Male,7,2025-12-16,2025-12-17,recovered
8330,34,Male,7,2025-12-16,2025-12-17,deceased
8331,57,Female,7,2025-12-20,2025-12-21,recovered
8332,21,Other,7,2025-12-22,2025-12-24,recovered
8333,45,Female,7,2025-12-22,2025-12-23,recovered
8334,43,Female,7,2025-12-07,2025-12-08,recovered
8335,37,Female,7,2025-12-14,2025-12-16,recovered
8336,35,Male,7,2025-12-13,2025-12-15,recovered
8337,43,Male,7,2025-12-25,2025-12-27,recovered
8338,49,Male,7,2025-12-27,2025-12-30,recovered
8339,42,Female,7,2025-12-28,2025-12-30,recovered
8340,45,Female,7,2025-12-25,2025-12-27,recovered
8341,28,Male,7,2025-12-28,2025-12-30,recovered
8342,60,Male,7,2025-12-22,2025-12-24,deceased
8343,25,Female,7,2025-12-14,2025-12-15,recovered
8344,37,Other,7,2025-12-08,2025-12-10,recovered
8345,57,Other,7,2025-12-22,2025-12-24,recovered
8346,29,Female,7,2025-12-17,2025-12-19,recovered
8347,29,Male,7,2025-12-22,2025-12-23,referred
8348,70,Female,7,2025-12-04,2025-12-05,ongoing
8349,26,Female,7,2025-12-25,2025-12-26,referred
8350,46,Female,7,2025-12-13,2025-12-14,recovered
8351,55,Female,7,2025-12-13,2025-12-15,ongoing
8352,40,Female,7,2025-12-03,2025-12-05,recovered
8353,32,Female,7,2025-12-28,2025-12-29,recovered
8354,43,Male,7,2025-12-22,2025-12-24,referred
8355,13,Male,7,2025-12-06,2025-12-08,deceased
8356,21,Female,7,2025-12-08,2025-12-10,recovered
8357,41,Female,7,2025-12-21,2025-12-23,recovered
8358,39,Male,7,2025-12-23,2025-12-24,recovered
8359,56,Female,7,2025-12-28,2025-12-30,deceased
8360,41,Male,7,2025-12-04,2025-12-06,recovered
8361,47,Male,7,2025-12-27,2025-12-29,recovered
8362,35,Male,7,2025-12-17,2025-12-18,recovered
8363,38,Male,7,2025-12-26,2025-12-27,recovered
8364,23,Other,7,2025-12-10,2025-12-12,recovered
8365,56,Other,7,2025-12-26,2025-12-28,ongoing
8366,50,Female,7,2025-12-08,2025-12-10,recovered
8367,57,Female,7,2025-12-23,2025-12-24,recovered
8368,57,Male,7,2025-12-14,2025-12-15,recovered
8369,34,Female,7,2025-12-13,2025-12-15,deceased
8370,51,Female,7,2025-12-12,2025-12-13,recovered
8371,45,Other,7,2025-12-23,2025-12-26,referred
8372,38,Other,7,2025-12-11,2025-12-13,referred
8373,49,Male,7,2025-12-27,2025-12-28,ongoing
8374,39,Male,7,2025-12-28,2025-12-29,recovered
8375,53,Male,7,2025-12-22,2025-12-24,recovered
8376,24,Female,7,2025-12-16,2025-12-18,deceased
8377,66,Other,7,2025-12-13,2025-12-14,deceased
8378,24,Male,7,2025-12-14,2025-12-15,recovered
8379,47,Other,7,2025-12-25,2025-12-27,deceased
8380,42,Other,7,2025-12-03,2025-12-05,recovered
8381,36,Female,7,2025-12-24,2025-12-25,ongoing
8382,47,Male,7,2025-12-23,2025-12-25,deceased
8383,43,Male,7,2025-12-19,2025-12-21,ongoing
8384,46,Female,7,2025-12-25,2025-12-26,referred
8385,32,Male,7,2025-12-15,2025-12-16,referred
8386,56,Other,7,2025-12-08,2025-12-09,recovered
8387,51,Female,7,2025-12-18,2025-12-19,recovered
8388,42,Female,7,2025-12-28,2025-12-31,ongoing
8389,46,Other,7,2025-12-18,2025-12-19,ongoing
8390,45,Female,7,2025-12-14,2025-12-15,recovered
8391,53,Female,7,2025-12-08,2025-12-09,recovered
8392,41,Other,7,2025-12-10,2025-12-12,recovered
8393,30,Male,7,2025-12-13,2025-12-14,ongoing
8394,46,Male,7,2025-12-21,2025-12-23,recovered
8395,34,Female,7,2025-12-22,2025-12-24,ongoing
8396,45,Male,7,2025-12-14,2025-12-16,recovered
8397,27,Male,7,2025-12-09,2025-12-10,recovered
8398,50,Male,7,2025-12-09,2025-12-11,ongoing
8399,43,Other,7,2025-12-24,2025-12-27,referred
8400,58,Female,7,2025-12-18,2025-12-20,referred
8401,23,Female,7,2025-12-22,2025-12-23,ongoing
8402,72,Female,7,2025-12-04,2025-12-05,recovered
8403,56,Female,7,2025-12-07,2025-12-10,recovered
8404,58,Female,7,2025-12-27,2025-12-29,recovered
8405,49,Male,7,2025-12-09,2025-12-12,ongoing
8406,17,Male,7,2025-12-11,2025-12-13,recovered
8407,43,Male,7,2025-12-28,2025-12-29,ongoing
8408,51,Male,7,2025-12-26,2025-12-27,recovered
8409,41,Male,7,2025-12-01,2025-12-02,recovered
8410,42,Male,7,2025-12-07,2025-12-09,recovered
8411,45,Male,7,2025-12-13,2025-12-14,referred
8412,35,Female,7,2025-12-16,2025-12-17,deceased
8413,13,Other,7,2025-12-19,2025-12-20,ongoing
8414,29,Male,7,2025-12-09,2025-12-10,ongoing
8415,31,Other,7,2025-12-17,2025-12-18,recovered
8416,37,Male,7,2025-12-05,2025-12-06,recovered
8417,34,Female,7,2025-12-10,2025-12-11,recovered
8418,28,Male,7,2025-12-21,2025-12-22,ongoing
8419,45,Male,7,2025-12-21,2025-12-22,ongoing
8420,26,Other,7,2025-12-10,2025-12-11,recovered
8421,39,Other,7,2025-12-03,2025-12-05,referred
8422,58,Female,7,2025-12-27,2025-12-29,deceased
8423,25,Female,7,2025-12-25,2025-12-26,recovered
8424,37,Male,7,2025-12-13,2025-12-15,referred
8425,53,Male,7,2025-12-13,2025-12-15,deceased
8426,31,Male,7,2025-12-03,2025-12-05,recovered
8427,17,Other,7,2025-12-21,2025-12-22,recovered
8428,21,Male,7,2025-12-18,2025-12-19,referred
8429,51,Female,7,2025-12-23,2025-12-25,recovered
8430,45,Other,7,2025-12-08,2025-12-09,referred
8431,62,Male,7,2025-12-07,2025-12-09,recovered
8432,27,Female,7,2025-12-13,2025-12-15,ongoing
8433,32,Male,7,2025-12-06,2025-12-08,ongoing
8434,47,Male,7,2025-12-03,2025-12-05,recovered
8435,64,Other,7,2025-12-08,2025-12-10,recovered
8436,60,Female,7,2025-12-02,2025-12-03,recovered
8437,51,Other,7,2025-12-27,2025-12-28,ongoing
8438,48,Male,7,2025-12-20,2025-12-21,deceased
8439,64,Female,7,2025-12-08,2025-12-09,recovered
8440,74,Male,7,2025-12-26,2025-12-27,recovered
8441,53,Male,7,2025-12-17,2025-12-19,recovered
8442,39,Female,7,2025-12-14,2025-12-15,recovered
8443,29,Male,7,2025-12-17,2025-12-19,deceased
8444,34,Female,7,2025-12-20,2025-12-22,recovered
8445,48,Female,7,2025-12-11,2025-12-12,recovered
8446,41,Female,7,2025-12-19,2025-12-21,recovered
8447,41,Female,7,2025-12-23,2025-12-24,recovered
8448,34,Male,7,2025-12-12,2025-12-14,recovered
8449,52,Other,7,2025-12-24,2025-12-25,ongoing
8450,26,Male,7,2025-12-05,2025-12-08,recovered
8451,55,Male,7,2025-12-24,2025-12-25,referred
8452,29,Male,7,2025-12-04,2025-12-06,recovered
8453,49,Female,7,2025-12-25,2025-12-28,recovered
8454,34,Other,7,2025-12-08,2025-12-10,deceased
8455,34,Female,7,2025-12-12,2025-12-13,recovered
8456,47,Male,7,2025-12-02,2025-12-04,referred
8457,54,Other,7,2025-12-14,2025-12-16,ongoing
8458,31,Female,7,2025-12-07,2025-12-09,recovered
8459,44,Male,7,2025-12-28,2025-12-30,recovered
8460,56,Other,7,2025-12-25,2025-12-27,recovered
8461,29,Male,7,2025-12-02,2025-12-03,recovered
8462,29,Female,7,2025-12-07,2025-12-09,deceased
8463,45,Male,7,2025-12-18,2025-12-20,recovered
8464,63,Female,7,2025-12-09,2025-12-11,recovered
8465,62,Female,7,2025-12-11,2025-12-12,deceased
8466,24,Female,7,2025-12-17,2025-12-20,recovered
8467,64,Female,7,2025-12-07,2025-12-09,recovered
8468,45,Female,7,2025-12-22,2025-12-24,recovered
8469,33,Female,7,2025-12-03,2025-12-04,deceased
8470,25,Other,7,2025-12-06,2025-12-08,referred
8471,23,Female,7,2025-12-13,2025-12-15,recovered
8472,50,Female,7,2025-12-24,2025-12-26,referred
8473,40,Male,7,2025-12-16,2025-12-17,recovered
8474,33,Female,7,2025-12-18,2025-12-20,recovered
8475,53,Male,7,2025-12-17,2025-12-18,deceased
8476,44,Other,7,2025-12-20,2025-12-21,recovered
8477,43,Female,7,2025-12-03,2025-12-05,recovered
8478,36,Male,7,2025-12-17,2025-12-19,deceased
8479,33,Male,7,2026-01-28,2026-01-29,deceased
8480,61,Other,7,2026-01-24,2026-01-25,recovered
8481,40,Other,7,2026-01-09,2026-01-10,recovered
8482,70,Other,7,2026-01-11,2026-01-13,recovered
8483,73,Male,7,2026-01-03,2026-01-04,recovered
8484,45,Female,7,2026-01-08,2026-01-09,ongoing
8485,52,Other,7,2026-01-05,2026-01-06,recovered
8486,63,Other,7,2026-01-10,2026-01-13,deceased
8487,34,Female,7,2026-01-25,2026-01-27,deceased
8488,54,Female,7,2026-01-26,2026-01-28,referred
8489,58,Male,7,2026-01-05,2026-01-06,recovered
8490,62,Other,7,2026-01-17,2026-01-18,recovered
8491,40,Male,7,2026-01-18,2026-01-19,recovered
8492,63,Other,7,2026-01-13,2026-01-14,deceased
8493,46,Female,7,2026-01-28,2026-01-31,deceased
8494,47,Female,7,2026-01-12,2026-01-14,ongoing
8495,36,Female,7,2026-01-20,2026-01-22,recovered
8496,34,Female,7,2026-01-07,2026-01-08,recovered
8497,43,Female,7,2026-01-01,2026-01-03,recovered
8498,48,Female,7,2026-01-24,2026-01-25,ongoing
8499,64,Female,7,2026-01-25,2026-01-26,recovered
8500,37,Male,7,2026-01-20,2026-01-21,deceased
8501,27,Female,7,2026-01-22,2026-01-24,deceased
8502,36,Female,7,2026-01-08,2026-01-09,deceased
8503,49,Male,7,2026-01-22,2026-01-23,recovered
8504,43,Female,7,2026-01-14,2026-01-15,recovered
8505,60,Male,7,2026-01-06,2026-01-09,deceased
8506,42,Male,7,2026-01-11,2026-01-12,deceased
8507,35,Female,7,2026-01-01,2026-01-03,recovered
8508,61,Male,7,2026-01-06,2026-01-08,recovered
8509,34,Other,7,2026-01-25,2026-01-27,recovered
8510,33,Female,7,2026-01-03,2026-01-04,referred
8511,47,Female,7,2026-01-02,2026-01-04,recovered
8512,36,Male,7,2026-01-10,2026-01-11,referred
8513,35,Other,7,2026-01-04,2026-01-05,deceased
8514,37,Female,7,2026-01-21,2026-01-23,deceased
8515,39,Female,7,2026-01-05,2026-01-08,recovered
8516,78,Other,7,2026-01-21,2026-01-23,recovered
8517,51,Female,7,2026-01-11,2026-01-14,recovered
8518,38,Female,7,2026-01-14,2026-01-15,referred
8519,48,Female,7,2026-01-09,2026-01-10,recovered
8520,60,Male,7,2026-01-09,2026-01-11,recovered
8521,43,Female,7,2026-01-03,2026-01-05,deceased
8522,43,Male,7,2026-01-06,2026-01-08,recovered
8523,22,Male,7,2026-01-06,2026-01-07,deceased
8524,10,Male,7,2026-01-14,2026-01-15,recovered
8525,62,Male,7,2026-01-18,2026-01-19,recovered
8526,36,Female,7,2026-01-25,2026-01-26,ongoing
8527,44,Female,7,2026-01-25,2026-01-26,ongoing
8528,69,Female,7,2026-01-26,2026-01-28,recovered
8529,45,Female,7,2026-01-25,2026-01-27,ongoing
8530,46,Male,7,2026-01-22,2026-01-25,recovered
8531,61,Male,7,2026-01-26,2026-01-28,recovered
8532,50,Female,7,2026-01-04,2026-01-06,ongoing
8533,50,Female,7,2026-01-01,2026-01-02,recovered
8534,32,Male,7,2026-01-11,2026-01-14,deceased
8535,47,Male,7,2026-01-02,2026-01-04,referred
8536,65,Other,7,2026-01-20,2026-01-21,recovered
8537,53,Female,7,2026-01-08,2026-01-09,recovered
8538,26,Female,7,2026-01-02,2026-01-04,recovered
8539,54,Female,7,2026-01-09,2026-01-11,ongoing
8540,23,Male,7,2026-01-08,2026-01-10,recovered
8541,77,Female,7,2026-01-02,2026-01-04,recovered
8542,30,Male,7,2026-01-21,2026-01-22,recovered
8543,42,Other,7,2026-01-20,2026-01-22,deceased
8544,70,Male,7,2026-01-12,2026-01-14,recovered
8545,26,Male,7,2026-01-08,2026-01-11,recovered
8546,42,Female,7,2026-01-18,2026-01-19,deceased
8547,56,Male,7,2026-01-05,2026-01-07,recovered
8548,48,Male,7,2026-01-02,2026-01-04,referred
8549,38,Male,7,2026-01-17,2026-01-19,deceased
8550,34,Female,7,2026-01-11,2026-01-12,recovered
8551,59,Female,7,2026-01-15,2026-01-17,recovered
8552,56,Other,7,2026-01-10,2026-01-11,referred
8553,39,Female,7,2026-01-08,2026-01-10,recovered
8554,30,Male,7,2026-01-28,2026-01-30,recovered
8555,29,Other,7,2026-01-23,2026-01-24,referred
8556,57,Other,7,2026-01-09,2026-01-12,recovered
8557,35,Male,7,2026-01-11,2026-01-13,deceased
8558,45,Female,7,2026-01-09,2026-01-11,recovered
8559,47,Male,7,2026-01-01,2026-01-02,deceased
8560,57,Female,7,2026-01-10,2026-01-12,recovered
8561,29,Female,7,2026-01-04,2026-01-05,recovered
8562,39,Other,7,2026-01-17,2026-01-19,referred
8563,59,Other,7,2026-01-05,2026-01-06,referred
8564,26,Female,7,2026-01-10,2026-01-11,ongoing
8565,46,Female,7,2026-01-08,2026-01-10,ongoing
8566,46,Female,7,2026-01-25,2026-01-27,recovered
8567,57,Male,7,2026-01-12,2026-01-13,ongoing
8568,38,Male,7,2026-01-02,2026-01-03,recovered
8569,30,Female,7,2026-01-07,2026-01-08,recovered
8570,42,Male,7,2026-01-27,2026-01-29,recovered
8571,37,Other,7,2026-01-11,2026-01-12,deceased
8572,51,Other,7,2026-01-17,2026-01-18,recovered
8573,18,Female,7,2026-01-01,2026-01-02,ongoing
8574,19,Female,7,2026-01-12,2026-01-13,recovered
8575,53,Other,7,2026-01-17,2026-01-19,deceased
8576,44,Female,7,2026-01-18,2026-01-20,recovered
8577,53,Other,7,2026-01-23,2026-01-25,recovered
8578,50,Female,7,2026-01-27,2026-01-29,recovered
8579,53,Female,7,2026-01-09,2026-01-11,deceased
8580,70,Other,7,2026-01-15,2026-01-16,ongoing
8581,30,Other,7,2026-01-02,2026-01-04,recovered
8582,53,Female,7,2026-01-12,2026-01-14,deceased
8583,54,Female,7,2026-01-11,2026-01-13,recovered
8584,41,Female,7,2026-01-25,2026-01-28,deceased
8585,40,Female,7,2026-01-22,2026-01-23,ongoing
8586,52,Male,7,2026-01-28,2026-01-30,recovered
8587,69,Female,7,2026-01-17,2026-01-19,recovered
8588,48,Male,7,2026-01-14,2026-01-16,recovered
8589,43,Male,7,2026-01-02,2026-01-04,referred
8590,37,Other,7,2026-01-17,2026-01-19,recovered
8591,64,Other,7,2026-01-22,2026-01-23,ongoing
8592,53,Other,7,2026-01-04,2026-01-05,recovered
8593,45,Male,7,2026-01-06,2026-01-07,recovered
8594,67,Male,7,2026-01-09,2026-01-11,recovered
8595,17,Male,7,2026-01-18,2026-01-21,recovered
8596,60,Female,7,2026-01-13,2026-01-14,referred
8597,77,Other,7,2026-01-06,2026-01-08,deceased
8598,59,Female,7,2026-01-04,2026-01-05,deceased
8599,54,Female,7,2026-01-18,2026-01-20,recovered
8600,32,Other,7,2026-01-19,2026-01-22,recovered
8601,61,Male,7,2026-01-20,2026-01-22,referred
8602,47,Other,7,2026-01-23,2026-01-24,deceased
8603,52,Male,7,2026-01-11,2026-01-13,referred
8604,64,Female,7,2026-01-26,2026-01-27,recovered
8605,37,Female,7,2026-01-07,2026-01-08,recovered
8606,60,Female,7,2026-01-16,2026-01-18,deceased
8607,44,Male,7,2026-01-20,2026-01-22,recovered
8608,65,Male,7,2026-01-24,2026-01-25,recovered
8609,59,Female,7,2026-01-24,2026-01-26,recovered
8610,48,Male,7,2026-01-05,2026-01-06,recovered
8611,48,Other,7,2026-01-24,2026-01-25,recovered
8612,44,Other,7,2026-01-06,2026-01-08,referred
8613,26,Male,7,2026-01-06,2026-01-07,referred
8614,37,Female,7,2026-01-26,2026-01-27,recovered
8615,66,Other,7,2026-01-24,2026-01-25,deceased
8616,44,Male,7,2026-01-24,2026-01-26,recovered
8617,58,Female,7,2026-01-26,2026-01-28,deceased
8618,37,Male,7,2026-01-14,2026-01-15,recovered
8619,25,Female,7,2026-01-15,2026-01-17,deceased
8620,66,Female,7,2026-01-18,2026-01-20,referred
8621,66,Male,7,2026-01-16,2026-01-19,recovered
8622,31,Female,7,2026-01-19,2026-01-21,recovered
8623,58,Female,7,2026-01-21,2026-01-23,recovered
8624,49,Female,7,2026-01-04,2026-01-06,referred
8625,34,Female,7,2026-01-13,2026-01-14,referred
8626,33,Female,7,2026-01-01,2026-01-02,recovered
8627,55,Female,7,2026-01-13,2026-01-16,recovered
8628,49,Female,7,2026-01-14,2026-01-16,recovered
8629,45,Male,7,2026-01-12,2026-01-13,recovered
8630,44,Female,7,2026-01-15,2026-01-17,recovered
8631,44,Female,7,2026-01-15,2026-01-16,deceased
8632,33,Female,7,2026-01-26,2026-01-28,referred
8633,39,Male,7,2026-01-15,2026-01-16,recovered
8634,15,Male,7,2026-01-17,2026-01-19,recovered
8635,20,Female,7,2026-01-24,2026-01-25,deceased
8636,63,Male,7,2026-01-15,2026-01-16,recovered
8637,14,Female,7,2026-01-08,2026-01-11,ongoing
8638,68,Male,7,2026-01-03,2026-01-04,recovered
8639,54,Male,7,2026-01-09,2026-01-11,recovered
8640,54,Other,7,2026-01-26,2026-01-27,recovered
8641,50,Female,7,2026-01-21,2026-01-22,referred
8642,62,Male,7,2026-01-04,2026-01-05,recovered
8643,41,Male,7,2026-01-22,2026-01-24,recovered
8644,48,Female,7,2026-01-23,2026-01-25,recovered
8645,57,Male,7,2026-01-03,2026-01-05,deceased
8646,63,Female,7,2026-01-27,2026-01-29,recovered
8647,36,Male,7,2026-01-14,2026-01-15,recovered
8648,62,Male,7,2026-01-24,2026-01-26,recovered
8649,65,Other,7,2026-01-21,2026-01-24,recovered
8650,62,Female,7,2026-01-08,2026-01-09,ongoing
8651,60,Male,7,2026-01-24,2026-01-25,recovered
8652,52,Female,7,2026-01-18,2026-01-20,ongoing
8653,36,Female,7,2026-01-02,2026-01-05,recovered
8654,47,Other,7,2026-01-25,2026-01-27,deceased
8655,41,Male,7,2026-01-21,2026-01-23,recovered
8656,56,Male,7,2026-01-14,2026-01-15,recovered
8657,43,Female,7,2026-01-15,2026-01-16,recovered
8658,25,Female,7,2026-01-12,2026-01-15,ongoing
8659,32,Male,7,2026-01-12,2026-01-13,recovered
8660,54,Female,7,2026-01-03,2026-01-04,recovered
8661,63,Other,7,2026-01-22,2026-01-24,ongoing
8662,15,Male,7,2026-01-14,2026-01-16,ongoing
8663,52,Female,7,2026-01-13,2026-01-15,recovered
8664,37,Female,7,2026-01-02,2026-01-03,recovered
8665,34,Other,7,2026-01-22,2026-01-23,deceased
8666,56,Male,7,2026-01-25,2026-01-26,recovered
8667,29,Other,7,2026-01-28,2026-01-30,recovered
8668,47,Female,7,2026-01-07,2026-01-08,recovered
8669,45,Male,7,2026-01-26,2026-01-27,ongoing
8670,34,Male,7,2026-01-21,2026-01-22,ongoing
8671,49,Male,7,2026-01-16,2026-01-17,recovered
8672,52,Male,7,2026-01-25,2026-01-26,referred
8673,57,Female,7,2026-01-13,2026-01-14,deceased
8674,61,Female,7,2026-01-11,2026-01-12,recovered
8675,42,Female,7,2026-01-28,2026-01-30,recovered
8676,72,Male,7,2026-01-24,2026-01-26,recovered
8677,42,Female,7,2026-01-04,2026-01-05,recovered
8678,37,Male,7,2026-01-20,2026-01-22,recovered
8679,16,Male,7,2026-01-25,2026-01-27,recovered
8680,24,Male,7,2026-01-15,2026-01-17,ongoing
8681,59,Male,7,2026-01-22,2026-01-24,deceased
8682,28,Other,7,2026-01-05,2026-01-07,recovered
8683,43,Male,7,2026-01-16,2026-01-18,ongoing
8684,43,Other,7,2026-01-28,2026-01-29,ongoing
8685,53,Other,7,2026-01-26,2026-01-28,recovered
8686,36,Male,7,2026-01-18,2026-01-19,recovered
8687,51,Male,7,2026-01-07,2026-01-08,ongoing
8688,34,Male,7,2026-01-27,2026-01-29,recovered
8689,41,Other,7,2026-01-13,2026-01-16,referred
8690,33,Other,7,2026-01-27,2026-01-29,ongoing
8691,67,Male,7,2026-01-02,2026-01-04,recovered
8692,39,Other,7,2026-01-14,2026-01-16,recovered
8693,57,Female,7,2026-01-14,2026-01-15,recovered
8694,59,Female,7,2026-01-14,2026-01-17,deceased
8695,60,Male,7,2026-01-09,2026-01-10,ongoing
8696,58,Female,7,2026-01-17,2026-01-19,deceased
8697,49,Other,7,2026-01-06,2026-01-07,deceased
8698,35,Male,7,2026-01-18,2026-01-20,ongoing
8699,23,Female,7,2026-01-23,2026-01-25,recovered
8700,29,Male,7,2026-01-28,2026-01-30,recovered
8701,57,Male,7,2026-01-08,2026-01-09,recovered
8702,26,Male,7,2026-01-22,2026-01-23,deceased
8703,18,Other,7,2026-01-14,2026-01-15,referred
8704,46,Male,7,2026-01-04,2026-01-05,ongoing
8705,54,Other,7,2026-01-20,2026-01-21,ongoing
8706,48,Male,7,2026-01-22,2026-01-24,referred
8707,35,Female,7,2026-01-04,2026-01-05,referred
8708,58,Male,7,2026-01-23,2026-01-26,recovered
8709,48,Male,7,2026-01-26,2026-01-28,recovered
8710,19,Other,7,2026-01-05,2026-01-08,recovered
8711,56,Female,7,2026-01-13,2026-01-14,referred
8712,38,Male,7,2026-01-28,2026-01-30,recovered
8713,32,Male,7,2026-01-09,2026-01-10,referred
8714,54,Female,7,2026-01-11,2026-01-13,ongoing
8715,60,Male,7,2026-01-08,2026-01-09,recovered
8716,41,Male,7,2026-01-21,2026-01-23,deceased
8717,28,Other,7,2026-01-05,2026-01-07,ongoing
8718,47,Female,7,2026-01-17,2026-01-18,recovered
8719,32,Female,7,2026-01-14,2026-01-16,recovered
8720,58,Female,7,2026-01-22,2026-01-25,deceased
8721,37,Female,7,2026-01-05,2026-01-08,recovered
8722,48,Female,7,2026-01-18,2026-01-19,recovered
8723,44,Other,7,2026-01-11,2026-01-12,referred
8724,61,Male,7,2026-01-20,2026-01-22,recovered
8725,57,Male,7,2026-01-21,2026-01-24,recovered
8726,23,Female,7,2026-01-26,2026-01-29,ongoing
8727,39,Male,7,2026-01-01,2026-01-02,recovered
8728,46,Male,7,2026-01-05,2026-01-07,deceased
8729,27,Male,7,2026-01-01,2026-01-02,recovered
8730,59,Male,7,2026-01-15,2026-01-16,referred
8731,70,Male,7,2026-01-07,2026-01-08,referred
8732,44,Male,7,2026-01-08,2026-01-10,referred
8733,46,Other,7,2026-01-07,2026-01-08,recovered
8734,65,Female,7,2026-01-27,2026-01-29,recovered
8735,58,Female,7,2026-01-28,2026-01-30,referred
8736,49,Female,7,2026-01-09,2026-01-11,deceased
8737,61,Male,7,2026-01-02,2026-01-04,recovered
8738,56,Other,7,2026-01-01,2026-01-03,recovered
8739,49,Male,7,2026-01-08,2026-01-10,deceased
8740,38,Female,7,2026-01-03,2026-01-05,recovered
8741,36,Female,7,2026-01-23,2026-01-25,recovered
8742,36,Male,7,2026-01-28,2026-01-31,recovered
8743,18,Female,7,2026-01-05,2026-01-06,recovered
8744,27,Female,7,2026-01-09,2026-01-10,recovered
8745,35,Female,7,2026-01-15,2026-01-17,referred
8746,47,Male,7,2026-01-11,2026-01-12,referred
8747,51,Male,7,2026-01-26,2026-01-28,recovered
8748,39,Male,7,2026-01-17,2026-01-18,recovered
8749,27,Female,7,2026-01-23,2026-01-24,referred
8750,41,Other,7,2026-01-25,2026-01-27,deceased
8751,55,Male,7,2026-01-17,2026-01-19,recovered
8752,65,Other,7,2026-01-11,2026-01-14,deceased
8753,32,Male,7,2026-01-18,2026-01-19,recovered
8754,24,Female,7,2026-01-25,2026-01-27,ongoing
8755,54,Female,7,2026-01-23,2026-01-26,ongoing
8756,27,Male,7,2026-01-11,2026-01-12,recovered
8757,57,Female,7,2026-01-11,2026-01-12,ongoing
8758,51,Female,7,2026-01-10,2026-01-11,referred
8759,49,Other,7,2026-01-15,2026-01-17,ongoing
8760,29,Female,7,2026-01-26,2026-01-27,referred
8761,53,Male,7,2026-01-03,2026-01-05,deceased
8762,36,Other,7,2026-01-21,2026-01-22,recovered
8763,57,Female,7,2026-01-23,2026-01-26,recovered
8764,56,Male,7,2026-01-08,2026-01-11,referred
8765,43,Female,7,2026-01-02,2026-01-03,ongoing
8766,54,Female,7,2026-01-14,2026-01-15,ongoing
8767,54,Other,7,2026-01-26,2026-01-28,ongoing
8768,36,Other,7,2026-01-16,2026-01-18,recovered
8769,39,Female,7,2026-01-23,2026-01-25,recovered
8770,39,Male,7,2026-01-02,2026-01-04,recovered
8771,44,Female,7,2026-01-26,2026-01-27,referred
8772,36,Female,7,2026-01-14,2026-01-16,recovered
8773,27,Male,7,2026-01-11,2026-01-12,recovered
8774,46,Male,7,2026-01-28,2026-01-30,ongoing
8775,61,Male,7,2026-01-23,2026-01-24,referred
8776,56,Male,7,2026-01-17,2026-01-18,referred
8777,36,Female,7,2026-01-12,2026-01-14,referred
8778,45,Male,7,2026-01-06,2026-01-08,referred
8779,35,Female,7,2026-01-23,2026-01-25,ongoing
8780,52,Female,7,2026-01-10,2026-01-12,deceased
8781,36,Other,7,2026-01-02,2026-01-05,recovered
8782,57,Male,7,2026-01-05,2026-01-07,recovered
8783,52,Female,7,2026-01-21,2026-01-22,recovered
8784,40,Female,7,2026-01-08,2026-01-11,recovered
8785,30,Male,7,2026-01-22,2026-01-23,referred
8786,46,Female,7,2026-01-26,2026-01-28,deceased
8787,30,Male,7,2026-01-27,2026-01-29,recovered
8788,41,Male,7,2026-01-22,2026-01-23,referred
8789,36,Female,7,2026-01-21,2026-01-23,recovered
8790,39,Female,7,2026-01-03,2026-01-05,deceased
8791,46,Other,7,2026-01-17,2026-01-18,ongoing
8792,39,Male,7,2026-01-02,2026-01-04,recovered
8793,63,Female,7,2026-01-13,2026-01-15,deceased
8794,42,Female,7,2026-01-22,2026-01-23,deceased
8795,44,Female,7,2026-01-28,2026-01-31,recovered
8796,30,Female,7,2026-01-25,2026-01-26,recovered
8797,46,Male,7,2026-01-17,2026-01-19,recovered
8798,85,Female,7,2026-01-05,2026-01-06,recovered
8799,39,Male,7,2026-01-28,2026-01-31,recovered
8800,50,Female,7,2026-01-18,2026-01-19,recovered
8801,80,Male,7,2026-01-07,2026-01-08,referred
8802,47,Female,7,2026-01-02,2026-01-04,ongoing
8803,24,Female,7,2026-01-23,2026-01-24,recovered
8804,31,Male,7,2026-01-24,2026-01-25,recovered
8805,43,Other,7,2026-01-22,2026-01-23,recovered
8806,65,Female,7,2026-01-22,2026-01-23,recovered
8807,60,Female,7,2026-01-25,2026-01-27,recovered
8808,75,Male,7,2026-01-13,2026-01-15,recovered
8809,56,Other,7,2026-01-19,2026-01-21,deceased
8810,47,Female,7,2026-01-11,2026-01-12,recovered
8811,34,Male,7,2026-01-01,2026-01-02,deceased
8812,53,Male,7,2026-01-02,2026-01-03,recovered
8813,18,Male,7,2026-01-09,2026-01-10,deceased
8814,43,Other,7,2026-01-10,2026-01-12,recovered
8815,32,Female,7,2026-01-03,2026-01-04,deceased
8816,26,Female,7,2026-01-23,2026-01-25,ongoing
8817,61,Female,7,2026-01-14,2026-01-15,deceased
8818,70,Other,7,2026-01-26,2026-01-28,referred
8819,25,Male,7,2026-01-18,2026-01-19,recovered
8820,50,Other,7,2026-01-10,2026-01-12,referred
8821,52,Other,7,2026-01-25,2026-01-26,ongoing
8822,49,Other,7,2026-01-13,2026-01-15,recovered
8823,10,Female,7,2026-01-11,2026-01-12,recovered
8824,34,Other,7,2026-01-02,2026-01-04,recovered
8825,46,Other,7,2026-02-23,2026-02-25,ongoing
8826,51,Male,7,2026-02-07,2026-02-09,recovered
8827,45,Other,7,2026-02-01,2026-02-02,recovered
8828,67,Female,7,2026-02-03,2026-02-04,recovered
8829,41,Male,7,2026-02-23,2026-02-24,recovered
8830,41,Male,7,2026-02-23,2026-02-25,recovered
8831,51,Female,7,2026-02-24,2026-02-26,recovered
8832,23,Male,7,2026-02-22,2026-02-25,recovered
8833,56,Male,7,2026-02-18,2026-02-20,recovered
8834,61,Other,7,2026-02-23,2026-02-25,recovered
8835,59,Male,7,2026-02-22,2026-02-23,deceased
8836,43,Female,7,2026-02-22,2026-02-23,ongoing
8837,58,Female,7,2026-02-25,2026-02-27,recovered
8838,72,Female,7,2026-02-05,2026-02-07,ongoing
8839,25,Male,7,2026-02-20,2026-02-22,deceased
8840,65,Male,7,2026-02-20,2026-02-22,recovered
8841,31,Female,7,2026-02-06,2026-02-07,recovered
8842,22,Male,7,2026-02-14,2026-02-15,recovered
8843,54,Male,7,2026-02-02,2026-02-03,deceased
8844,58,Male,7,2026-02-01,2026-02-04,ongoing
8845,60,Other,7,2026-02-12,2026-02-14,recovered
8846,50,Male,7,2026-02-11,2026-02-12,deceased
8847,44,Male,7,2026-02-12,2026-02-14,referred
8848,32,Male,7,2026-02-01,2026-02-02,recovered
8849,27,Female,7,2026-02-01,2026-02-03,recovered
8850,23,Male,7,2026-02-20,2026-02-22,recovered
8851,32,Other,7,2026-02-16,2026-02-17,recovered
8852,37,Female,7,2026-02-13,2026-02-14,deceased
8853,45,Female,7,2026-02-21,2026-02-22,recovered
8854,35,Female,7,2026-02-10,2026-02-12,recovered
8855,53,Female,7,2026-02-24,2026-02-26,ongoing
8856,43,Female,7,2026-02-28,2026-03-01,recovered
8857,55,Female,7,2026-02-17,2026-02-18,recovered
8858,39,Other,7,2026-02-16,2026-02-17,referred
8859,49,Female,7,2026-02-16,2026-02-17,recovered
8860,44,Male,7,2026-02-20,2026-02-21,referred
8861,54,Other,7,2026-02-01,2026-02-02,recovered
8862,55,Other,7,2026-02-28,2026-03-03,recovered
8863,40,Female,7,2026-02-06,2026-02-08,recovered
8864,77,Female,7,2026-02-08,2026-02-11,recovered
8865,45,Other,7,2026-02-01,2026-02-03,recovered
8866,13,Female,7,2026-02-20,2026-02-22,deceased
8867,42,Male,7,2026-02-10,2026-02-12,recovered
8868,31,Other,7,2026-02-20,2026-02-21,ongoing
8869,50,Other,7,2026-02-12,2026-02-14,referred
8870,30,Male,7,2026-02-22,2026-02-23,recovered
8871,50,Male,7,2026-02-04,2026-02-05,recovered
8872,27,Other,7,2026-02-09,2026-02-12,recovered
8873,45,Female,7,2026-02-03,2026-02-06,recovered
8874,62,Female,7,2026-02-16,2026-02-17,recovered
8875,41,Female,7,2026-02-09,2026-02-10,ongoing
8876,40,Female,7,2026-02-09,2026-02-11,recovered
8877,68,Other,7,2026-02-13,2026-02-16,recovered
8878,56,Other,7,2026-02-18,2026-02-20,recovered
8879,28,Female,7,2026-02-11,2026-02-12,recovered
8880,34,Other,7,2026-02-24,2026-02-25,recovered
8881,55,Male,7,2026-02-21,2026-02-23,recovered
8882,39,Male,7,2026-02-10,2026-02-11,recovered
8883,34,Male,7,2026-02-08,2026-02-09,referred
8884,41,Female,7,2026-02-19,2026-02-20,recovered
8885,43,Female,7,2026-02-10,2026-02-13,recovered
8886,51,Female,7,2026-02-05,2026-02-06,recovered
8887,45,Female,7,2026-02-02,2026-02-04,recovered
8888,32,Male,7,2026-02-26,2026-02-27,ongoing
8889,59,Other,7,2026-02-16,2026-02-17,recovered
8890,35,Female,7,2026-02-19,2026-02-20,ongoing
8891,54,Male,7,2026-02-06,2026-02-08,ongoing
8892,54,Male,7,2026-02-16,2026-02-18,referred
8893,49,Female,7,2026-02-16,2026-02-18,recovered
8894,39,Female,7,2026-02-15,2026-02-17,recovered
8895,35,Other,7,2026-02-02,2026-02-04,referred
8896,46,Female,7,2026-02-08,2026-02-10,recovered
8897,20,Other,7,2026-02-01,2026-02-03,deceased
8898,8,Male,7,2026-02-11,2026-02-14,deceased
8899,38,Male,7,2026-02-25,2026-02-26,referred
8900,36,Female,7,2026-02-02,2026-02-03,ongoing
8901,17,Male,7,2026-02-13,2026-02-14,referred
8902,22,Female,7,2026-02-03,2026-02-04,ongoing
8903,42,Male,7,2026-02-08,2026-02-10,recovered
8904,37,Male,7,2026-02-15,2026-02-17,recovered
8905,39,Male,7,2026-02-13,2026-02-14,referred
8906,54,Male,7,2026-02-12,2026-02-13,recovered
8907,49,Female,7,2026-02-15,2026-02-16,recovered
8908,61,Male,7,2026-02-09,2026-02-11,ongoing
8909,23,Other,7,2026-02-03,2026-02-05,recovered
8910,31,Other,7,2026-02-22,2026-02-23,referred
8911,23,Female,7,2026-02-17,2026-02-18,referred
8912,45,Male,7,2026-02-18,2026-02-20,recovered
8913,33,Female,7,2026-02-24,2026-02-25,ongoing
8914,34,Male,7,2026-02-07,2026-02-09,recovered
8915,44,Male,7,2026-02-25,2026-02-26,deceased
8916,42,Female,7,2026-02-07,2026-02-09,ongoing
8917,51,Male,7,2026-02-14,2026-02-15,recovered
8918,47,Other,7,2026-02-13,2026-02-15,recovered
8919,58,Other,7,2026-02-26,2026-02-27,recovered
8920,38,Other,7,2026-02-08,2026-02-09,deceased
8921,66,Female,7,2026-02-05,2026-02-06,recovered
8922,42,Male,7,2026-02-03,2026-02-04,recovered
8923,60,Other,7,2026-02-08,2026-02-09,recovered
8924,31,Male,7,2026-02-27,2026-03-02,ongoing
8925,26,Other,7,2026-02-07,2026-02-08,recovered
8926,37,Other,7,2026-02-28,2026-03-01,recovered
8927,49,Male,7,2026-02-14,2026-02-15,referred
8928,57,Female,7,2026-02-14,2026-02-15,recovered
8929,60,Female,7,2026-02-16,2026-02-17,deceased
8930,38,Male,7,2026-02-08,2026-02-10,recovered
8931,35,Female,7,2026-02-04,2026-02-06,recovered
8932,65,Male,7,2026-02-22,2026-02-23,recovered
8933,35,Other,7,2026-02-02,2026-02-03,referred
8934,22,Other,7,2026-02-20,2026-02-22,recovered
8935,65,Other,7,2026-02-01,2026-02-03,recovered
8936,32,Female,7,2026-02-05,2026-02-06,ongoing
8937,49,Male,7,2026-02-10,2026-02-12,ongoing
8938,26,Male,7,2026-02-01,2026-02-02,recovered
8939,28,Male,7,2026-02-26,2026-02-27,ongoing
8940,62,Female,7,2026-02-08,2026-02-09,recovered
8941,26,Male,7,2026-02-17,2026-02-19,recovered
8942,53,Female,7,2026-02-11,2026-02-13,recovered
8943,40,Female,7,2026-02-03,2026-02-04,referred
8944,65,Male,7,2026-02-21,2026-02-22,recovered
8945,39,Other,7,2026-02-28,2026-03-02,ongoing
8946,54,Female,7,2026-02-05,2026-02-06,recovered
8947,26,Female,7,2026-02-13,2026-02-15,recovered
8948,36,Other,7,2026-02-20,2026-02-22,recovered
8949,33,Other,7,2026-02-11,2026-02-12,recovered
8950,61,Female,7,2026-02-22,2026-02-23,recovered
8951,43,Female,7,2026-02-18,2026-02-19,recovered
8952,52,Other,7,2026-02-12,2026-02-13,referred
8953,35,Male,7,2026-02-04,2026-02-06,recovered
8954,43,Male,7,2026-02-26,2026-02-28,deceased
8955,43,Other,7,2026-02-21,2026-02-23,referred
8956,64,Female,7,2026-02-27,2026-03-01,referred
8957,48,Male,7,2026-02-08,2026-02-10,recovered
8958,45,Other,7,2026-02-12,2026-02-13,recovered
8959,59,Other,7,2026-02-09,2026-02-11,deceased
8960,29,Female,7,2026-02-24,2026-02-25,deceased
8961,62,Male,7,2026-02-11,2026-02-12,referred
8962,46,Other,7,2026-02-15,2026-02-16,ongoing
8963,42,Other,7,2026-02-15,2026-02-16,ongoing
8964,45,Female,7,2026-02-04,2026-02-06,ongoing
8965,52,Other,7,2026-02-18,2026-02-19,recovered
8966,39,Female,7,2026-02-13,2026-02-15,ongoing
8967,53,Male,7,2026-02-04,2026-02-05,recovered
8968,51,Male,7,2026-02-13,2026-02-16,recovered
8969,51,Male,7,2026-02-08,2026-02-09,recovered
8970,38,Other,7,2026-02-15,2026-02-16,recovered
8971,60,Other,7,2026-02-13,2026-02-14,recovered
8972,27,Other,7,2026-02-16,2026-02-18,recovered
8973,49,Other,7,2026-02-16,2026-02-17,referred
8974,46,Female,7,2026-02-17,2026-02-19,recovered
8975,41,Male,7,2026-02-15,2026-02-18,deceased
8976,40,Female,7,2026-02-16,2026-02-17,recovered
8977,68,Male,7,2026-02-09,2026-02-10,deceased
8978,35,Male,7,2026-02-25,2026-02-26,recovered
8979,42,Male,7,2026-02-11,2026-02-12,recovered
8980,67,Male,7,2026-02-14,2026-02-15,referred
8981,32,Female,7,2026-02-22,2026-02-24,referred
8982,31,Male,7,2026-02-20,2026-02-21,recovered
8983,57,Male,7,2026-02-03,2026-02-05,deceased
8984,24,Female,7,2026-02-08,2026-02-11,ongoing
8985,19,Female,7,2026-02-02,2026-02-03,recovered
8986,44,Other,7,2026-02-20,2026-02-21,deceased
8987,19,Female,7,2026-02-07,2026-02-08,recovered
8988,27,Female,7,2026-02-06,2026-02-08,recovered
8989,41,Male,7,2026-02-23,2026-02-25,recovered
8990,64,Male,7,2026-02-09,2026-02-11,recovered
8991,42,Female,7,2026-02-26,2026-02-27,recovered
8992,36,Male,7,2026-02-05,2026-02-06,recovered
8993,64,Female,7,2026-02-03,2026-02-05,deceased
8994,70,Male,7,2026-02-03,2026-02-04,recovered
8995,30,Other,7,2026-02-28,2026-03-02,referred
8996,66,Female,7,2026-02-12,2026-02-13,deceased
8997,54,Male,7,2026-02-21,2026-02-22,recovered
8998,56,Other,7,2026-02-13,2026-02-16,referred
8999,40,Female,7,2026-02-02,2026-02-04,referred
9000,71,Female,7,2026-02-01,2026-02-02,recovered
9001,45,Female,7,2026-02-05,2026-02-06,referred
9002,48,Other,7,2026-02-20,2026-02-21,recovered
9003,53,Female,7,2026-02-24,2026-02-26,recovered
9004,57,Female,7,2026-02-08,2026-02-09,recovered
9005,42,Female,7,2026-02-15,2026-02-16,ongoing
9006,30,Other,7,2026-02-11,2026-02-14,deceased
9007,57,Other,7,2026-02-04,2026-02-06,recovered
9008,26,Male,7,2026-02-21,2026-02-23,ongoing
9009,35,Other,7,2026-02-22,2026-02-23,recovered
9010,40,Female,7,2026-02-26,2026-02-27,recovered
9011,5,Female,7,2026-02-12,2026-02-14,recovered
9012,46,Other,7,2026-02-17,2026-02-18,recovered
9013,33,Female,7,2026-02-22,2026-02-23,referred
9014,52,Female,7,2026-02-17,2026-02-18,recovered
9015,60,Female,7,2026-02-07,2026-02-08,deceased
9016,59,Other,7,2026-02-04,2026-02-06,recovered
9017,53,Other,7,2026-02-11,2026-02-12,recovered
9018,47,Male,7,2026-02-07,2026-02-08,deceased
9019,42,Male,7,2026-02-22,2026-02-25,recovered
9020,29,Male,7,2026-02-13,2026-02-14,recovered
9021,18,Other,7,2026-02-08,2026-02-09,recovered
9022,38,Other,7,2026-02-17,2026-02-19,referred
9023,47,Male,7,2026-02-28,2026-03-01,deceased
9024,51,Other,7,2026-02-22,2026-02-24,recovered
9025,38,Male,7,2026-02-18,2026-02-21,deceased
9026,52,Male,7,2026-02-11,2026-02-13,recovered
9027,30,Female,7,2026-02-22,2026-02-23,recovered
9028,52,Male,7,2026-02-23,2026-02-24,recovered
9029,63,Female,7,2026-02-13,2026-02-14,deceased
9030,67,Female,7,2026-02-05,2026-02-06,ongoing
9031,63,Male,7,2026-02-21,2026-02-23,recovered
9032,68,Female,7,2026-02-21,2026-02-23,deceased
9033,64,Female,7,2026-02-14,2026-02-17,recovered
9034,58,Female,7,2026-02-02,2026-02-05,recovered
9035,56,Female,7,2026-02-02,2026-02-04,deceased
9036,47,Female,7,2026-02-20,2026-02-22,referred
9037,37,Male,7,2026-02-01,2026-02-02,recovered
9038,18,Female,7,2026-02-19,2026-02-22,referred
9039,60,Female,7,2026-02-12,2026-02-13,recovered
9040,40,Female,7,2026-02-02,2026-02-05,recovered
9041,21,Female,7,2026-02-18,2026-02-19,recovered
9042,64,Female,7,2026-02-10,2026-02-11,recovered
9043,39,Male,7,2026-02-07,2026-02-08,deceased
9044,31,Female,7,2026-02-07,2026-02-09,ongoing
9045,47,Male,7,2026-02-01,2026-02-03,recovered
9046,44,Female,7,2026-02-28,2026-03-02,recovered
9047,26,Male,7,2026-02-13,2026-02-15,recovered
9048,47,Male,7,2026-02-10,2026-02-12,referred
9049,39,Other,7,2026-02-15,2026-02-17,recovered
9050,19,Female,7,2026-02-03,2026-02-04,recovered
9051,41,Other,7,2026-02-18,2026-02-19,deceased
9052,52,Female,7,2026-02-27,2026-02-28,ongoing
9053,55,Male,7,2026-02-15,2026-02-17,recovered
9054,65,Female,7,2026-02-04,2026-02-05,ongoing
9055,57,Male,7,2026-02-22,2026-02-25,recovered
9056,35,Other,7,2026-02-08,2026-02-10,ongoing
9057,38,Other,7,2026-02-13,2026-02-15,recovered
9058,53,Other,7,2026-02-02,2026-02-04,recovered
9059,45,Female,7,2026-02-24,2026-02-27,ongoing
9060,35,Female,7,2026-02-27,2026-03-01,deceased
9061,36,Male,7,2026-02-12,2026-02-13,recovered
9062,35,Other,7,2026-02-27,2026-03-02,recovered
9063,71,Female,7,2026-02-18,2026-02-20,referred
9064,51,Other,7,2026-02-15,2026-02-18,ongoing
9065,62,Male,7,2026-02-02,2026-02-04,referred
9066,60,Male,7,2026-02-03,2026-02-05,ongoing
9067,43,Male,7,2026-02-23,2026-02-25,deceased
9068,53,Female,7,2026-02-25,2026-02-26,ongoing
9069,49,Female,7,2026-02-14,2026-02-15,recovered
9070,48,Female,7,2026-02-03,2026-02-05,recovered
9071,53,Female,7,2026-02-11,2026-02-12,deceased
9072,33,Other,7,2026-02-13,2026-02-14,recovered
9073,44,Female,7,2026-02-03,2026-02-06,recovered
9074,37,Female,7,2026-02-27,2026-03-02,recovered
9075,60,Female,7,2026-02-13,2026-02-14,recovered
9076,50,Female,7,2026-02-04,2026-02-05,recovered
9077,30,Male,7,2026-02-23,2026-02-24,recovered
9078,34,Male,7,2026-02-24,2026-02-25,deceased
9079,36,Other,7,2026-02-04,2026-02-06,recovered
9080,35,Male,7,2026-02-20,2026-02-22,recovered
9081,50,Female,7,2026-02-27,2026-03-01,deceased
9082,32,Male,7,2026-02-26,2026-02-27,recovered
9083,47,Male,7,2026-02-26,2026-02-27,recovered
9084,62,Male,7,2026-02-26,2026-02-27,recovered
9085,43,Female,7,2026-02-09,2026-02-10,deceased
9086,42,Female,7,2026-02-17,2026-02-19,recovered
9087,26,Male,7,2026-02-04,2026-02-05,recovered
9088,56,Female,7,2026-02-10,2026-02-12,recovered
9089,40,Other,7,2026-02-15,2026-02-16,recovered
9090,64,Female,7,2026-02-12,2026-02-14,recovered
9091,38,Other,7,2026-02-07,2026-02-08,ongoing
9092,19,Male,7,2026-02-28,2026-03-02,recovered
9093,39,Other,7,2026-02-13,2026-02-16,ongoing
9094,58,Other,7,2026-02-23,2026-02-26,ongoing
9095,27,Female,7,2026-02-26,2026-02-28,recovered
9096,57,Male,7,2026-02-16,2026-02-19,deceased
9097,43,Male,7,2026-02-04,2026-02-05,recovered
9098,66,Other,7,2026-02-10,2026-02-12,recovered
9099,59,Male,7,2026-02-12,2026-02-14,referred
9100,41,Female,7,2026-02-07,2026-02-08,deceased
9101,18,Female,7,2026-02-23,2026-02-24,recovered
9102,31,Male,7,2026-02-20,2026-02-21,referred
9103,20,Female,7,2026-02-02,2026-02-04,recovered
9104,48,Male,7,2026-02-01,2026-02-03,recovered
9105,38,Male,7,2026-03-03,2026-03-04,recovered
9106,50,Female,7,2026-03-04,2026-03-06,recovered
9107,72,Male,7,2026-03-18,2026-03-19,recovered
9108,62,Female,7,2026-03-06,2026-03-07,recovered
9109,29,Male,7,2026-03-16,2026-03-18,recovered
9110,64,Male,7,2026-03-01,2026-03-02,referred
9111,71,Male,7,2026-03-25,2026-03-27,deceased
9112,32,Male,7,2026-03-05,2026-03-07,referred
9113,48,Male,7,2026-03-28,2026-03-29,recovered
9114,38,Male,7,2026-03-04,2026-03-05,recovered
9115,60,Male,7,2026-03-09,2026-03-11,deceased
9116,74,Female,7,2026-03-04,2026-03-05,recovered
9117,51,Other,7,2026-03-10,2026-03-12,recovered
9118,42,Male,7,2026-03-05,2026-03-06,referred
9119,50,Male,7,2026-03-14,2026-03-16,deceased
9120,40,Other,7,2026-03-03,2026-03-04,recovered
9121,12,Other,7,2026-03-13,2026-03-14,deceased
9122,41,Male,7,2026-03-12,2026-03-13,ongoing
9123,57,Male,7,2026-03-05,2026-03-06,recovered
9124,38,Female,7,2026-03-03,2026-03-05,recovered
9125,56,Male,7,2026-03-14,2026-03-15,recovered
9126,73,Other,7,2026-03-25,2026-03-27,deceased
9127,56,Male,7,2026-03-11,2026-03-12,recovered
9128,47,Female,7,2026-03-04,2026-03-06,recovered
9129,48,Female,7,2026-03-21,2026-03-22,referred
9130,64,Male,7,2026-03-26,2026-03-27,deceased
9131,26,Male,7,2026-03-22,2026-03-23,referred
9132,45,Other,7,2026-03-16,2026-03-18,deceased
9133,32,Male,7,2026-03-22,2026-03-24,ongoing
9134,48,Female,7,2026-03-26,2026-03-28,recovered
9135,36,Male,7,2026-03-09,2026-03-10,referred
9136,28,Female,7,2026-03-10,2026-03-12,recovered
9137,51,Other,7,2026-03-08,2026-03-09,recovered
9138,83,Other,7,2026-03-08,2026-03-09,recovered
9139,24,Female,7,2026-03-02,2026-03-03,deceased
9140,55,Male,7,2026-03-12,2026-03-14,referred
9141,18,Male,7,2026-03-26,2026-03-28,recovered
9142,47,Female,7,2026-03-01,2026-03-03,recovered
9143,44,Other,7,2026-03-01,2026-03-02,recovered
9144,28,Female,7,2026-03-18,2026-03-20,recovered
9145,39,Male,7,2026-03-21,2026-03-22,recovered
9146,39,Male,7,2026-03-24,2026-03-26,recovered
9147,51,Male,7,2026-03-20,2026-03-21,ongoing
9148,41,Female,7,2026-03-09,2026-03-10,recovered
9149,37,Other,7,2026-03-13,2026-03-15,ongoing
9150,50,Male,7,2026-03-21,2026-03-23,recovered
9151,59,Male,7,2026-03-14,2026-03-17,recovered
9152,55,Female,7,2026-03-26,2026-03-28,recovered
9153,27,Male,7,2026-03-24,2026-03-26,ongoing
9154,22,Male,7,2026-03-18,2026-03-21,recovered
9155,50,Male,7,2026-03-17,2026-03-19,recovered
9156,48,Female,7,2026-03-19,2026-03-20,ongoing
9157,51,Male,7,2026-03-05,2026-03-07,recovered
9158,38,Female,7,2026-03-11,2026-03-12,recovered
9159,35,Other,7,2026-03-12,2026-03-13,deceased
9160,21,Female,7,2026-03-12,2026-03-15,recovered
9161,38,Male,7,2026-03-14,2026-03-15,recovered
9162,46,Female,7,2026-03-07,2026-03-08,recovered
9163,48,Female,7,2026-03-21,2026-03-23,recovered
9164,53,Male,7,2026-03-23,2026-03-25,recovered
9165,61,Male,7,2026-03-26,2026-03-27,ongoing
9166,32,Female,7,2026-03-09,2026-03-10,ongoing
9167,44,Other,7,2026-03-08,2026-03-10,recovered
9168,57,Other,7,2026-03-03,2026-03-05,recovered
9169,64,Other,7,2026-03-05,2026-03-06,recovered
9170,42,Male,7,2026-03-22,2026-03-25,recovered
9171,45,Other,7,2026-03-28,2026-03-31,recovered
9172,44,Other,7,2026-03-12,2026-03-14,recovered
9173,62,Female,7,2026-03-16,2026-03-18,recovered
9174,41,Female,7,2026-03-22,2026-03-24,recovered
9175,35,Male,7,2026-03-15,2026-03-17,recovered
9176,47,Male,7,2026-03-22,2026-03-24,recovered
9177,45,Male,7,2026-03-19,2026-03-20,recovered
9178,51,Male,7,2026-03-21,2026-03-22,recovered
9179,29,Male,7,2026-03-16,2026-03-17,recovered
9180,61,Other,7,2026-03-28,2026-03-29,recovered
9181,53,Male,7,2026-03-17,2026-03-19,recovered
9182,25,Female,7,2026-03-07,2026-03-08,recovered
9183,59,Female,7,2026-03-08,2026-03-10,ongoing
9184,35,Female,7,2026-03-25,2026-03-26,recovered
9185,42,Other,7,2026-03-25,2026-03-27,deceased
9186,33,Female,7,2026-03-27,2026-03-28,recovered
9187,31,Other,7,2026-03-17,2026-03-20,recovered
9188,39,Male,7,2026-03-16,2026-03-18,recovered
9189,60,Female,7,2026-03-04,2026-03-05,recovered
9190,39,Male,7,2026-03-21,2026-03-22,ongoing
9191,32,Other,7,2026-03-26,2026-03-28,recovered
9192,49,Other,7,2026-03-03,2026-03-06,recovered
9193,22,Female,7,2026-03-09,2026-03-11,ongoing
9194,38,Male,7,2026-03-01,2026-03-02,referred
9195,50,Male,7,2026-03-15,2026-03-17,recovered
9196,29,Male,7,2026-03-26,2026-03-27,referred
9197,35,Male,7,2026-03-09,2026-03-11,recovered
9198,51,Female,7,2026-03-10,2026-03-11,recovered
9199,46,Other,7,2026-03-01,2026-03-02,ongoing
9200,57,Male,7,2026-03-05,2026-03-07,ongoing
9201,56,Other,7,2026-03-24,2026-03-25,deceased
9202,56,Female,7,2026-03-06,2026-03-08,ongoing
9203,64,Other,7,2026-03-11,2026-03-12,recovered
9204,35,Other,7,2026-03-16,2026-03-18,deceased
9205,23,Female,7,2026-03-06,2026-03-09,recovered
9206,42,Female,7,2026-03-03,2026-03-06,deceased
9207,63,Female,7,2026-03-10,2026-03-11,recovered
9208,28,Male,7,2026-03-24,2026-03-25,recovered
9209,48,Female,7,2026-03-14,2026-03-15,recovered
9210,42,Male,7,2026-03-25,2026-03-28,recovered
9211,57,Male,7,2026-03-19,2026-03-21,recovered
9212,50,Female,7,2026-03-19,2026-03-20,recovered
9213,46,Female,7,2026-03-20,2026-03-21,recovered
9214,51,Female,7,2026-03-22,2026-03-23,recovered
9215,22,Female,7,2026-03-20,2026-03-21,recovered
9216,49,Female,7,2026-03-19,2026-03-21,recovered
9217,37,Male,7,2026-03-14,2026-03-15,recovered
9218,43,Male,7,2026-03-10,2026-03-13,ongoing
9219,48,Female,7,2026-03-05,2026-03-06,deceased
9220,49,Male,7,2026-03-09,2026-03-10,recovered
9221,43,Female,7,2026-03-10,2026-03-11,recovered
9222,60,Male,7,2026-03-26,2026-03-29,deceased
9223,53,Other,7,2026-03-14,2026-03-17,recovered
9224,29,Female,7,2026-03-11,2026-03-13,recovered
9225,27,Female,7,2026-03-26,2026-03-29,recovered
9226,51,Female,7,2026-03-27,2026-03-28,referred
9227,35,Other,7,2026-03-24,2026-03-25,recovered
9228,58,Male,7,2026-03-28,2026-03-29,recovered
9229,25,Female,7,2026-03-18,2026-03-19,ongoing
9230,30,Male,7,2026-03-28,2026-03-30,recovered
9231,58,Other,7,2026-03-11,2026-03-12,deceased
9232,40,Female,7,2026-03-03,2026-03-05,recovered
9233,56,Male,7,2026-03-10,2026-03-13,referred
9234,47,Male,7,2026-03-12,2026-03-15,referred
9235,5,Male,7,2026-03-22,2026-03-23,ongoing
9236,48,Male,7,2026-03-26,2026-03-27,referred
9237,50,Other,7,2026-03-13,2026-03-15,referred
9238,27,Male,7,2026-03-08,2026-03-09,recovered
9239,48,Male,7,2026-03-08,2026-03-10,recovered
9240,40,Male,7,2026-03-24,2026-03-26,recovered
9241,21,Male,7,2026-03-21,2026-03-23,recovered
9242,33,Male,7,2026-03-12,2026-03-13,recovered
9243,47,Male,7,2026-03-02,2026-03-03,referred
9244,42,Male,7,2026-03-14,2026-03-15,recovered
9245,35,Other,7,2026-03-20,2026-03-21,deceased
9246,43,Male,7,2026-03-15,2026-03-16,recovered
9247,58,Female,7,2026-03-01,2026-03-02,deceased
9248,34,Female,7,2026-03-10,2026-03-11,recovered
9249,52,Male,7,2026-03-15,2026-03-16,referred
9250,49,Male,7,2026-03-16,2026-03-18,recovered
9251,41,Female,7,2026-03-17,2026-03-18,recovered
9252,39,Male,7,2026-03-06,2026-03-08,recovered
9253,36,Male,7,2026-03-18,2026-03-20,recovered
9254,53,Male,7,2026-03-08,2026-03-09,recovered
9255,58,Male,7,2026-03-28,2026-03-30,recovered
9256,26,Male,7,2026-03-21,2026-03-22,recovered
9257,47,Female,7,2026-03-26,2026-03-28,recovered
9258,23,Male,7,2026-03-27,2026-03-29,referred
9259,63,Female,7,2026-03-02,2026-03-04,referred
9260,30,Female,7,2026-03-08,2026-03-09,recovered
9261,22,Male,7,2026-03-16,2026-03-17,recovered
9262,71,Male,7,2026-03-17,2026-03-18,recovered
9263,40,Other,7,2026-03-13,2026-03-15,ongoing
9264,67,Male,7,2026-03-25,2026-03-26,recovered
9265,56,Male,7,2026-03-22,2026-03-24,deceased
9266,70,Female,7,2026-03-03,2026-03-05,deceased
9267,41,Male,7,2026-03-15,2026-03-17,deceased
9268,66,Other,7,2026-03-16,2026-03-19,deceased
9269,25,Male,7,2026-03-23,2026-03-24,ongoing
9270,34,Male,7,2026-03-03,2026-03-05,deceased
9271,59,Male,7,2026-03-10,2026-03-13,recovered
9272,35,Male,7,2026-03-01,2026-03-03,recovered
9273,51,Female,7,2026-03-11,2026-03-13,recovered
9274,37,Male,7,2026-03-26,2026-03-28,ongoing
9275,27,Female,7,2026-03-24,2026-03-26,deceased
9276,44,Female,7,2026-03-08,2026-03-10,recovered
9277,17,Female,7,2026-03-26,2026-03-27,ongoing
9278,31,Male,7,2026-03-02,2026-03-03,deceased
9279,20,Female,7,2026-03-05,2026-03-06,recovered
9280,34,Other,7,2026-03-14,2026-03-15,ongoing
9281,31,Female,7,2026-03-15,2026-03-16,referred
9282,50,Other,7,2026-03-13,2026-03-15,recovered
9283,49,Female,7,2026-03-19,2026-03-20,deceased
9284,56,Other,7,2026-03-09,2026-03-10,referred
9285,55,Other,7,2026-03-21,2026-03-23,recovered
9286,54,Male,7,2026-03-28,2026-03-31,ongoing
9287,45,Other,7,2026-03-26,2026-03-27,recovered
9288,30,Female,7,2026-03-01,2026-03-03,referred
9289,58,Female,7,2026-03-26,2026-03-27,recovered
9290,33,Male,7,2026-03-02,2026-03-04,deceased
9291,20,Male,7,2026-03-15,2026-03-17,recovered
9292,47,Female,7,2026-03-02,2026-03-03,deceased
9293,51,Male,7,2026-03-28,2026-03-29,referred
9294,41,Male,7,2026-03-01,2026-03-03,recovered
9295,41,Other,7,2026-03-10,2026-03-11,referred
9296,63,Male,7,2026-03-20,2026-03-22,recovered
9297,16,Female,7,2026-03-26,2026-03-27,recovered
9298,75,Male,7,2026-03-09,2026-03-12,referred
9299,38,Female,7,2026-03-18,2026-03-19,recovered
9300,55,Female,7,2026-03-27,2026-03-30,recovered
9301,31,Male,7,2026-03-08,2026-03-10,referred
9302,11,Other,7,2026-03-11,2026-03-12,recovered
9303,41,Female,7,2026-03-07,2026-03-09,recovered
9304,37,Female,7,2026-03-17,2026-03-19,recovered
9305,32,Female,7,2026-03-13,2026-03-15,recovered
9306,20,Male,7,2026-03-23,2026-03-25,deceased
9307,72,Female,7,2026-03-28,2026-03-29,recovered
9308,19,Female,7,2026-03-08,2026-03-09,deceased
9309,47,Female,7,2026-03-20,2026-03-22,recovered
9310,36,Male,7,2026-03-22,2026-03-24,ongoing
9311,49,Male,7,2026-03-06,2026-03-08,recovered
9312,11,Male,7,2026-03-23,2026-03-24,recovered
9313,49,Female,7,2026-03-20,2026-03-22,recovered
9314,31,Female,7,2026-03-16,2026-03-18,referred
9315,43,Male,7,2026-03-17,2026-03-18,ongoing
9316,51,Female,7,2026-03-03,2026-03-05,recovered
9317,31,Female,7,2026-03-22,2026-03-23,deceased
9318,67,Female,7,2026-03-06,2026-03-07,recovered
9319,35,Other,7,2026-03-02,2026-03-03,recovered
9320,37,Other,7,2026-03-17,2026-03-18,ongoing
9321,40,Other,7,2026-03-05,2026-03-06,recovered
9322,45,Male,7,2026-03-07,2026-03-08,deceased
9323,65,Female,7,2026-03-24,2026-03-26,recovered
9324,70,Female,7,2026-03-08,2026-03-09,ongoing
9325,45,Male,7,2026-03-28,2026-03-30,recovered
9326,34,Female,7,2026-03-18,2026-03-19,referred
9327,60,Male,7,2026-03-19,2026-03-21,referred
9328,34,Male,7,2026-03-23,2026-03-24,recovered
9329,50,Female,7,2026-03-09,2026-03-10,ongoing
9330,47,Male,7,2026-03-15,2026-03-18,recovered
9331,39,Male,7,2026-03-14,2026-03-17,referred
9332,41,Female,7,2026-03-05,2026-03-06,deceased
9333,76,Male,7,2026-03-08,2026-03-10,ongoing
9334,24,Female,7,2026-03-13,2026-03-16,referred
9335,51,Male,7,2026-03-19,2026-03-20,deceased
9336,76,Female,7,2026-03-07,2026-03-09,referred
9337,59,Male,7,2026-03-16,2026-03-17,recovered
9338,28,Female,7,2026-03-17,2026-03-19,recovered
9339,46,Male,7,2026-03-16,2026-03-18,recovered
9340,63,Female,7,2026-03-24,2026-03-25,deceased
9341,60,Female,7,2026-03-15,2026-03-17,ongoing
9342,62,Female,7,2026-03-07,2026-03-09,recovered
9343,51,Female,7,2026-03-12,2026-03-13,recovered
9344,34,Female,7,2026-03-15,2026-03-17,recovered
9345,31,Other,7,2026-03-28,2026-03-30,recovered
9346,30,Female,7,2026-03-23,2026-03-24,ongoing
9347,40,Female,7,2026-03-23,2026-03-24,referred
9348,27,Other,7,2026-03-17,2026-03-19,ongoing
9349,25,Other,7,2026-03-27,2026-03-28,recovered
9350,31,Female,7,2026-03-15,2026-03-16,recovered
9351,15,Male,7,2026-03-09,2026-03-11,recovered
9352,37,Female,7,2026-03-10,2026-03-11,referred
9353,51,Other,7,2026-03-28,2026-03-30,deceased
9354,56,Male,7,2026-03-13,2026-03-14,recovered
9355,48,Male,7,2026-03-24,2026-03-25,recovered
9356,64,Male,7,2026-03-01,2026-03-02,recovered
9357,38,Male,7,2026-03-23,2026-03-25,recovered
9358,46,Male,7,2026-03-20,2026-03-22,recovered
9359,6,Female,7,2026-03-26,2026-03-28,recovered
9360,55,Male,7,2026-03-12,2026-03-13,recovered
9361,48,Male,7,2026-03-20,2026-03-21,ongoing
9362,33,Male,7,2026-03-07,2026-03-08,referred
9363,53,Male,7,2026-03-03,2026-03-04,recovered
9364,52,Female,7,2026-03-13,2026-03-14,recovered
9365,48,Male,7,2026-03-27,2026-03-28,referred
9366,46,Other,7,2026-03-23,2026-03-24,recovered
9367,31,Male,7,2026-03-03,2026-03-06,deceased
9368,49,Male,7,2026-03-16,2026-03-19,recovered
9369,30,Female,7,2026-03-04,2026-03-06,recovered
9370,1,Other,7,2026-03-15,2026-03-16,recovered
9371,69,Male,7,2026-03-26,2026-03-28,recovered
9372,52,Male,7,2026-03-22,2026-03-24,ongoing
9373,66,Other,7,2026-03-06,2026-03-07,ongoing
9374,56,Female,7,2026-03-28,2026-03-29,referred
9375,45,Male,7,2026-03-22,2026-03-24,recovered
9376,45,Male,7,2026-03-17,2026-03-18,deceased
9377,48,Male,7,2026-03-23,2026-03-25,deceased
9378,43,Male,7,2026-03-03,2026-03-06,recovered
9379,55,Female,7,2026-03-11,2026-03-13,recovered
9380,47,Male,7,2026-03-03,2026-03-05,deceased
9381,42,Male,7,2026-03-02,2026-03-05,referred
9382,49,Male,7,2026-03-08,2026-03-11,ongoing
9383,73,Female,7,2026-03-11,2026-03-13,recovered
9384,26,Female,7,2026-03-27,2026-03-30,recovered
9385,51,Male,7,2026-03-20,2026-03-22,deceased
9386,25,Female,7,2026-03-25,2026-03-27,ongoing
9387,50,Other,7,2026-03-14,2026-03-15,deceased
9388,36,Male,7,2026-03-11,2026-03-12,recovered
9389,43,Female,7,2026-03-12,2026-03-13,deceased
9390,53,Female,7,2026-03-09,2026-03-11,ongoing
9391,40,Male,7,2026-03-09,2026-03-11,deceased
9392,32,Male,7,2026-03-24,2026-03-26,deceased
9393,44,Female,7,2026-03-09,2026-03-11,recovered
9394,37,Other,7,2026-03-26,2026-03-27,ongoing
9395,35,Other,7,2026-03-27,2026-03-29,recovered
9396,53,Male,7,2026-03-03,2026-03-05,recovered
9397,52,Other,7,2026-03-16,2026-03-17,recovered
9398,58,Male,7,2026-03-28,2026-03-31,recovered
9399,54,Male,7,2026-03-09,2026-03-11,referred
9400,51,Male,7,2026-03-05,2026-03-07,deceased
9401,26,Other,7,2026-03-05,2026-03-07,ongoing
9402,45,Male,7,2026-04-12,2026-04-14,recovered
9403,30,Female,7,2026-04-27,2026-04-28,deceased
9404,51,Male,7,2026-04-06,2026-04-07,ongoing
9405,47,Other,7,2026-04-15,2026-04-16,referred
9406,48,Female,7,2026-04-17,2026-04-18,deceased
9407,32,Female,7,2026-04-01,2026-04-02,referred
9408,56,Other,7,2026-04-01,2026-04-02,recovered
9409,35,Female,7,2026-04-09,2026-04-10,ongoing
9410,56,Female,7,2026-04-24,2026-04-26,recovered
9411,40,Male,7,2026-04-14,2026-04-16,deceased
9412,34,Male,7,2026-04-15,2026-04-17,recovered
9413,40,Female,7,2026-04-01,2026-04-03,recovered
9414,47,Other,7,2026-04-25,2026-04-28,recovered
9415,59,Female,7,2026-04-01,2026-04-04,ongoing
9416,36,Male,7,2026-04-10,2026-04-13,recovered
9417,23,Female,7,2026-04-14,2026-04-15,deceased
9418,23,Female,7,2026-04-02,2026-04-03,recovered
9419,41,Female,7,2026-04-23,2026-04-24,ongoing
9420,21,Other,7,2026-04-25,2026-04-26,deceased
9421,63,Female,7,2026-04-04,2026-04-05,recovered
9422,46,Female,7,2026-04-12,2026-04-13,referred
9423,36,Female,7,2026-04-12,2026-04-14,recovered
9424,43,Other,7,2026-04-26,2026-04-28,referred
9425,43,Other,7,2026-04-19,2026-04-20,ongoing
9426,41,Male,7,2026-04-26,2026-04-27,referred
9427,47,Other,7,2026-04-15,2026-04-17,deceased
9428,27,Female,7,2026-04-18,2026-04-19,referred
9429,45,Male,7,2026-04-25,2026-04-26,ongoing
9430,21,Male,7,2026-04-07,2026-04-08,deceased
9431,54,Male,7,2026-04-18,2026-04-20,deceased
9432,57,Female,7,2026-04-03,2026-04-05,referred
9433,37,Male,7,2026-04-02,2026-04-04,recovered
9434,50,Other,7,2026-04-12,2026-04-15,recovered
9435,55,Female,7,2026-04-20,2026-04-21,deceased
9436,55,Female,7,2026-04-03,2026-04-04,recovered
9437,49,Female,7,2026-04-19,2026-04-20,deceased
9438,33,Male,7,2026-04-24,2026-04-25,recovered
9439,57,Female,7,2026-04-25,2026-04-26,recovered
9440,43,Other,7,2026-04-05,2026-04-07,recovered
9441,44,Other,7,2026-04-06,2026-04-07,recovered
9442,49,Male,7,2026-04-13,2026-04-15,ongoing
9443,67,Other,7,2026-04-15,2026-04-17,recovered
9444,34,Other,7,2026-04-04,2026-04-06,recovered
9445,62,Male,7,2026-04-21,2026-04-23,referred
9446,30,Male,7,2026-04-01,2026-04-02,ongoing
9447,79,Female,7,2026-04-10,2026-04-12,deceased
9448,43,Other,7,2026-04-23,2026-04-25,recovered
9449,44,Male,7,2026-04-01,2026-04-03,deceased
9450,49,Male,7,2026-04-21,2026-04-23,referred
9451,56,Male,7,2026-04-18,2026-04-20,recovered
9452,29,Female,7,2026-04-09,2026-04-11,recovered
9453,55,Other,7,2026-04-12,2026-04-14,recovered
9454,45,Male,7,2026-04-21,2026-04-23,referred
9455,59,Female,7,2026-04-18,2026-04-20,recovered
9456,50,Male,7,2026-04-21,2026-04-23,recovered
9457,44,Female,7,2026-04-28,2026-04-29,recovered
9458,51,Male,7,2026-04-22,2026-04-25,recovered
9459,50,Other,7,2026-04-21,2026-04-23,ongoing
9460,40,Male,7,2026-04-11,2026-04-14,recovered
9461,22,Other,7,2026-04-16,2026-04-17,recovered
9462,38,Male,7,2026-04-06,2026-04-08,recovered
9463,21,Female,7,2026-04-06,2026-04-08,recovered
9464,44,Female,7,2026-04-12,2026-04-13,recovered
9465,57,Male,7,2026-04-12,2026-04-14,deceased
9466,42,Male,7,2026-04-12,2026-04-15,recovered
9467,39,Female,7,2026-04-11,2026-04-12,ongoing
9468,46,Male,7,2026-04-17,2026-04-19,recovered
9469,51,Male,7,2026-04-24,2026-04-25,ongoing
9470,70,Other,7,2026-04-21,2026-04-22,recovered
9471,47,Male,7,2026-04-12,2026-04-14,referred
9472,39,Male,7,2026-04-27,2026-04-28,referred
9473,43,Male,7,2026-04-02,2026-04-05,recovered
9474,32,Female,7,2026-04-19,2026-04-21,recovered
9475,24,Female,7,2026-04-26,2026-04-28,deceased
9476,48,Other,7,2026-04-25,2026-04-26,ongoing
9477,19,Female,7,2026-04-09,2026-04-10,recovered
9478,43,Male,7,2026-04-19,2026-04-22,recovered
9479,80,Male,7,2026-04-28,2026-04-29,recovered
9480,56,Male,7,2026-04-07,2026-04-08,recovered
9481,57,Female,7,2026-04-03,2026-04-04,recovered
9482,22,Male,7,2026-04-07,2026-04-09,ongoing
9483,29,Male,7,2026-04-03,2026-04-04,ongoing
9484,81,Female,7,2026-04-08,2026-04-10,ongoing
9485,36,Female,7,2026-04-10,2026-04-12,recovered
9486,48,Male,7,2026-04-22,2026-04-24,referred
9487,65,Other,7,2026-04-10,2026-04-13,deceased
9488,40,Female,7,2026-04-09,2026-04-10,ongoing
9489,61,Male,7,2026-04-25,2026-04-26,recovered
9490,48,Female,7,2026-04-10,2026-04-11,deceased
9491,56,Other,7,2026-04-21,2026-04-24,ongoing
9492,54,Female,7,2026-04-16,2026-04-18,recovered
9493,46,Female,7,2026-04-22,2026-04-24,deceased
9494,46,Female,7,2026-04-27,2026-04-28,referred
9495,45,Other,7,2026-04-17,2026-04-19,recovered
9496,38,Male,7,2026-04-01,2026-04-03,recovered
9497,36,Male,7,2026-04-20,2026-04-22,recovered
9498,31,Female,7,2026-04-01,2026-04-03,deceased
9499,33,Other,7,2026-04-27,2026-04-29,recovered
9500,50,Female,7,2026-04-15,2026-04-16,referred
9501,43,Female,7,2026-04-05,2026-04-06,referred
9502,30,Female,7,2026-04-17,2026-04-19,recovered
9503,22,Female,7,2026-04-14,2026-04-16,recovered
9504,72,Other,7,2026-04-17,2026-04-18,deceased
9505,50,Male,7,2026-04-17,2026-04-20,ongoing
9506,51,Other,7,2026-04-15,2026-04-16,deceased
9507,40,Female,7,2026-04-19,2026-04-21,recovered
9508,60,Female,7,2026-04-04,2026-04-06,recovered
9509,26,Female,7,2026-04-04,2026-04-05,deceased
9510,44,Other,7,2026-04-07,2026-04-08,referred
9511,28,Other,7,2026-04-06,2026-04-08,ongoing
9512,22,Female,7,2026-04-13,2026-04-14,deceased
9513,15,Male,7,2026-04-13,2026-04-15,recovered
9514,44,Male,7,2026-04-16,2026-04-18,referred
9515,54,Female,7,2026-04-28,2026-04-29,recovered
9516,62,Female,7,2026-04-17,2026-04-20,ongoing
9517,38,Male,7,2026-04-25,2026-04-26,recovered
9518,47,Female,7,2026-04-22,2026-04-24,ongoing
9519,57,Other,7,2026-04-15,2026-04-16,recovered
9520,56,Male,7,2026-04-09,2026-04-11,ongoing
9521,32,Male,7,2026-04-18,2026-04-21,ongoing
9522,62,Male,7,2026-04-15,2026-04-17,deceased
9523,58,Female,7,2026-04-26,2026-04-29,recovered
9524,35,Male,7,2026-04-14,2026-04-17,ongoing
9525,23,Female,7,2026-04-13,2026-04-16,recovered
9526,50,Female,7,2026-04-02,2026-04-03,recovered
9527,39,Female,7,2026-04-22,2026-04-25,referred
9528,32,Male,7,2026-04-24,2026-04-25,recovered
9529,28,Male,7,2026-04-21,2026-04-23,recovered
9530,36,Female,7,2026-04-21,2026-04-22,referred
9531,40,Female,7,2026-04-18,2026-04-19,referred
9532,31,Female,7,2026-04-25,2026-04-26,recovered
9533,42,Other,7,2026-04-04,2026-04-05,recovered
9534,17,Male,7,2026-04-01,2026-04-02,recovered
9535,12,Male,7,2026-04-26,2026-04-29,recovered
9536,47,Female,7,2026-04-21,2026-04-23,referred
9537,62,Female,7,2026-04-03,2026-04-04,referred
9538,75,Female,7,2026-04-11,2026-04-12,recovered
9539,41,Female,7,2026-04-16,2026-04-18,recovered
9540,66,Other,7,2026-04-27,2026-04-28,recovered
9541,49,Other,7,2026-04-15,2026-04-16,recovered
9542,33,Male,7,2026-04-14,2026-04-15,ongoing
9543,57,Male,7,2026-04-10,2026-04-12,referred
9544,38,Male,7,2026-04-13,2026-04-14,deceased
9545,32,Female,7,2026-04-04,2026-04-05,recovered
9546,49,Female,7,2026-04-04,2026-04-06,ongoing
9547,28,Male,7,2026-04-22,2026-04-23,recovered
9548,53,Female,7,2026-04-22,2026-04-24,recovered
9549,32,Other,7,2026-04-11,2026-04-13,recovered
9550,51,Female,7,2026-04-19,2026-04-21,recovered
9551,28,Male,7,2026-04-05,2026-04-08,recovered
9552,53,Male,7,2026-04-22,2026-04-23,deceased
9553,30,Female,7,2026-04-09,2026-04-10,ongoing
9554,43,Other,7,2026-04-14,2026-04-16,recovered
9555,53,Other,7,2026-04-08,2026-04-10,ongoing
9556,21,Male,7,2026-04-13,2026-04-14,referred
9557,31,Other,7,2026-04-09,2026-04-10,recovered
9558,44,Male,7,2026-04-14,2026-04-17,recovered
9559,25,Male,7,2026-04-12,2026-04-13,ongoing
9560,45,Male,7,2026-04-10,2026-04-11,referred
9561,32,Female,7,2026-04-10,2026-04-12,recovered
9562,38,Female,7,2026-04-21,2026-04-22,recovered
9563,53,Male,7,2026-04-02,2026-04-04,deceased
9564,56,Male,7,2026-04-13,2026-04-15,ongoing
9565,39,Other,7,2026-04-26,2026-04-27,deceased
9566,67,Other,7,2026-04-03,2026-04-04,recovered
9567,54,Male,7,2026-04-14,2026-04-15,recovered
9568,29,Female,7,2026-04-11,2026-04-14,recovered
9569,65,Female,7,2026-04-02,2026-04-03,recovered
9570,27,Female,7,2026-04-21,2026-04-23,referred
9571,40,Male,7,2026-04-10,2026-04-12,referred
9572,38,Female,7,2026-04-11,2026-04-12,recovered
9573,16,Female,7,2026-04-22,2026-04-24,referred
9574,31,Female,7,2026-04-27,2026-04-28,deceased
9575,33,Female,7,2026-04-07,2026-04-08,ongoing
9576,52,Female,7,2026-04-04,2026-04-05,recovered
9577,34,Male,7,2026-04-21,2026-04-23,deceased
9578,25,Male,7,2026-04-04,2026-04-06,recovered
9579,52,Male,7,2026-04-22,2026-04-25,recovered
9580,45,Female,7,2026-04-14,2026-04-15,recovered
9581,44,Other,7,2026-04-14,2026-04-17,referred
9582,56,Female,7,2026-04-10,2026-04-12,recovered
9583,31,Male,7,2026-04-05,2026-04-08,deceased
9584,18,Male,7,2026-04-11,2026-04-14,recovered
9585,44,Female,7,2026-04-16,2026-04-18,recovered
9586,50,Other,7,2026-04-06,2026-04-08,recovered
9587,77,Other,7,2026-04-07,2026-04-09,referred
9588,41,Other,7,2026-04-16,2026-04-17,referred
9589,32,Female,7,2026-04-18,2026-04-20,recovered
9590,73,Male,7,2026-04-09,2026-04-11,recovered
9591,66,Female,7,2026-04-06,2026-04-09,deceased
9592,40,Male,7,2026-04-08,2026-04-09,recovered
9593,64,Female,7,2026-04-09,2026-04-11,ongoing
9594,47,Male,7,2026-04-16,2026-04-17,recovered
9595,48,Female,7,2026-04-21,2026-04-23,ongoing
9596,67,Female,7,2026-04-23,2026-04-24,ongoing
9597,62,Male,7,2026-04-14,2026-04-17,referred
9598,34,Female,7,2026-04-02,2026-04-03,recovered
9599,36,Male,7,2026-04-05,2026-04-06,ongoing
9600,34,Other,7,2026-04-16,2026-04-17,recovered
9601,63,Female,7,2026-04-22,2026-04-24,recovered
9602,59,Male,7,2026-04-21,2026-04-24,recovered
9603,34,Female,7,2026-04-02,2026-04-04,ongoing
9604,48,Other,7,2026-04-17,2026-04-18,recovered
9605,44,Other,7,2026-04-03,2026-04-04,recovered
9606,51,Male,7,2026-04-14,2026-04-15,ongoing
9607,73,Female,7,2026-04-16,2026-04-19,recovered
9608,54,Male,7,2026-04-17,2026-04-19,recovered
9609,29,Male,7,2026-04-21,2026-04-22,deceased
9610,38,Male,7,2026-04-28,2026-04-30,recovered
9611,37,Male,7,2026-04-09,2026-04-11,referred
9612,55,Female,7,2026-04-05,2026-04-08,recovered
9613,41,Female,7,2026-04-07,2026-04-10,referred
9614,65,Male,7,2026-04-01,2026-04-03,recovered
9615,64,Other,7,2026-04-28,2026-04-30,recovered
9616,54,Female,7,2026-04-20,2026-04-22,recovered
9617,51,Male,7,2026-04-15,2026-04-17,ongoing
9618,15,Female,7,2026-04-01,2026-04-03,referred
9619,49,Male,7,2026-04-24,2026-04-26,deceased
9620,51,Male,7,2026-04-03,2026-04-04,referred
9621,42,Male,7,2026-04-05,2026-04-06,recovered
9622,40,Other,7,2026-04-25,2026-04-27,ongoing
9623,10,Male,7,2026-04-19,2026-04-20,recovered
9624,52,Male,7,2026-04-02,2026-04-03,recovered
9625,65,Female,7,2026-04-01,2026-04-03,recovered
9626,38,Female,7,2026-04-13,2026-04-15,recovered
9627,44,Female,7,2026-04-13,2026-04-14,recovered
9628,64,Female,7,2026-04-14,2026-04-15,recovered
9629,34,Female,7,2026-04-25,2026-04-27,recovered
9630,43,Female,7,2026-04-16,2026-04-18,recovered
9631,25,Female,7,2026-04-20,2026-04-23,referred
9632,45,Other,7,2026-04-21,2026-04-22,ongoing
9633,50,Male,7,2026-04-14,2026-04-16,deceased
9634,61,Male,7,2026-04-17,2026-04-18,recovered
9635,50,Female,7,2026-04-04,2026-04-06,ongoing
9636,29,Other,7,2026-04-12,2026-04-13,recovered
9637,52,Male,7,2026-04-17,2026-04-18,recovered
9638,24,Male,7,2026-04-14,2026-04-16,recovered
9639,37,Male,7,2026-04-11,2026-04-13,recovered
9640,41,Female,7,2026-04-28,2026-04-30,recovered
9641,44,Female,7,2026-04-12,2026-04-14,recovered
9642,36,Female,7,2026-04-21,2026-04-22,recovered
9643,29,Male,7,2026-04-26,2026-04-28,recovered
9644,25,Female,7,2026-04-03,2026-04-05,referred
9645,31,Female,7,2026-04-04,2026-04-06,recovered
9646,57,Male,7,2026-04-26,2026-04-27,deceased
9647,33,Other,7,2026-04-02,2026-04-03,deceased
9648,42,Other,7,2026-04-19,2026-04-20,referred
9649,22,Male,7,2026-04-25,2026-04-27,recovered
9650,50,Male,7,2026-04-21,2026-04-22,recovered
9651,63,Female,7,2026-04-17,2026-04-20,recovered
9652,51,Male,7,2026-04-04,2026-04-06,recovered
9653,51,Other,7,2026-04-07,2026-04-09,recovered
9654,33,Female,7,2026-04-06,2026-04-08,referred
9655,36,Female,7,2026-04-19,2026-04-22,recovered
9656,25,Female,7,2026-04-22,2026-04-24,deceased
9657,61,Female,7,2026-04-06,2026-04-07,recovered
9658,34,Male,7,2026-04-07,2026-04-08,recovered
9659,49,Female,7,2026-04-22,2026-04-23,deceased
9660,29,Male,7,2026-04-22,2026-04-23,recovered
9661,66,Male,7,2026-04-20,2026-04-21,recovered
9662,60,Male,7,2026-04-21,2026-04-23,ongoing
9663,38,Other,7,2026-04-23,2026-04-25,deceased
9664,35,Female,7,2026-04-25,2026-04-27,referred
9665,43,Other,7,2026-04-09,2026-04-11,referred
9666,44,Female,7,2026-04-27,2026-04-28,recovered
9667,16,Female,7,2026-05-03,2026-05-05,ongoing
9668,54,Female,7,2026-05-11,2026-05-12,recovered
9669,51,Male,7,2026-05-11,2026-05-13,referred
9670,40,Female,7,2026-05-04,2026-05-06,recovered
9671,1,Female,7,2026-05-21,2026-05-23,recovered
9672,58,Male,7,2026-05-19,2026-05-20,deceased
9673,18,Other,7,2026-05-24,2026-05-25,recovered
9674,57,Female,7,2026-05-26,2026-05-27,referred
9675,65,Male,7,2026-05-13,2026-05-15,referred
9676,40,Male,7,2026-05-09,2026-05-10,deceased
9677,52,Male,7,2026-05-03,2026-05-04,recovered
9678,62,Female,7,2026-05-13,2026-05-15,recovered
9679,59,Female,7,2026-05-14,2026-05-16,recovered
9680,24,Female,7,2026-05-24,2026-05-25,referred
9681,9,Male,7,2026-05-05,2026-05-07,deceased
9682,50,Female,7,2026-05-02,2026-05-03,ongoing
9683,51,Female,7,2026-05-11,2026-05-13,recovered
9684,21,Male,7,2026-05-08,2026-05-09,deceased
9685,49,Female,7,2026-05-14,2026-05-16,referred
9686,55,Male,7,2026-05-01,2026-05-03,deceased
9687,31,Female,7,2026-05-13,2026-05-16,recovered
9688,67,Male,7,2026-05-27,2026-05-29,recovered
9689,50,Other,7,2026-05-07,2026-05-09,recovered
9690,39,Male,7,2026-05-16,2026-05-18,referred
9691,40,Other,7,2026-05-27,2026-05-28,deceased
9692,42,Male,7,2026-05-21,2026-05-22,deceased
9693,47,Female,7,2026-05-02,2026-05-04,recovered
9694,41,Female,7,2026-05-13,2026-05-15,recovered
9695,61,Male,7,2026-05-28,2026-05-30,recovered
9696,51,Other,7,2026-05-04,2026-05-05,referred
9697,31,Female,7,2026-05-28,2026-05-30,recovered
9698,49,Male,7,2026-05-20,2026-05-22,recovered
9699,56,Male,7,2026-05-15,2026-05-16,ongoing
9700,39,Female,7,2026-05-15,2026-05-16,deceased
9701,60,Other,7,2026-05-03,2026-05-05,recovered
9702,66,Female,7,2026-05-01,2026-05-03,ongoing
9703,19,Other,7,2026-05-17,2026-05-18,ongoing
9704,50,Female,7,2026-05-17,2026-05-18,recovered
9705,66,Other,7,2026-05-12,2026-05-14,referred
9706,43,Female,7,2026-05-14,2026-05-17,recovered
9707,44,Male,7,2026-05-17,2026-05-18,ongoing
9708,43,Male,7,2026-05-23,2026-05-24,recovered
9709,34,Male,7,2026-05-16,2026-05-18,deceased
9710,38,Female,7,2026-05-07,2026-05-09,recovered
9711,44,Male,7,2026-05-15,2026-05-17,recovered
9712,39,Other,7,2026-05-15,2026-05-17,recovered
9713,53,Male,7,2026-05-09,2026-05-10,deceased
9714,58,Other,7,2026-05-27,2026-05-28,referred
9715,47,Female,7,2026-05-27,2026-05-29,recovered
9716,38,Male,7,2026-05-03,2026-05-04,recovered
9717,32,Female,7,2026-05-19,2026-05-20,referred
9718,29,Other,7,2026-05-04,2026-05-05,recovered
9719,50,Female,7,2026-05-21,2026-05-22,recovered
9720,44,Male,7,2026-05-21,2026-05-23,recovered
9721,53,Other,7,2026-05-04,2026-05-06,deceased
9722,49,Female,7,2026-05-01,2026-05-02,ongoing
9723,43,Male,7,2026-05-02,2026-05-03,recovered
9724,34,Other,7,2026-05-25,2026-05-26,recovered
9725,46,Female,7,2026-05-11,2026-05-12,recovered
9726,26,Male,7,2026-05-18,2026-05-20,deceased
9727,77,Female,7,2026-05-23,2026-05-25,recovered
9728,61,Other,7,2026-05-26,2026-05-28,recovered
9729,52,Male,7,2026-05-01,2026-05-03,referred
9730,33,Other,7,2026-05-14,2026-05-16,recovered
9731,54,Female,7,2026-05-27,2026-05-28,deceased
9732,34,Male,7,2026-05-24,2026-05-25,recovered
9733,55,Female,7,2026-05-25,2026-05-26,recovered
9734,59,Female,7,2026-05-14,2026-05-16,recovered
9735,36,Male,7,2026-05-18,2026-05-21,ongoing
9736,58,Male,7,2026-05-05,2026-05-06,recovered
9737,24,Male,7,2026-05-20,2026-05-22,referred
9738,46,Male,7,2026-05-16,2026-05-17,recovered
9739,49,Other,7,2026-05-08,2026-05-09,deceased
9740,47,Male,7,2026-05-14,2026-05-15,ongoing
9741,48,Male,7,2026-05-18,2026-05-20,ongoing
9742,51,Female,7,2026-05-10,2026-05-12,recovered
9743,53,Male,7,2026-05-09,2026-05-11,deceased
9744,51,Female,7,2026-05-17,2026-05-20,recovered
9745,46,Female,7,2026-05-03,2026-05-05,recovered
9746,45,Other,7,2026-05-07,2026-05-08,deceased
9747,24,Female,7,2026-05-05,2026-05-08,recovered
9748,52,Male,7,2026-05-18,2026-05-19,deceased
9749,35,Male,7,2026-05-22,2026-05-23,referred
9750,44,Male,7,2026-05-12,2026-05-13,recovered
9751,58,Male,7,2026-05-18,2026-05-20,recovered
9752,53,Male,7,2026-05-04,2026-05-05,recovered
9753,48,Male,7,2026-05-13,2026-05-15,deceased
9754,25,Other,7,2026-05-04,2026-05-05,deceased
9755,48,Female,7,2026-05-12,2026-05-15,recovered
9756,35,Female,7,2026-05-12,2026-05-13,ongoing
9757,17,Male,7,2026-05-16,2026-05-17,recovered
9758,51,Female,7,2026-05-22,2026-05-25,recovered
9759,43,Female,7,2026-05-09,2026-05-10,ongoing
9760,39,Female,7,2026-05-12,2026-05-14,deceased
9761,38,Other,7,2026-05-19,2026-05-21,recovered
9762,57,Female,7,2026-05-16,2026-05-17,recovered
9763,38,Male,7,2026-05-01,2026-05-02,deceased
9764,19,Male,7,2026-05-11,2026-05-13,recovered
9765,36,Female,7,2026-05-26,2026-05-28,deceased
9766,37,Other,7,2026-05-22,2026-05-24,recovered
9767,36,Female,7,2026-05-06,2026-05-07,ongoing
9768,56,Female,7,2026-05-07,2026-05-09,recovered
9769,45,Male,7,2026-05-25,2026-05-26,deceased
9770,26,Female,7,2026-05-17,2026-05-20,recovered
9771,33,Female,7,2026-05-01,2026-05-03,recovered
9772,57,Male,7,2026-05-05,2026-05-07,recovered
9773,50,Female,7,2026-05-15,2026-05-16,deceased
9774,45,Female,7,2026-05-05,2026-05-07,referred
9775,47,Male,7,2026-05-01,2026-05-04,deceased
9776,56,Female,7,2026-05-28,2026-05-29,recovered
9777,54,Female,7,2026-05-11,2026-05-13,recovered
9778,31,Female,7,2026-05-24,2026-05-26,recovered
9779,28,Male,7,2026-05-19,2026-05-21,recovered
9780,47,Other,7,2026-05-17,2026-05-18,ongoing
9781,51,Female,7,2026-05-24,2026-05-27,referred
9782,25,Male,7,2026-05-28,2026-05-30,recovered
9783,57,Female,7,2026-05-23,2026-05-25,deceased
9784,26,Male,7,2026-05-25,2026-05-26,recovered
9785,38,Female,7,2026-05-04,2026-05-05,recovered
9786,56,Female,7,2026-05-01,2026-05-03,deceased
9787,54,Female,7,2026-05-09,2026-05-11,ongoing
9788,27,Female,7,2026-05-19,2026-05-21,recovered
9789,28,Female,7,2026-05-07,2026-05-09,recovered
9790,50,Other,7,2026-05-24,2026-05-25,deceased
9791,35,Male,7,2026-05-21,2026-05-22,recovered
9792,37,Female,7,2026-05-22,2026-05-24,ongoing
9793,53,Other,7,2026-05-24,2026-05-25,ongoing
9794,55,Male,7,2026-05-24,2026-05-25,referred
9795,34,Male,7,2026-05-06,2026-05-08,deceased
9796,56,Female,7,2026-05-02,2026-05-03,referred
9797,29,Female,7,2026-05-01,2026-05-02,recovered
9798,33,Other,7,2026-05-11,2026-05-13,recovered
9799,52,Other,7,2026-05-20,2026-05-21,ongoing
9800,54,Male,7,2026-05-18,2026-05-20,referred
9801,45,Female,7,2026-05-18,2026-05-20,deceased
9802,28,Male,7,2026-05-01,2026-05-03,recovered
9803,38,Female,7,2026-05-15,2026-05-16,referred
9804,40,Female,7,2026-05-13,2026-05-14,ongoing
9805,36,Other,7,2026-05-01,2026-05-03,recovered
9806,59,Male,7,2026-05-09,2026-05-11,recovered
9807,49,Female,7,2026-05-26,2026-05-28,recovered
9808,49,Female,7,2026-05-14,2026-05-16,recovered
9809,60,Female,7,2026-05-28,2026-05-29,deceased
9810,27,Male,7,2026-05-03,2026-05-05,referred
9811,39,Male,7,2026-05-17,2026-05-18,referred
9812,60,Other,7,2026-05-08,2026-05-09,recovered
9813,34,Other,7,2026-05-19,2026-05-22,referred
9814,65,Male,7,2026-05-26,2026-05-27,ongoing
9815,49,Other,7,2026-05-04,2026-05-06,deceased
9816,43,Female,7,2026-05-24,2026-05-26,recovered
9817,71,Male,7,2026-05-20,2026-05-21,recovered
9818,36,Male,7,2026-05-06,2026-05-09,ongoing
9819,37,Female,7,2026-05-23,2026-05-24,referred
9820,51,Male,7,2026-05-07,2026-05-08,recovered
9821,45,Female,7,2026-05-17,2026-05-18,referred
9822,42,Female,7,2026-05-08,2026-05-10,deceased
9823,19,Other,7,2026-05-11,2026-05-13,recovered
9824,36,Male,7,2026-05-20,2026-05-22,recovered
9825,44,Female,7,2026-05-07,2026-05-08,deceased
9826,58,Female,7,2026-05-15,2026-05-16,recovered
9827,58,Female,7,2026-05-18,2026-05-20,recovered
9828,55,Male,7,2026-05-02,2026-05-03,recovered
9829,49,Female,7,2026-05-20,2026-05-22,recovered
9830,55,Female,7,2026-05-28,2026-05-30,recovered
9831,62,Male,7,2026-05-18,2026-05-20,recovered
9832,53,Other,7,2026-05-01,2026-05-03,deceased
9833,43,Male,7,2026-05-03,2026-05-05,recovered
9834,49,Female,7,2026-05-20,2026-05-21,deceased
9835,37,Female,7,2026-05-13,2026-05-14,recovered
9836,46,Male,7,2026-05-02,2026-05-04,recovered
9837,29,Female,7,2026-05-02,2026-05-04,referred
9838,37,Male,7,2026-05-27,2026-05-29,recovered
9839,40,Female,7,2026-05-08,2026-05-11,referred
9840,49,Male,7,2026-05-06,2026-05-07,recovered
9841,50,Male,7,2026-05-02,2026-05-03,recovered
9842,35,Male,7,2026-05-08,2026-05-09,referred
9843,50,Female,7,2026-05-03,2026-05-05,referred
9844,43,Female,7,2026-05-05,2026-05-06,recovered
9845,56,Female,7,2026-05-07,2026-05-08,recovered
9846,31,Male,7,2026-05-01,2026-05-03,referred
9847,26,Female,7,2026-05-27,2026-05-28,recovered
9848,36,Male,7,2026-05-08,2026-05-09,recovered
9849,36,Male,7,2026-05-26,2026-05-27,recovered
9850,31,Other,7,2026-05-09,2026-05-10,recovered
9851,24,Male,7,2026-05-19,2026-05-20,deceased
9852,44,Female,7,2026-05-18,2026-05-19,recovered
9853,41,Male,7,2026-05-22,2026-05-23,recovered
9854,49,Male,7,2026-05-17,2026-05-18,recovered
9855,67,Female,7,2026-05-13,2026-05-14,ongoing
9856,39,Male,7,2026-05-09,2026-05-11,deceased
9857,40,Male,7,2026-05-27,2026-05-28,recovered
9858,24,Female,7,2026-05-28,2026-05-30,recovered
9859,47,Male,7,2026-05-04,2026-05-06,recovered
9860,15,Male,7,2026-05-07,2026-05-08,recovered
9861,14,Male,7,2026-05-12,2026-05-13,recovered
9862,40,Other,7,2026-05-24,2026-05-25,recovered
9863,36,Male,7,2026-05-28,2026-05-30,recovered
9864,56,Female,7,2026-05-24,2026-05-26,recovered
9865,32,Male,7,2026-05-27,2026-05-30,recovered
9866,47,Female,7,2026-05-13,2026-05-14,referred
9867,31,Male,7,2026-05-06,2026-05-08,recovered
9868,19,Female,7,2026-05-24,2026-05-26,recovered
9869,44,Female,7,2026-05-14,2026-05-16,deceased
9870,26,Male,7,2026-05-06,2026-05-07,recovered
9871,30,Male,7,2026-05-28,2026-05-31,deceased
9872,39,Male,7,2026-05-08,2026-05-09,recovered
9873,45,Male,7,2026-05-10,2026-05-12,deceased
9874,39,Female,7,2026-05-05,2026-05-07,recovered
9875,73,Male,7,2026-05-22,2026-05-25,recovered
9876,32,Male,7,2026-05-03,2026-05-05,ongoing
9877,77,Male,7,2026-05-12,2026-05-13,recovered
9878,35,Male,7,2026-05-21,2026-05-23,recovered
9879,42,Male,7,2026-05-24,2026-05-26,recovered
9880,53,Female,7,2026-05-09,2026-05-10,referred
9881,50,Male,7,2026-05-05,2026-05-07,deceased
9882,62,Other,7,2026-05-20,2026-05-21,recovered
9883,40,Female,7,2026-05-09,2026-05-10,referred
9884,39,Female,7,2026-05-10,2026-05-11,deceased
9885,38,Male,7,2026-05-07,2026-05-08,deceased
9886,47,Female,7,2026-05-14,2026-05-15,recovered
9887,52,Male,7,2026-05-06,2026-05-07,recovered
9888,40,Female,7,2026-05-09,2026-05-11,recovered
9889,17,Male,7,2026-05-06,2026-05-09,recovered
9890,36,Male,7,2026-05-03,2026-05-05,referred
9891,45,Other,7,2026-05-02,2026-05-03,recovered
9892,81,Male,7,2026-05-12,2026-05-14,ongoing
9893,27,Female,7,2026-05-06,2026-05-08,deceased
9894,51,Female,7,2026-05-28,2026-05-30,ongoing
9895,74,Other,7,2026-05-21,2026-05-24,recovered
9896,49,Male,7,2026-05-26,2026-05-28,recovered
9897,68,Female,7,2026-05-04,2026-05-05,recovered
9898,54,Female,7,2026-05-13,2026-05-14,deceased
9899,21,Female,7,2026-05-16,2026-05-17,recovered
9900,50,Other,7,2026-05-11,2026-05-14,recovered
9901,36,Male,7,2026-05-12,2026-05-13,recovered
9902,27,Other,7,2026-05-26,2026-05-29,ongoing
9903,42,Other,7,2026-05-19,2026-05-20,ongoing
9904,45,Male,7,2026-05-06,2026-05-08,recovered
9905,29,Male,7,2026-05-05,2026-05-07,recovered
9906,28,Female,7,2026-05-08,2026-05-10,recovered
9907,53,Other,7,2026-05-22,2026-05-23,deceased
9908,45,Other,7,2026-05-14,2026-05-15,recovered
9909,63,Other,7,2026-05-18,2026-05-20,recovered
9910,62,Other,7,2026-05-25,2026-05-26,deceased
9911,48,Male,7,2026-05-07,2026-05-09,recovered
9912,17,Female,7,2026-05-01,2026-05-04,recovered
9913,21,Female,7,2026-05-01,2026-05-03,ongoing
9914,38,Male,7,2026-05-17,2026-05-18,referred
9915,31,Female,7,2026-05-14,2026-05-16,referred
9916,48,Other,7,2026-05-23,2026-05-25,deceased
9917,47,Female,7,2026-05-21,2026-05-22,recovered
9918,45,Other,7,2026-05-19,2026-05-20,recovered
9919,54,Male,7,2026-05-16,2026-05-17,recovered
9920,38,Male,7,2026-05-28,2026-05-29,recovered
9921,49,Other,7,2026-05-08,2026-05-10,referred
9922,30,Male,7,2026-05-10,2026-05-11,referred
9923,26,Other,7,2026-05-26,2026-05-27,recovered
9924,45,Female,7,2026-05-20,2026-05-21,recovered
9925,52,Female,7,2026-05-24,2026-05-25,recovered
9926,57,Male,7,2026-05-08,2026-05-10,recovered
9927,32,Male,7,2026-05-22,2026-05-24,recovered
9928,33,Male,7,2026-05-14,2026-05-15,referred
9929,54,Female,7,2026-05-26,2026-05-29,recovered
9930,40,Female,7,2026-05-07,2026-05-08,recovered
9931,48,Other,7,2026-05-17,2026-05-19,recovered
9932,77,Other,7,2026-05-13,2026-05-15,recovered
9933,16,Male,7,2026-05-21,2026-05-23,ongoing
9934,57,Male,7,2026-05-04,2026-05-06,recovered
9935,54,Female,7,2026-05-22,2026-05-23,recovered
9936,34,Female,7,2026-05-09,2026-05-11,recovered
9937,77,Other,7,2026-05-08,2026-05-10,recovered
9938,59,Female,7,2026-05-07,2026-05-08,recovered
9939,39,Other,7,2026-05-28,2026-05-30,recovered
9940,21,Male,7,2026-05-14,2026-05-15,referred
9941,52,Female,7,2026-05-10,2026-05-11,recovered
9942,41,Female,7,2026-05-09,2026-05-10,deceased
9943,41,Male,7,2026-05-25,2026-05-26,recovered
9944,50,Male,7,2026-05-26,2026-05-29,recovered
9945,55,Other,7,2026-05-07,2026-05-08,recovered
9946,52,Female,7,2026-05-19,2026-05-20,recovered
9947,61,Other,7,2026-05-16,2026-05-18,ongoing
9948,46,Female,7,2026-05-09,2026-05-10,recovered
9949,37,Male,7,2026-05-04,2026-05-05,recovered
9950,31,Male,7,2026-05-12,2026-05-15,ongoing
9951,63,Male,7,2026-05-17,2026-05-20,recovered
9952,29,Male,7,2026-05-17,2026-05-19,deceased
9953,42,Female,7,2026-05-22,2026-05-23,ongoing
9954,58,Female,7,2026-05-17,2026-05-19,recovered
9955,43,Other,7,2026-05-15,2026-05-16,recovered
9956,41,Female,7,2026-05-07,2026-05-09,deceased
9957,26,Other,7,2026-05-07,2026-05-08,recovered
9958,37,Female,7,2026-05-07,2026-05-08,deceased
9959,51,Male,7,2026-05-05,2026-05-07,recovered
9960,66,Female,7,2026-05-11,2026-05-12,recovered
9961,23,Male,7,2026-05-25,2026-05-28,ongoing
9962,41,Female,7,2026-05-04,2026-05-06,recovered
9963,26,Female,7,2026-05-16,2026-05-17,ongoing
9964,34,Other,7,2026-05-23,2026-05-26,deceased
9965,47,Female,7,2026-05-04,2026-05-05,referred
9966,66,Other,7,2026-05-06,2026-05-08,recovered
9967,39,Other,7,2026-05-18,2026-05-19,recovered
9968,52,Other,7,2026-05-12,2026-05-14,recovered
9969,56,Male,7,2026-05-02,2026-05-05,recovered
9970,52,Female,7,2026-05-02,2026-05-04,ongoing
9971,41,Female,7,2026-05-10,2026-05-11,recovered
9972,22,Female,7,2026-05-01,2026-05-02,recovered
9973,31,Male,7,2026-05-20,2026-05-23,ongoing
9974,47,Male,7,2026-05-17,2026-05-18,referred
9975,57,Male,7,2026-05-01,2026-05-02,recovered
9976,53,Female,7,2026-05-17,2026-05-19,recovered
9977,31,Other,7,2026-05-20,2026-05-22,recovered
9978,35,Other,7,2026-05-25,2026-05-28,recovered
9979,13,Male,7,2026-05-26,2026-05-27,recovered
9980,55,Female,7,2026-05-14,2026-05-16,ongoing
9981,47,Female,7,2026-05-11,2026-05-12,recovered
9982,27,Female,7,2026-05-25,2026-05-26,recovered
9983,38,Male,7,2026-05-21,2026-05-22,recovered
9984,44,Female,7,2026-05-14,2026-05-16,recovered
9985,32,Male,7,2026-05-02,2026-05-04,referred
9986,55,Female,7,2026-05-19,2026-05-20,recovered
9987,70,Other,7,2026-05-03,2026-05-04,recovered
9988,42,Male,7,2026-05-09,2026-05-10,deceased
9989,24,Female,7,2026-05-06,2026-05-07,recovered
9990,36,Other,7,2026-05-18,2026-05-19,recovered
9991,51,Other,7,2026-05-13,2026-05-14,recovered
9992,29,Female,7,2026-05-23,2026-05-24,deceased
9993,11,Male,7,2026-05-26,2026-05-27,referred
9994,55,Female,7,2026-05-14,2026-05-17,ongoing
9995,31,Female,7,2026-05-21,2026-05-23,ongoing
9996,28,Male,7,2026-05-19,2026-05-21,recovered
9997,39,Other,7,2026-05-12,2026-05-14,ongoing
9998,64,Female,7,2026-05-09,2026-05-11,recovered
9999,45,Male,7,2026-05-23,2026-05-24,recovered
10000,66,Other,7,2026-05-25,2026-05-26,recovered
10001,29,Female,7,2026-05-12,2026-05-13,ongoing
10002,46,Other,7,2026-05-12,2026-05-14,recovered
10003,30,Other,7,2026-05-11,2026-05-13,referred
10004,53,Male,7,2026-05-07,2026-05-08,ongoing
10005,51,Female,7,2026-05-19,2026-05-22,recovered
10006,62,Male,7,2026-05-10,2026-05-11,recovered
10007,51,Male,7,2026-05-01,2026-05-02,recovered
10008,33,Other,7,2026-05-04,2026-05-07,recovered
10009,61,Male,7,2026-05-20,2026-05-21,recovered
10010,40,Male,7,2026-05-25,2026-05-26,recovered
10011,47,Male,7,2026-05-15,2026-05-17,recovered
10012,52,Other,7,2026-05-08,2026-05-10,deceased
10013,39,Female,7,2026-06-01,2026-06-02,recovered
10014,45,Other,7,2026-06-20,2026-06-22,recovered
10015,33,Male,7,2026-06-17,2026-06-19,ongoing
10016,68,Male,7,2026-06-14,2026-06-16,ongoing
10017,45,Female,7,2026-06-27,2026-06-29,deceased
10018,44,Female,7,2026-06-24,2026-06-26,ongoing
10019,51,Male,7,2026-06-26,2026-06-27,recovered
10020,48,Male,7,2026-06-06,2026-06-08,ongoing
10021,49,Female,7,2026-06-10,2026-06-11,recovered
10022,42,Male,7,2026-06-15,2026-06-16,recovered
10023,46,Male,7,2026-06-10,2026-06-12,recovered
10024,52,Female,7,2026-06-22,2026-06-25,referred
10025,47,Male,7,2026-06-24,2026-06-26,recovered
10026,31,Male,7,2026-06-16,2026-06-17,recovered
10027,48,Female,7,2026-06-02,2026-06-04,recovered
10028,45,Male,7,2026-06-27,2026-06-28,referred
10029,56,Male,7,2026-06-11,2026-06-12,deceased
10030,51,Male,7,2026-06-23,2026-06-24,referred
10031,27,Other,7,2026-06-12,2026-06-13,recovered
10032,49,Female,7,2026-06-10,2026-06-11,deceased
10033,39,Male,7,2026-06-20,2026-06-23,recovered
10034,55,Female,7,2026-06-13,2026-06-15,ongoing
10035,58,Male,7,2026-06-07,2026-06-08,recovered
10036,44,Other,7,2026-06-08,2026-06-10,recovered
10037,31,Female,7,2026-06-27,2026-06-29,ongoing
10038,33,Male,7,2026-06-13,2026-06-14,ongoing
10039,67,Male,7,2026-06-23,2026-06-25,ongoing
10040,35,Other,7,2026-06-15,2026-06-17,ongoing
10041,44,Female,7,2026-06-02,2026-06-03,recovered
10042,47,Male,7,2026-06-10,2026-06-12,recovered
10043,44,Other,7,2026-06-04,2026-06-05,recovered
10044,38,Male,7,2026-06-28,2026-06-29,deceased
10045,44,Male,7,2026-06-06,2026-06-07,ongoing
10046,26,Male,7,2026-06-21,2026-06-23,recovered
10047,52,Male,7,2026-06-03,2026-06-05,recovered
10048,49,Other,7,2026-06-27,2026-06-28,ongoing
10049,32,Female,7,2026-06-01,2026-06-04,deceased
10050,46,Other,7,2026-06-28,2026-06-30,recovered
10051,62,Female,7,2026-06-05,2026-06-08,recovered
10052,51,Female,7,2026-06-15,2026-06-17,recovered
10053,42,Male,7,2026-06-23,2026-06-24,recovered
10054,39,Female,7,2026-06-04,2026-06-05,recovered
10055,63,Other,7,2026-06-16,2026-06-19,referred
10056,44,Female,7,2026-06-23,2026-06-25,referred
10057,32,Female,7,2026-06-05,2026-06-06,recovered
10058,35,Male,7,2026-06-19,2026-06-20,recovered
10059,69,Male,7,2026-06-25,2026-06-26,deceased
10060,42,Male,7,2026-06-20,2026-06-21,referred
10061,26,Male,7,2026-06-01,2026-06-04,recovered
10062,40,Other,7,2026-06-07,2026-06-09,recovered
10063,28,Male,7,2026-06-13,2026-06-15,recovered
10064,50,Female,7,2026-06-22,2026-06-23,recovered
10065,30,Other,7,2026-06-25,2026-06-27,recovered
10066,52,Other,7,2026-06-20,2026-06-22,deceased
10067,48,Male,7,2026-06-16,2026-06-18,recovered
10068,74,Male,7,2026-06-18,2026-06-20,ongoing
10069,53,Male,7,2026-06-02,2026-06-04,referred
10070,38,Male,7,2026-06-10,2026-06-12,recovered
10071,51,Male,7,2026-06-09,2026-06-10,recovered
10072,47,Female,7,2026-06-11,2026-06-13,ongoing
10073,36,Female,7,2026-06-14,2026-06-15,ongoing
10074,38,Male,7,2026-06-16,2026-06-17,recovered
10075,51,Male,7,2026-06-11,2026-06-14,recovered
10076,37,Female,7,2026-06-13,2026-06-15,recovered
10077,19,Female,7,2026-06-18,2026-06-19,recovered
10078,35,Other,7,2026-06-14,2026-06-16,ongoing
10079,59,Male,7,2026-06-23,2026-06-24,ongoing
10080,35,Male,7,2026-06-16,2026-06-18,referred
10081,58,Other,7,2026-06-16,2026-06-17,recovered
10082,55,Female,7,2026-06-27,2026-06-29,recovered
10083,27,Female,7,2026-06-13,2026-06-16,referred
10084,50,Female,7,2026-06-25,2026-06-26,deceased
10085,67,Male,7,2026-06-08,2026-06-09,ongoing
10086,42,Female,7,2026-06-13,2026-06-14,referred
10087,53,Female,7,2026-06-15,2026-06-17,recovered
10088,33,Other,7,2026-06-26,2026-06-27,recovered
10089,46,Female,7,2026-06-07,2026-06-09,recovered
10090,46,Female,7,2026-06-24,2026-06-26,recovered
10091,33,Other,7,2026-06-22,2026-06-24,recovered
10092,43,Male,7,2026-06-13,2026-06-14,ongoing
10093,46,Male,7,2026-06-16,2026-06-17,recovered
10094,35,Male,7,2026-06-26,2026-06-27,ongoing
10095,50,Female,7,2026-06-21,2026-06-22,recovered
10096,48,Other,7,2026-06-06,2026-06-07,referred
10097,36,Other,7,2026-06-02,2026-06-04,recovered
10098,19,Female,7,2026-06-09,2026-06-12,ongoing
10099,49,Male,7,2026-06-01,2026-06-04,recovered
10100,27,Male,7,2026-06-08,2026-06-10,recovered
10101,33,Female,7,2026-06-10,2026-06-12,ongoing
10102,53,Male,7,2026-06-02,2026-06-03,ongoing
10103,53,Male,7,2026-06-06,2026-06-08,recovered
10104,66,Male,7,2026-06-26,2026-06-27,recovered
10105,35,Female,7,2026-06-11,2026-06-13,recovered
10106,63,Male,7,2026-06-14,2026-06-16,referred
10107,16,Other,7,2026-06-26,2026-06-27,referred
10108,54,Female,7,2026-06-28,2026-06-29,recovered
10109,21,Male,7,2026-06-08,2026-06-10,recovered
10110,55,Male,7,2026-06-01,2026-06-02,recovered
10111,34,Female,7,2026-06-26,2026-06-27,deceased
10112,53,Female,7,2026-06-27,2026-06-29,ongoing
10113,42,Female,7,2026-06-27,2026-06-29,recovered
10114,32,Male,7,2026-06-03,2026-06-04,ongoing
10115,29,Female,7,2026-06-10,2026-06-11,recovered
10116,22,Female,7,2026-06-22,2026-06-23,recovered
10117,43,Male,7,2026-06-27,2026-06-28,referred
10118,95,Male,7,2026-06-12,2026-06-13,recovered
10119,65,Other,7,2026-06-27,2026-06-29,recovered
10120,53,Female,7,2026-06-24,2026-06-27,referred
10121,43,Other,7,2026-06-06,2026-06-07,deceased
10122,49,Female,7,2026-06-25,2026-06-27,referred
10123,53,Female,7,2026-06-17,2026-06-20,deceased
10124,52,Male,7,2026-06-11,2026-06-14,deceased
10125,52,Female,7,2026-06-21,2026-06-22,recovered
10126,62,Female,7,2026-06-27,2026-06-30,deceased
10127,4,Male,7,2026-06-24,2026-06-26,deceased
10128,45,Other,7,2026-06-25,2026-06-26,recovered
10129,42,Male,7,2026-06-23,2026-06-24,deceased
10130,49,Male,7,2026-06-02,2026-06-03,ongoing
10131,44,Other,7,2026-06-03,2026-06-05,recovered
10132,42,Male,7,2026-06-22,2026-06-23,referred
10133,34,Female,7,2026-06-11,2026-06-13,recovered
10134,51,Female,7,2026-06-13,2026-06-15,recovered
10135,47,Other,7,2026-06-04,2026-06-06,recovered
10136,32,Female,7,2026-06-07,2026-06-09,recovered
10137,46,Male,7,2026-06-08,2026-06-10,recovered
10138,56,Other,7,2026-06-10,2026-06-11,deceased
10139,48,Male,7,2026-06-09,2026-06-10,referred
10140,38,Male,7,2026-06-11,2026-06-12,recovered
10141,49,Female,7,2026-06-19,2026-06-22,recovered
10142,23,Male,7,2026-06-19,2026-06-20,recovered
10143,70,Female,7,2026-06-18,2026-06-20,ongoing
10144,47,Female,7,2026-06-01,2026-06-03,deceased
10145,45,Female,7,2026-06-09,2026-06-11,referred
10146,35,Female,7,2026-06-20,2026-06-21,recovered
10147,35,Male,7,2026-06-01,2026-06-03,referred
10148,24,Female,7,2026-06-12,2026-06-15,deceased
10149,40,Female,7,2026-06-05,2026-06-07,deceased
10150,59,Female,7,2026-06-12,2026-06-14,ongoing
10151,54,Female,7,2026-06-23,2026-06-24,ongoing
10152,44,Female,7,2026-06-19,2026-06-21,recovered
10153,23,Other,7,2026-06-01,2026-06-03,ongoing
10154,73,Other,7,2026-06-12,2026-06-14,recovered
10155,48,Male,7,2026-06-17,2026-06-20,referred
10156,29,Female,7,2026-06-28,2026-06-30,recovered
10157,26,Other,7,2026-06-24,2026-06-26,recovered
10158,43,Male,7,2026-06-01,2026-06-03,ongoing
10159,52,Other,7,2026-06-20,2026-06-22,deceased
10160,27,Male,7,2026-06-25,2026-06-27,recovered
10161,44,Female,7,2026-06-25,2026-06-27,deceased
10162,42,Female,7,2026-06-10,2026-06-11,recovered
10163,44,Male,7,2026-06-22,2026-06-23,recovered
10164,25,Other,7,2026-06-06,2026-06-07,deceased
10165,35,Male,7,2026-06-21,2026-06-23,recovered
10166,56,Male,7,2026-06-26,2026-06-28,referred
10167,24,Female,7,2026-06-05,2026-06-06,recovered
10168,76,Other,7,2026-06-09,2026-06-10,recovered
10169,45,Female,7,2026-06-15,2026-06-18,deceased
10170,47,Male,7,2026-06-09,2026-06-12,recovered
10171,48,Male,7,2026-06-16,2026-06-17,deceased
10172,51,Female,7,2026-06-25,2026-06-26,recovered
10173,15,Other,7,2026-06-21,2026-06-22,referred
10174,47,Male,7,2026-06-22,2026-06-23,recovered
10175,45,Female,7,2026-06-02,2026-06-04,ongoing
10176,29,Male,7,2026-06-22,2026-06-25,referred
10177,24,Female,7,2026-06-13,2026-06-15,recovered
10178,22,Female,7,2026-06-21,2026-06-23,recovered
10179,4,Female,7,2026-06-22,2026-06-23,referred
10180,49,Female,7,2026-06-19,2026-06-20,recovered
10181,58,Male,7,2026-06-11,2026-06-12,ongoing
10182,60,Female,7,2026-06-08,2026-06-09,recovered
10183,44,Other,7,2026-06-21,2026-06-22,recovered
10184,39,Female,7,2026-06-06,2026-06-07,ongoing
10185,55,Female,7,2026-06-02,2026-06-03,recovered
10186,41,Female,7,2026-06-23,2026-06-25,recovered
10187,47,Female,7,2026-06-18,2026-06-19,recovered
10188,37,Female,7,2026-06-13,2026-06-15,recovered
10189,28,Male,7,2026-06-28,2026-07-01,recovered
10190,59,Male,7,2026-06-04,2026-06-05,deceased
10191,26,Female,7,2026-06-13,2026-06-14,recovered
10192,50,Other,7,2026-06-17,2026-06-19,recovered
10193,41,Female,7,2026-06-03,2026-06-04,recovered
10194,43,Other,7,2026-06-26,2026-06-28,referred
10195,54,Male,7,2026-06-09,2026-06-11,referred
10196,21,Female,7,2026-06-04,2026-06-06,recovered
10197,33,Female,7,2026-06-24,2026-06-25,referred
10198,54,Male,7,2026-06-11,2026-06-13,recovered
10199,21,Female,7,2026-06-25,2026-06-26,recovered
10200,29,Male,7,2026-06-21,2026-06-22,referred
10201,65,Other,7,2026-06-19,2026-06-21,recovered
10202,34,Other,7,2026-06-27,2026-06-30,deceased
10203,28,Female,7,2026-06-20,2026-06-22,ongoing
10204,35,Female,7,2026-06-10,2026-06-12,recovered
10205,46,Male,7,2026-06-06,2026-06-07,deceased
10206,45,Female,7,2026-06-07,2026-06-08,recovered
10207,42,Female,7,2026-06-09,2026-06-11,deceased
10208,44,Female,7,2026-06-02,2026-06-03,recovered
10209,37,Female,7,2026-06-25,2026-06-26,deceased
10210,57,Female,7,2026-06-23,2026-06-25,deceased
10211,56,Other,7,2026-06-10,2026-06-12,recovered
10212,52,Female,7,2026-06-11,2026-06-12,deceased
10213,53,Female,7,2026-06-27,2026-06-28,deceased
10214,44,Female,7,2026-06-26,2026-06-27,recovered
10215,50,Female,7,2026-06-16,2026-06-18,referred
10216,56,Other,7,2026-06-08,2026-06-10,deceased
10217,44,Male,7,2026-06-02,2026-06-04,ongoing
10218,34,Female,7,2026-06-23,2026-06-25,referred
10219,47,Male,7,2026-06-03,2026-06-04,recovered
10220,29,Male,7,2026-06-23,2026-06-25,recovered
10221,50,Female,7,2026-06-11,2026-06-13,recovered
10222,15,Male,7,2026-06-04,2026-06-05,referred
10223,61,Male,7,2026-06-13,2026-06-15,deceased
10224,45,Female,7,2026-06-22,2026-06-24,recovered
10225,53,Female,7,2026-06-08,2026-06-11,recovered
10226,53,Female,7,2026-06-07,2026-06-09,recovered
10227,47,Other,7,2026-06-03,2026-06-04,recovered
10228,13,Male,7,2026-06-17,2026-06-19,recovered
10229,57,Female,7,2026-06-24,2026-06-26,recovered
10230,53,Male,7,2026-06-28,2026-06-30,recovered
10231,50,Female,7,2026-06-18,2026-06-20,recovered
10232,58,Female,7,2026-06-06,2026-06-07,recovered
10233,26,Female,7,2026-06-18,2026-06-20,deceased
10234,36,Other,7,2026-06-25,2026-06-26,recovered
10235,47,Female,7,2026-06-03,2026-06-04,referred
10236,42,Female,7,2026-06-21,2026-06-22,referred
10237,42,Other,7,2026-06-27,2026-06-28,recovered
10238,66,Male,7,2026-06-23,2026-06-25,referred
10239,49,Male,7,2026-06-15,2026-06-17,ongoing
10240,33,Female,7,2026-06-20,2026-06-23,recovered
10241,34,Female,7,2026-06-08,2026-06-09,recovered
10242,72,Male,7,2026-06-23,2026-06-25,referred
10243,62,Male,7,2026-06-03,2026-06-04,referred
10244,40,Female,7,2026-06-22,2026-06-24,recovered
10245,45,Female,7,2026-06-26,2026-06-28,deceased
10246,39,Male,7,2026-06-22,2026-06-24,recovered
10247,45,Female,7,2026-06-06,2026-06-08,recovered
10248,39,Female,7,2026-06-02,2026-06-04,recovered
10249,41,Other,7,2026-06-19,2026-06-21,recovered
10250,49,Male,7,2026-06-09,2026-06-12,deceased
10251,45,Male,7,2026-06-19,2026-06-20,referred
10252,59,Other,7,2026-06-17,2026-06-19,referred
10253,45,Male,7,2026-06-25,2026-06-28,referred
10254,60,Female,7,2026-06-09,2026-06-10,recovered
10255,49,Male,7,2026-06-13,2026-06-14,recovered
10256,30,Male,7,2026-06-01,2026-06-03,recovered
10257,40,Other,7,2026-06-10,2026-06-11,recovered
10258,39,Female,7,2026-06-24,2026-06-25,recovered
10259,33,Male,7,2026-06-20,2026-06-22,recovered
10260,31,Other,7,2026-06-14,2026-06-16,referred
10261,41,Female,7,2026-06-19,2026-06-20,recovered
10262,54,Female,7,2026-06-05,2026-06-06,recovered
10263,51,Female,7,2026-06-04,2026-06-06,referred
10264,59,Other,7,2026-06-25,2026-06-28,recovered
10265,45,Male,7,2026-06-13,2026-06-16,ongoing
10266,46,Male,7,2026-06-15,2026-06-18,recovered
10267,39,Female,7,2026-06-15,2026-06-16,recovered
10268,19,Female,7,2026-06-13,2026-06-15,ongoing
10269,46,Female,7,2026-06-26,2026-06-27,recovered
10270,31,Female,7,2026-06-16,2026-06-17,recovered
10271,34,Male,7,2026-06-08,2026-06-09,recovered
10272,29,Male,7,2026-06-09,2026-06-11,referred
10273,47,Female,7,2026-06-21,2026-06-23,recovered
10274,45,Other,7,2026-06-22,2026-06-23,recovered
10275,39,Male,7,2026-06-16,2026-06-17,recovered
10276,58,Female,7,2026-06-08,2026-06-10,recovered
10277,60,Female,7,2026-06-06,2026-06-07,recovered
10278,49,Other,7,2026-06-12,2026-06-14,recovered
10279,50,Male,7,2026-06-21,2026-06-24,recovered
10280,15,Other,7,2026-06-10,2026-06-12,ongoing
10281,53,Male,7,2026-06-04,2026-06-05,deceased
10282,45,Female,7,2026-06-08,2026-06-09,recovered
10283,42,Male,7,2026-06-23,2026-06-25,recovered
10284,50,Other,7,2026-06-04,2026-06-06,referred
10285,61,Female,7,2026-06-04,2026-06-05,deceased
10286,56,Male,7,2026-06-08,2026-06-10,referred
10287,25,Male,7,2026-06-06,2026-06-08,ongoing
10288,44,Male,7,2026-06-09,2026-06-10,referred
10289,37,Female,7,2026-06-04,2026-06-05,recovered
10290,46,Male,7,2026-06-23,2026-06-24,recovered
10291,31,Other,7,2026-06-21,2026-06-23,recovered
10292,66,Female,7,2026-06-27,2026-06-29,recovered
10293,53,Other,7,2026-06-09,2026-06-11,recovered
10294,39,Other,7,2026-06-22,2026-06-23,ongoing
10295,41,Female,7,2026-06-24,2026-06-25,recovered
10296,43,Other,7,2026-06-27,2026-06-28,deceased
10297,44,Other,7,2026-06-13,2026-06-14,recovered
10298,41,Male,7,2026-06-15,2026-06-16,recovered
10299,38,Female,7,2026-06-27,2026-06-28,ongoing
10300,58,Female,7,2026-06-01,2026-06-04,ongoing
10301,50,Male,7,2026-06-13,2026-06-14,ongoing
10302,57,Other,7,2026-06-01,2026-06-02,recovered
10303,59,Other,7,2026-06-22,2026-06-24,recovered
10304,27,Male,7,2026-06-01,2026-06-03,recovered
10305,37,Female,7,2026-06-11,2026-06-14,deceased
10306,47,Female,7,2026-06-17,2026-06-19,deceased
10307,41,Female,7,2026-06-24,2026-06-26,recovered
10308,41,Other,7,2026-06-15,2026-06-16,recovered
10309,42,Female,7,2026-06-25,2026-06-26,deceased
10310,13,Female,7,2026-06-23,2026-06-25,referred
10311,41,Male,7,2026-06-13,2026-06-14,ongoing
10312,48,Male,7,2026-06-18,2026-06-19,deceased
10313,60,Other,7,2026-06-25,2026-06-27,referred
10314,60,Other,7,2026-06-06,2026-06-08,recovered
10315,54,Female,7,2026-06-28,2026-06-30,recovered
10316,59,Female,7,2026-06-18,2026-06-20,recovered
10317,51,Other,7,2026-06-19,2026-06-20,deceased
10318,38,Female,7,2026-06-21,2026-06-23,referred
10319,36,Male,7,2026-06-21,2026-06-22,ongoing
10320,61,Female,7,2026-06-05,2026-06-07,recovered
10321,32,Female,7,2026-06-12,2026-06-13,ongoing
10322,43,Female,7,2026-06-21,2026-06-22,referred
10323,47,Female,7,2026-06-07,2026-06-09,recovered
10324,39,Male,7,2026-06-22,2026-06-24,recovered
10325,50,Female,7,2026-06-18,2026-06-20,ongoing
10326,64,Other,7,2026-06-14,2026-06-15,ongoing
10327,72,Other,7,2026-06-22,2026-06-24,recovered
10328,41,Other,7,2026-06-03,2026-06-04,recovered
10329,40,Other,7,2026-06-21,2026-06-23,deceased
10330,37,Male,7,2026-06-17,2026-06-19,recovered
10331,49,Male,7,2026-06-11,2026-06-13,ongoing
10332,42,Female,7,2026-06-20,2026-06-23,referred
10333,36,Other,7,2026-06-06,2026-06-08,referred
10334,58,Male,7,2026-06-16,2026-06-17,recovered
10335,54,Other,7,2026-06-27,2026-06-28,deceased
10336,34,Male,7,2026-06-17,2026-06-20,referred
10337,60,Female,7,2026-06-18,2026-06-20,recovered
10338,43,Male,7,2026-06-27,2026-06-28,recovered
10339,53,Female,7,2026-07-01,2026-07-02,deceased
10340,38,Male,7,2026-07-22,2026-07-24,recovered
10341,34,Male,7,2026-07-11,2026-07-13,recovered
10342,29,Male,7,2026-07-27,2026-07-30,deceased
10343,65,Male,7,2026-07-21,2026-07-22,recovered
10344,48,Male,7,2026-07-27,2026-07-29,recovered
10345,41,Female,7,2026-07-04,2026-07-05,recovered
10346,39,Female,7,2026-07-28,2026-07-29,recovered
10347,35,Male,7,2026-07-20,2026-07-22,recovered
10348,23,Male,7,2026-07-05,2026-07-08,recovered
10349,29,Female,7,2026-07-19,2026-07-21,recovered
10350,57,Female,7,2026-07-23,2026-07-24,recovered
10351,50,Female,7,2026-07-20,2026-07-23,recovered
10352,30,Female,7,2026-07-27,2026-07-28,recovered
10353,46,Male,7,2026-07-10,2026-07-11,referred
10354,73,Female,7,2026-07-18,2026-07-19,recovered
10355,63,Male,7,2026-07-22,2026-07-24,recovered
10356,48,Female,7,2026-07-23,2026-07-25,recovered
10357,36,Male,7,2026-07-09,2026-07-11,ongoing
10358,66,Female,7,2026-07-01,2026-07-03,recovered
10359,48,Other,7,2026-07-22,2026-07-23,recovered
10360,55,Female,7,2026-07-12,2026-07-13,deceased
10361,26,Female,7,2026-07-27,2026-07-28,ongoing
10362,38,Male,7,2026-07-28,2026-07-30,recovered
10363,38,Female,7,2026-07-12,2026-07-14,ongoing
10364,54,Other,7,2026-07-11,2026-07-14,recovered
10365,33,Other,7,2026-07-01,2026-07-03,recovered
10366,50,Female,7,2026-07-17,2026-07-18,recovered
10367,35,Male,7,2026-07-28,2026-07-31,recovered
10368,46,Male,7,2026-07-06,2026-07-07,recovered
10369,50,Female,7,2026-07-21,2026-07-22,ongoing
10370,36,Other,7,2026-07-17,2026-07-18,recovered
10371,34,Male,7,2026-07-21,2026-07-23,recovered
10372,44,Male,7,2026-07-27,2026-07-28,recovered
10373,44,Female,7,2026-07-02,2026-07-03,recovered
10374,35,Male,7,2026-07-02,2026-07-03,referred
10375,27,Male,7,2026-07-04,2026-07-06,recovered
10376,42,Male,7,2026-07-18,2026-07-20,referred
10377,37,Other,7,2026-07-20,2026-07-21,ongoing
10378,41,Female,7,2026-07-04,2026-07-06,referred
10379,31,Female,7,2026-07-05,2026-07-06,referred
10380,32,Male,7,2026-07-03,2026-07-04,deceased
10381,30,Female,7,2026-07-04,2026-07-06,recovered
10382,59,Male,7,2026-07-27,2026-07-28,deceased
10383,71,Other,7,2026-07-09,2026-07-11,recovered
10384,40,Male,7,2026-07-20,2026-07-21,recovered
10385,35,Male,7,2026-07-08,2026-07-10,ongoing
10386,40,Male,7,2026-07-07,2026-07-10,deceased
10387,60,Female,7,2026-07-16,2026-07-17,referred
10388,39,Female,7,2026-07-17,2026-07-18,referred
10389,62,Female,7,2026-07-24,2026-07-25,recovered
10390,35,Male,7,2026-07-10,2026-07-13,ongoing
10391,43,Other,7,2026-07-22,2026-07-23,recovered
10392,50,Male,7,2026-07-21,2026-07-22,referred
10393,43,Male,7,2026-07-15,2026-07-17,deceased
10394,26,Male,7,2026-07-11,2026-07-12,recovered
10395,34,Male,7,2026-07-14,2026-07-15,recovered
10396,68,Other,7,2026-07-05,2026-07-08,deceased
10397,33,Female,7,2026-07-10,2026-07-13,recovered
10398,33,Other,7,2026-07-19,2026-07-20,deceased
10399,52,Female,7,2026-07-27,2026-07-28,recovered
10400,59,Female,7,2026-07-16,2026-07-18,deceased
10401,24,Male,7,2026-07-07,2026-07-08,ongoing
10402,42,Female,7,2026-07-10,2026-07-11,deceased
10403,35,Female,7,2026-07-24,2026-07-27,recovered
10404,63,Other,7,2026-07-26,2026-07-27,recovered
10405,30,Male,7,2026-07-24,2026-07-25,recovered
10406,65,Female,7,2026-07-25,2026-07-26,deceased
10407,46,Male,7,2026-07-23,2026-07-24,ongoing
10408,33,Female,7,2026-07-05,2026-07-07,recovered
10409,53,Female,7,2026-07-05,2026-07-07,recovered
10410,48,Male,7,2026-07-21,2026-07-24,recovered
10411,57,Female,7,2026-07-17,2026-07-19,recovered
10412,48,Male,7,2026-07-08,2026-07-10,recovered
10413,37,Female,7,2026-07-07,2026-07-08,recovered
10414,49,Female,7,2026-07-08,2026-07-10,recovered
10415,33,Other,7,2026-07-03,2026-07-05,referred
10416,31,Female,7,2026-07-16,2026-07-17,recovered
10417,40,Male,7,2026-07-05,2026-07-06,referred
10418,18,Female,7,2026-07-21,2026-07-24,recovered
10419,25,Female,7,2026-07-28,2026-07-30,ongoing
10420,48,Male,7,2026-07-12,2026-07-13,ongoing
10421,71,Female,7,2026-07-12,2026-07-13,deceased
10422,53,Male,7,2026-07-24,2026-07-27,recovered
10423,52,Male,7,2026-07-21,2026-07-23,referred
10424,37,Female,7,2026-07-12,2026-07-14,recovered
10425,50,Female,7,2026-07-25,2026-07-26,ongoing
10426,48,Male,7,2026-07-01,2026-07-02,referred
10427,53,Female,7,2026-07-17,2026-07-20,recovered
10428,54,Female,7,2026-07-09,2026-07-10,recovered
10429,18,Female,7,2026-07-25,2026-07-26,recovered
10430,34,Male,7,2026-07-11,2026-07-12,recovered
10431,40,Female,7,2026-07-08,2026-07-10,ongoing
10432,42,Other,7,2026-07-09,2026-07-11,ongoing
10433,31,Other,7,2026-07-25,2026-07-26,recovered
10434,42,Male,7,2026-07-02,2026-07-04,recovered
10435,56,Other,7,2026-07-23,2026-07-26,recovered
10436,22,Female,7,2026-07-15,2026-07-17,recovered
10437,35,Male,7,2026-07-21,2026-07-22,recovered
10438,39,Male,7,2026-07-15,2026-07-17,recovered
10439,40,Female,7,2026-07-04,2026-07-05,recovered
10440,56,Other,7,2026-07-26,2026-07-27,deceased
10441,44,Male,7,2026-07-20,2026-07-22,ongoing
10442,25,Female,7,2026-07-13,2026-07-15,deceased
10443,43,Female,7,2026-07-26,2026-07-28,recovered
10444,37,Female,7,2026-07-06,2026-07-07,recovered
10445,38,Male,7,2026-07-02,2026-07-03,deceased
10446,28,Female,7,2026-07-14,2026-07-16,deceased
10447,52,Female,7,2026-07-28,2026-07-29,recovered
10448,34,Male,7,2026-07-19,2026-07-20,deceased
10449,47,Female,7,2026-07-10,2026-07-13,ongoing
10450,48,Female,7,2026-07-13,2026-07-14,recovered
10451,32,Male,7,2026-07-06,2026-07-08,recovered
10452,18,Female,7,2026-07-01,2026-07-03,referred
10453,42,Other,7,2026-07-10,2026-07-13,recovered
10454,52,Male,7,2026-07-06,2026-07-07,recovered
10455,45,Male,7,2026-07-08,2026-07-10,recovered
10456,40,Other,7,2026-07-07,2026-07-08,ongoing
10457,40,Female,7,2026-07-06,2026-07-08,recovered
10458,35,Female,7,2026-07-02,2026-07-04,ongoing
10459,46,Female,7,2026-07-04,2026-07-06,ongoing
10460,54,Male,7,2026-07-11,2026-07-14,referred
10461,49,Other,7,2026-07-16,2026-07-19,recovered
10462,54,Female,7,2026-07-14,2026-07-16,recovered
10463,11,Other,7,2026-07-02,2026-07-05,deceased
10464,36,Male,7,2026-07-15,2026-07-16,recovered
10465,42,Male,7,2026-07-13,2026-07-14,referred
10466,61,Male,7,2026-07-15,2026-07-16,recovered
10467,45,Female,7,2026-07-08,2026-07-10,recovered
10468,49,Male,7,2026-07-04,2026-07-06,recovered
10469,47,Female,7,2026-07-16,2026-07-18,recovered
10470,49,Male,7,2026-07-06,2026-07-08,recovered
10471,30,Female,7,2026-07-26,2026-07-28,deceased
10472,40,Female,7,2026-07-15,2026-07-16,referred
10473,40,Female,7,2026-07-10,2026-07-11,recovered
10474,44,Female,7,2026-07-20,2026-07-21,recovered
10475,51,Male,7,2026-07-17,2026-07-19,recovered
10476,65,Male,7,2026-07-17,2026-07-20,recovered
10477,22,Female,7,2026-07-24,2026-07-25,recovered
10478,81,Other,7,2026-07-16,2026-07-18,deceased
10479,70,Male,7,2026-07-23,2026-07-24,recovered
10480,42,Male,7,2026-07-10,2026-07-11,recovered
10481,55,Male,7,2026-07-06,2026-07-07,recovered
10482,44,Other,7,2026-07-15,2026-07-17,referred
10483,48,Male,7,2026-07-27,2026-07-29,recovered
10484,65,Female,7,2026-07-09,2026-07-10,referred
10485,55,Male,7,2026-07-20,2026-07-22,recovered
10486,76,Male,7,2026-07-12,2026-07-15,ongoing
10487,64,Female,7,2026-07-27,2026-07-29,referred
10488,27,Other,7,2026-07-17,2026-07-18,recovered
10489,42,Other,7,2026-07-26,2026-07-28,recovered
10490,20,Male,7,2026-07-11,2026-07-12,ongoing
10491,36,Other,7,2026-07-21,2026-07-23,recovered
10492,57,Female,7,2026-07-02,2026-07-04,recovered
10493,50,Female,7,2026-07-26,2026-07-29,recovered
10494,51,Other,7,2026-07-01,2026-07-03,recovered
10495,28,Male,7,2026-07-28,2026-07-30,ongoing
10496,38,Female,7,2026-07-27,2026-07-28,recovered
10497,45,Other,7,2026-07-15,2026-07-17,recovered
10498,36,Male,7,2026-07-09,2026-07-11,referred
10499,63,Female,7,2026-07-13,2026-07-15,ongoing
10500,49,Female,7,2026-07-05,2026-07-07,recovered
10501,45,Female,7,2026-07-28,2026-07-31,recovered
10502,44,Male,7,2026-07-27,2026-07-28,deceased
10503,37,Male,7,2026-07-26,2026-07-28,deceased
10504,17,Male,7,2026-07-04,2026-07-06,deceased
10505,44,Male,7,2026-07-28,2026-07-29,recovered
10506,36,Female,7,2026-07-05,2026-07-06,recovered
10507,21,Other,7,2026-07-14,2026-07-16,deceased
10508,43,Male,7,2026-07-09,2026-07-12,ongoing
10509,53,Male,7,2026-07-13,2026-07-14,recovered
10510,46,Male,7,2026-07-27,2026-07-28,deceased
10511,52,Male,7,2026-07-07,2026-07-10,deceased
10512,56,Female,7,2026-07-24,2026-07-26,recovered
10513,56,Male,7,2026-07-21,2026-07-22,referred
10514,44,Female,7,2026-07-22,2026-07-25,recovered
10515,61,Female,7,2026-07-03,2026-07-04,deceased
10516,31,Male,7,2026-07-04,2026-07-05,recovered
10517,36,Male,7,2026-07-22,2026-07-24,ongoing
10518,50,Male,7,2026-07-24,2026-07-25,referred
10519,30,Female,7,2026-07-06,2026-07-07,recovered
10520,61,Female,7,2026-07-19,2026-07-20,ongoing
10521,27,Female,7,2026-07-15,2026-07-16,recovered
10522,52,Female,7,2026-07-10,2026-07-11,referred
10523,25,Male,7,2026-07-28,2026-07-29,recovered
10524,49,Male,7,2026-07-17,2026-07-18,referred
10525,53,Male,7,2026-07-03,2026-07-05,ongoing
10526,52,Female,7,2026-07-25,2026-07-26,ongoing
10527,49,Other,7,2026-07-21,2026-07-22,recovered
10528,49,Male,7,2026-07-10,2026-07-12,recovered
10529,49,Male,7,2026-07-09,2026-07-10,recovered
10530,46,Male,7,2026-07-06,2026-07-08,referred
10531,52,Male,7,2026-07-27,2026-07-29,recovered
10532,40,Male,7,2026-07-19,2026-07-21,referred
10533,49,Male,7,2026-07-14,2026-07-15,recovered
10534,41,Male,7,2026-07-15,2026-07-16,referred
10535,49,Male,7,2026-07-07,2026-07-08,recovered
10536,32,Other,7,2026-07-03,2026-07-04,ongoing
10537,58,Female,7,2026-07-15,2026-07-17,recovered
10538,48,Male,7,2026-07-26,2026-07-27,recovered
10539,49,Male,7,2026-07-04,2026-07-05,recovered
10540,76,Male,7,2026-07-01,2026-07-03,recovered
10541,40,Female,7,2026-07-24,2026-07-25,recovered
10542,46,Other,7,2026-07-11,2026-07-13,recovered
10543,41,Female,7,2026-07-04,2026-07-05,recovered
10544,50,Male,7,2026-07-28,2026-07-30,recovered
10545,37,Male,7,2026-07-07,2026-07-09,recovered
10546,38,Female,7,2026-07-04,2026-07-06,recovered
10547,70,Female,7,2026-07-01,2026-07-03,recovered
10548,37,Male,7,2026-07-12,2026-07-13,recovered
10549,51,Female,7,2026-07-07,2026-07-09,recovered
10550,48,Other,7,2026-07-11,2026-07-13,referred
10551,43,Male,7,2026-07-10,2026-07-11,ongoing
10552,36,Male,7,2026-07-17,2026-07-18,referred
10553,35,Female,7,2026-07-20,2026-07-21,deceased
10554,38,Male,7,2026-07-08,2026-07-09,referred
10555,28,Other,7,2026-07-01,2026-07-04,recovered
10556,35,Other,7,2026-07-26,2026-07-27,recovered
10557,44,Other,7,2026-07-25,2026-07-27,ongoing
10558,49,Female,7,2026-07-22,2026-07-24,deceased
10559,25,Other,7,2026-07-24,2026-07-26,recovered
10560,51,Female,7,2026-07-22,2026-07-24,ongoing
10561,62,Male,7,2026-07-17,2026-07-18,referred
10562,32,Male,7,2026-07-19,2026-07-21,ongoing
10563,44,Male,7,2026-07-05,2026-07-07,deceased
10564,53,Female,7,2026-07-02,2026-07-03,recovered
10565,46,Female,7,2026-07-21,2026-07-22,referred
10566,76,Female,7,2026-07-20,2026-07-22,recovered
10567,55,Female,7,2026-07-18,2026-07-19,ongoing
10568,50,Female,7,2026-07-21,2026-07-23,recovered
10569,58,Female,7,2026-07-27,2026-07-28,recovered
10570,46,Female,7,2026-07-20,2026-07-22,recovered
10571,46,Female,7,2026-07-15,2026-07-17,recovered
10572,45,Female,7,2026-07-02,2026-07-04,referred
10573,35,Female,7,2026-07-12,2026-07-13,referred
10574,18,Male,7,2026-07-25,2026-07-26,recovered
10575,26,Female,7,2026-07-19,2026-07-20,recovered
10576,37,Female,7,2026-07-03,2026-07-05,referred
10577,10,Female,7,2026-07-06,2026-07-07,ongoing
10578,56,Male,7,2026-07-26,2026-07-29,referred
10579,52,Other,7,2026-07-05,2026-07-06,deceased
10580,33,Female,7,2026-07-14,2026-07-17,deceased
10581,46,Male,7,2026-07-04,2026-07-07,recovered
10582,42,Male,7,2026-07-22,2026-07-23,referred
10583,26,Female,7,2026-07-19,2026-07-20,recovered
10584,18,Female,7,2026-07-16,2026-07-17,recovered
10585,48,Female,7,2026-07-25,2026-07-27,deceased
10586,68,Male,7,2026-07-19,2026-07-21,recovered
10587,7,Female,7,2026-07-13,2026-07-14,recovered
10588,70,Male,7,2026-07-26,2026-07-28,recovered
10589,37,Male,7,2026-07-17,2026-07-19,referred
10590,35,Female,7,2026-07-20,2026-07-21,recovered
10591,46,Other,7,2026-07-14,2026-07-16,deceased
10592,48,Male,7,2026-07-17,2026-07-19,recovered
10593,42,Other,7,2026-07-14,2026-07-17,referred
10594,49,Female,7,2026-07-10,2026-07-12,recovered
10595,34,Female,7,2026-07-07,2026-07-08,ongoing
10596,53,Other,7,2026-07-21,2026-07-23,ongoing
10597,50,Other,7,2026-07-02,2026-07-03,recovered
10598,48,Male,7,2026-07-24,2026-07-27,ongoing
10599,34,Male,7,2026-07-18,2026-07-19,recovered
10600,45,Male,7,2026-07-05,2026-07-07,recovered
10601,55,Male,7,2026-07-15,2026-07-16,deceased
10602,27,Male,7,2026-07-16,2026-07-17,recovered
10603,68,Male,7,2026-07-01,2026-07-04,recovered
10604,44,Female,7,2026-07-27,2026-07-29,referred
10605,50,Female,7,2026-07-28,2026-07-29,recovered
10606,33,Other,7,2026-07-20,2026-07-21,recovered
10607,53,Other,7,2026-07-27,2026-07-29,recovered
10608,46,Male,7,2026-07-07,2026-07-08,ongoing
10609,36,Male,7,2026-07-14,2026-07-15,deceased
10610,55,Male,7,2026-07-07,2026-07-09,recovered
10611,25,Female,7,2026-07-11,2026-07-12,recovered
10612,13,Female,7,2026-07-07,2026-07-09,recovered
10613,52,Male,7,2026-07-01,2026-07-03,deceased
10614,57,Female,7,2026-07-27,2026-07-29,recovered
10615,46,Female,7,2026-07-18,2026-07-19,deceased
10616,45,Female,7,2026-07-28,2026-07-29,deceased
10617,63,Male,7,2026-07-08,2026-07-09,ongoing
10618,58,Other,7,2026-07-22,2026-07-24,recovered
10619,21,Male,7,2026-07-12,2026-07-14,recovered
10620,41,Other,7,2026-07-13,2026-07-14,recovered
10621,44,Other,7,2026-07-16,2026-07-18,recovered
10622,55,Other,7,2026-07-09,2026-07-10,recovered
10623,55,Male,7,2026-07-24,2026-07-26,recovered
10624,36,Female,7,2026-07-21,2026-07-22,recovered
10625,31,Male,7,2026-07-23,2026-07-25,recovered
10626,49,Male,7,2026-07-09,2026-07-11,recovered
10627,44,Male,7,2026-07-24,2026-07-25,deceased
10628,36,Male,7,2026-07-26,2026-07-27,ongoing
10629,40,Female,7,2026-07-05,2026-07-08,ongoing
10630,27,Male,7,2026-07-17,2026-07-19,deceased
10631,46,Other,7,2026-07-20,2026-07-22,recovered
10632,53,Other,7,2026-07-09,2026-07-10,recovered
10633,46,Female,7,2026-07-18,2026-07-19,recovered
10634,56,Male,7,2026-07-03,2026-07-05,recovered
10635,42,Female,7,2026-07-09,2026-07-10,recovered
10636,35,Male,7,2026-07-13,2026-07-15,ongoing
10637,39,Female,7,2026-07-28,2026-07-29,ongoing
10638,55,Female,7,2026-07-10,2026-07-11,recovered
10639,40,Other,7,2026-07-17,2026-07-19,recovered
10640,38,Other,7,2026-07-01,2026-07-02,recovered
10641,30,Male,7,2026-08-18,2026-08-21,recovered
10642,66,Male,7,2026-08-24,2026-08-27,recovered
10643,51,Female,7,2026-08-03,2026-08-05,recovered
10644,40,Other,7,2026-08-13,2026-08-15,ongoing
10645,76,Female,7,2026-08-14,2026-08-15,deceased
10646,48,Other,7,2026-08-11,2026-08-13,recovered
10647,43,Male,7,2026-08-17,2026-08-19,deceased
10648,38,Female,7,2026-08-14,2026-08-15,deceased
10649,49,Male,7,2026-08-19,2026-08-20,referred
10650,35,Male,7,2026-08-22,2026-08-23,referred
10651,46,Female,7,2026-08-11,2026-08-12,recovered
10652,62,Female,7,2026-08-17,2026-08-19,referred
10653,57,Male,7,2026-08-09,2026-08-10,ongoing
10654,40,Male,7,2026-08-04,2026-08-07,ongoing
10655,62,Female,7,2026-08-17,2026-08-18,deceased
10656,49,Female,7,2026-08-11,2026-08-14,referred
10657,45,Female,7,2026-08-18,2026-08-20,recovered
10658,50,Other,7,2026-08-16,2026-08-17,deceased
10659,50,Female,7,2026-08-04,2026-08-06,ongoing
10660,25,Male,7,2026-08-14,2026-08-17,recovered
10661,47,Female,7,2026-08-02,2026-08-04,recovered
10662,21,Female,7,2026-08-26,2026-08-27,ongoing
10663,66,Male,7,2026-08-17,2026-08-18,recovered
10664,43,Female,7,2026-08-25,2026-08-26,recovered
10665,33,Female,7,2026-08-25,2026-08-27,deceased
10666,43,Male,7,2026-08-23,2026-08-24,recovered
10667,39,Female,7,2026-08-15,2026-08-17,recovered
10668,60,Male,7,2026-08-27,2026-08-28,deceased
10669,43,Other,7,2026-08-22,2026-08-23,recovered
10670,40,Male,7,2026-08-15,2026-08-16,recovered
10671,29,Male,7,2026-08-01,2026-08-02,recovered
10672,77,Female,7,2026-08-26,2026-08-29,referred
10673,33,Female,7,2026-08-02,2026-08-04,recovered
10674,54,Male,7,2026-08-03,2026-08-04,recovered
10675,29,Female,7,2026-08-09,2026-08-10,referred
10676,64,Male,7,2026-08-08,2026-08-09,recovered
10677,34,Female,7,2026-08-14,2026-08-16,referred
10678,32,Female,7,2026-08-09,2026-08-11,recovered
10679,37,Female,7,2026-08-18,2026-08-19,referred
10680,47,Female,7,2026-08-12,2026-08-14,recovered
10681,69,Female,7,2026-08-02,2026-08-04,recovered
10682,56,Male,7,2026-08-03,2026-08-05,deceased
10683,35,Male,7,2026-08-03,2026-08-05,recovered
10684,71,Female,7,2026-08-27,2026-08-29,recovered
10685,52,Male,7,2026-08-14,2026-08-16,ongoing
10686,16,Female,7,2026-08-21,2026-08-24,recovered
10687,50,Female,7,2026-08-17,2026-08-18,recovered
10688,29,Male,7,2026-08-13,2026-08-14,recovered
10689,67,Male,7,2026-08-08,2026-08-09,recovered
10690,44,Female,7,2026-08-04,2026-08-06,recovered
10691,48,Female,7,2026-08-22,2026-08-24,recovered
10692,28,Female,7,2026-08-27,2026-08-28,recovered
10693,56,Male,7,2026-08-06,2026-08-08,recovered
10694,38,Male,7,2026-08-06,2026-08-07,recovered
10695,68,Other,7,2026-08-22,2026-08-24,referred
10696,47,Other,7,2026-08-17,2026-08-19,recovered
10697,36,Female,7,2026-08-20,2026-08-21,referred
10698,36,Female,7,2026-08-10,2026-08-12,recovered
10699,32,Male,7,2026-08-22,2026-08-23,recovered
10700,38,Female,7,2026-08-09,2026-08-11,recovered
10701,39,Male,7,2026-08-17,2026-08-19,recovered
10702,27,Female,7,2026-08-18,2026-08-20,recovered
10703,25,Male,7,2026-08-25,2026-08-27,recovered
10704,29,Other,7,2026-08-28,2026-08-29,recovered
10705,55,Male,7,2026-08-24,2026-08-25,deceased
10706,34,Male,7,2026-08-23,2026-08-25,referred
10707,46,Other,7,2026-08-21,2026-08-23,ongoing
10708,51,Female,7,2026-08-23,2026-08-25,ongoing
10709,50,Male,7,2026-08-11,2026-08-12,recovered
10710,39,Male,7,2026-08-05,2026-08-07,deceased
10711,40,Other,7,2026-08-18,2026-08-20,recovered
10712,58,Other,7,2026-08-23,2026-08-25,referred
10713,65,Female,7,2026-08-18,2026-08-20,recovered
10714,51,Female,7,2026-08-27,2026-08-28,recovered
10715,47,Male,7,2026-08-06,2026-08-07,recovered
10716,39,Female,7,2026-08-18,2026-08-19,deceased
10717,50,Female,7,2026-08-18,2026-08-19,recovered
10718,40,Female,7,2026-08-03,2026-08-05,recovered
10719,46,Female,7,2026-08-16,2026-08-18,recovered
10720,61,Female,7,2026-08-03,2026-08-04,recovered
10721,55,Male,7,2026-08-19,2026-08-21,recovered
10722,54,Female,7,2026-08-06,2026-08-07,ongoing
10723,41,Female,7,2026-08-24,2026-08-26,recovered
10724,26,Male,7,2026-08-13,2026-08-14,ongoing
10725,9,Female,7,2026-08-05,2026-08-06,recovered
10726,52,Other,7,2026-08-09,2026-08-11,recovered
10727,42,Female,7,2026-08-15,2026-08-16,recovered
10728,39,Other,7,2026-08-21,2026-08-22,recovered
10729,36,Female,7,2026-08-15,2026-08-17,recovered
10730,59,Other,7,2026-08-11,2026-08-14,ongoing
10731,63,Male,7,2026-08-02,2026-08-05,deceased
10732,48,Female,7,2026-08-03,2026-08-04,recovered
10733,52,Male,7,2026-08-09,2026-08-10,recovered
10734,52,Other,7,2026-08-12,2026-08-14,recovered
10735,50,Other,7,2026-08-28,2026-08-29,recovered
10736,47,Other,7,2026-08-03,2026-08-04,recovered
10737,31,Female,7,2026-08-15,2026-08-17,referred
10738,51,Male,7,2026-08-20,2026-08-21,recovered
10739,24,Male,7,2026-08-04,2026-08-06,recovered
10740,61,Female,7,2026-08-18,2026-08-19,recovered
10741,71,Male,7,2026-08-06,2026-08-07,recovered
10742,42,Female,7,2026-08-08,2026-08-10,deceased
10743,54,Male,7,2026-08-24,2026-08-25,referred
10744,52,Other,7,2026-08-13,2026-08-14,recovered
10745,38,Other,7,2026-08-10,2026-08-12,deceased
10746,34,Female,7,2026-08-28,2026-08-30,recovered
10747,45,Female,7,2026-08-08,2026-08-09,ongoing
10748,44,Male,7,2026-08-22,2026-08-24,ongoing
10749,54,Female,7,2026-08-07,2026-08-08,recovered
10750,49,Female,7,2026-08-10,2026-08-11,deceased
10751,33,Female,7,2026-08-13,2026-08-15,recovered
10752,34,Female,7,2026-08-17,2026-08-18,referred
10753,56,Male,7,2026-08-28,2026-08-30,ongoing
10754,43,Male,7,2026-08-17,2026-08-19,referred
10755,47,Female,7,2026-08-13,2026-08-16,deceased
10756,51,Other,7,2026-08-15,2026-08-17,recovered
10757,55,Male,7,2026-08-21,2026-08-22,recovered
10758,23,Male,7,2026-08-28,2026-08-31,recovered
10759,48,Other,7,2026-08-20,2026-08-22,deceased
10760,49,Male,7,2026-08-06,2026-08-07,recovered
10761,42,Other,7,2026-08-21,2026-08-23,referred
10762,41,Female,7,2026-08-16,2026-08-18,recovered
10763,49,Male,7,2026-08-19,2026-08-21,recovered
10764,59,Female,7,2026-08-05,2026-08-08,ongoing
10765,38,Other,7,2026-08-05,2026-08-07,deceased
10766,39,Male,7,2026-08-02,2026-08-03,deceased
10767,39,Male,7,2026-08-22,2026-08-25,recovered
10768,33,Male,7,2026-08-16,2026-08-19,recovered
10769,62,Female,7,2026-08-18,2026-08-21,ongoing
10770,52,Male,7,2026-08-02,2026-08-05,recovered
10771,71,Male,7,2026-08-24,2026-08-27,referred
10772,50,Female,7,2026-08-23,2026-08-24,ongoing
10773,42,Male,7,2026-08-01,2026-08-02,recovered
10774,36,Male,7,2026-08-08,2026-08-09,recovered
10775,67,Male,7,2026-08-09,2026-08-10,recovered
10776,61,Other,7,2026-08-09,2026-08-11,referred
10777,32,Female,7,2026-08-24,2026-08-26,ongoing
10778,32,Other,7,2026-08-24,2026-08-27,recovered
10779,62,Male,7,2026-08-27,2026-08-30,ongoing
10780,29,Female,7,2026-08-28,2026-08-29,recovered
10781,16,Other,7,2026-08-03,2026-08-05,recovered
10782,61,Male,7,2026-08-01,2026-08-04,ongoing
10783,48,Other,7,2026-08-10,2026-08-12,recovered
10784,57,Other,7,2026-08-03,2026-08-04,recovered
10785,24,Female,7,2026-08-04,2026-08-06,referred
10786,76,Female,7,2026-08-14,2026-08-15,recovered
10787,28,Female,7,2026-08-07,2026-08-09,referred
10788,64,Female,7,2026-08-09,2026-08-11,recovered
10789,53,Male,7,2026-08-05,2026-08-06,recovered
10790,33,Male,7,2026-08-07,2026-08-08,recovered
10791,49,Female,7,2026-08-08,2026-08-09,recovered
10792,10,Other,7,2026-08-22,2026-08-25,ongoing
10793,32,Other,7,2026-08-24,2026-08-26,recovered
10794,28,Other,7,2026-08-28,2026-08-30,recovered
10795,40,Male,7,2026-08-02,2026-08-03,recovered
10796,72,Male,7,2026-08-12,2026-08-15,referred
10797,50,Male,7,2026-08-13,2026-08-15,deceased
10798,65,Female,7,2026-08-11,2026-08-13,deceased
10799,46,Other,7,2026-08-26,2026-08-28,recovered
10800,39,Male,7,2026-08-12,2026-08-13,referred
10801,34,Female,7,2026-08-01,2026-08-02,deceased
10802,31,Female,7,2026-08-25,2026-08-26,referred
10803,39,Male,7,2026-08-01,2026-08-03,ongoing
10804,33,Other,7,2026-08-27,2026-08-28,deceased
10805,42,Female,7,2026-08-13,2026-08-15,ongoing
10806,34,Male,7,2026-08-09,2026-08-10,recovered
10807,35,Female,7,2026-08-26,2026-08-28,recovered
10808,30,Other,7,2026-08-25,2026-08-28,deceased
10809,36,Other,7,2026-08-21,2026-08-22,recovered
10810,44,Female,7,2026-08-07,2026-08-09,recovered
10811,48,Other,7,2026-08-16,2026-08-17,deceased
10812,47,Male,7,2026-08-18,2026-08-19,ongoing
10813,54,Female,7,2026-08-12,2026-08-13,ongoing
10814,48,Male,7,2026-08-03,2026-08-05,recovered
10815,42,Male,7,2026-08-24,2026-08-26,recovered
10816,38,Male,7,2026-08-11,2026-08-12,ongoing
10817,52,Female,7,2026-08-04,2026-08-05,recovered
10818,34,Male,7,2026-08-01,2026-08-02,ongoing
10819,44,Female,7,2026-08-27,2026-08-28,referred
10820,38,Other,7,2026-08-07,2026-08-09,recovered
10821,27,Female,7,2026-08-01,2026-08-03,recovered
10822,35,Other,7,2026-08-11,2026-08-13,recovered
10823,41,Male,7,2026-08-05,2026-08-06,recovered
10824,49,Other,7,2026-08-05,2026-08-07,ongoing
10825,48,Female,7,2026-08-15,2026-08-16,referred
10826,42,Female,7,2026-08-05,2026-08-06,ongoing
10827,47,Male,7,2026-08-09,2026-08-10,deceased
10828,38,Female,7,2026-08-10,2026-08-12,recovered
10829,58,Male,7,2026-08-09,2026-08-11,deceased
10830,48,Female,7,2026-08-05,2026-08-08,deceased
10831,27,Other,7,2026-08-03,2026-08-04,recovered
10832,60,Male,7,2026-08-17,2026-08-18,recovered
10833,42,Male,7,2026-08-03,2026-08-04,recovered
10834,35,Female,7,2026-08-14,2026-08-15,recovered
10835,33,Female,7,2026-08-12,2026-08-14,recovered
10836,54,Female,7,2026-08-08,2026-08-10,recovered
10837,41,Female,7,2026-08-17,2026-08-18,recovered
10838,56,Male,7,2026-08-06,2026-08-08,referred
10839,41,Female,7,2026-08-16,2026-08-17,ongoing
10840,42,Other,7,2026-08-22,2026-08-25,deceased
10841,43,Other,7,2026-08-21,2026-08-22,deceased
10842,32,Female,7,2026-08-24,2026-08-27,ongoing
10843,32,Male,7,2026-08-21,2026-08-22,recovered
10844,41,Male,7,2026-08-16,2026-08-17,referred
10845,12,Male,7,2026-08-17,2026-08-19,recovered
10846,51,Other,7,2026-08-27,2026-08-30,recovered
10847,59,Male,7,2026-08-12,2026-08-14,recovered
10848,35,Other,7,2026-08-11,2026-08-12,recovered
10849,57,Other,7,2026-08-19,2026-08-20,recovered
10850,42,Male,7,2026-08-09,2026-08-10,recovered
10851,50,Female,7,2026-08-05,2026-08-06,recovered
10852,61,Female,7,2026-08-25,2026-08-27,ongoing
10853,59,Other,7,2026-08-18,2026-08-19,recovered
10854,68,Female,7,2026-08-21,2026-08-24,recovered
10855,39,Male,7,2026-08-11,2026-08-13,recovered
10856,36,Male,7,2026-08-02,2026-08-03,deceased
10857,75,Male,7,2026-08-16,2026-08-18,recovered
10858,70,Female,7,2026-08-12,2026-08-15,recovered
10859,49,Female,7,2026-08-24,2026-08-25,recovered
10860,46,Male,7,2026-08-28,2026-08-29,recovered
10861,57,Male,7,2026-08-04,2026-08-05,recovered
10862,50,Female,7,2026-08-03,2026-08-04,referred
10863,47,Male,7,2026-08-16,2026-08-18,recovered
10864,42,Female,7,2026-08-22,2026-08-25,referred
10865,47,Female,7,2026-08-05,2026-08-07,recovered
10866,44,Other,7,2026-08-02,2026-08-04,recovered
10867,34,Other,7,2026-08-13,2026-08-15,recovered
10868,30,Female,7,2026-08-23,2026-08-24,referred
10869,45,Female,7,2026-08-19,2026-08-20,recovered
10870,39,Female,7,2026-08-01,2026-08-03,deceased
10871,39,Female,7,2026-08-10,2026-08-12,referred
10872,50,Other,7,2026-08-13,2026-08-14,recovered
10873,51,Male,7,2026-08-17,2026-08-18,ongoing
10874,46,Male,7,2026-08-28,2026-08-29,recovered
10875,39,Male,7,2026-08-22,2026-08-25,recovered
10876,51,Female,7,2026-08-03,2026-08-04,deceased
10877,44,Male,7,2026-08-26,2026-08-29,ongoing
10878,37,Female,7,2026-08-24,2026-08-25,recovered
10879,48,Male,7,2026-08-25,2026-08-27,recovered
10880,35,Female,7,2026-08-03,2026-08-04,referred
10881,39,Male,7,2026-08-28,2026-08-30,recovered
10882,35,Female,7,2026-08-19,2026-08-21,recovered
10883,24,Male,7,2026-08-04,2026-08-06,recovered
10884,41,Male,7,2026-08-26,2026-08-27,recovered
10885,57,Female,7,2026-08-18,2026-08-21,recovered
10886,57,Male,7,2026-08-04,2026-08-05,ongoing
10887,39,Female,7,2026-08-13,2026-08-14,deceased
10888,49,Male,7,2026-08-06,2026-08-08,recovered
10889,43,Female,7,2026-08-26,2026-08-28,referred
10890,34,Female,7,2026-08-19,2026-08-21,recovered
10891,35,Male,7,2026-08-26,2026-08-27,ongoing
10892,32,Female,7,2026-08-22,2026-08-23,referred
10893,70,Other,7,2026-08-03,2026-08-04,recovered
10894,40,Male,7,2026-08-21,2026-08-22,recovered
10895,55,Other,7,2026-08-05,2026-08-07,recovered
10896,24,Female,7,2026-08-06,2026-08-07,recovered
10897,33,Male,7,2026-08-20,2026-08-22,recovered
10898,52,Female,7,2026-08-10,2026-08-12,deceased
10899,56,Female,7,2026-08-24,2026-08-25,recovered
10900,56,Female,7,2026-08-17,2026-08-18,referred
10901,40,Male,7,2026-08-15,2026-08-17,ongoing
10902,58,Other,7,2026-08-14,2026-08-15,referred
10903,65,Female,7,2026-08-10,2026-08-11,referred
10904,65,Other,7,2026-08-21,2026-08-23,deceased
10905,55,Male,7,2026-08-26,2026-08-29,deceased
10906,53,Female,7,2026-08-10,2026-08-11,deceased
10907,47,Male,7,2026-08-11,2026-08-12,referred
10908,26,Male,7,2026-08-15,2026-08-17,referred
10909,42,Female,7,2026-08-15,2026-08-17,referred
10910,30,Male,7,2026-08-02,2026-08-04,recovered
10911,60,Male,7,2026-08-07,2026-08-08,deceased
10912,46,Female,7,2026-08-09,2026-08-10,recovered
10913,51,Other,7,2026-08-12,2026-08-14,recovered
10914,50,Female,7,2026-08-13,2026-08-14,recovered
10915,34,Female,7,2026-08-02,2026-08-03,recovered
10916,61,Female,7,2026-08-28,2026-08-30,recovered
10917,37,Female,7,2026-08-10,2026-08-12,recovered
10918,54,Male,7,2026-08-05,2026-08-07,recovered
10919,37,Female,7,2026-08-15,2026-08-16,recovered
10920,44,Male,7,2026-08-06,2026-08-07,recovered
10921,56,Female,7,2026-08-01,2026-08-02,recovered
10922,37,Male,7,2026-08-13,2026-08-14,deceased
10923,42,Male,7,2026-08-22,2026-08-23,ongoing
10924,59,Female,7,2026-08-14,2026-08-15,recovered
10925,54,Female,7,2026-08-06,2026-08-07,recovered
10926,48,Female,7,2026-08-24,2026-08-26,referred
10927,47,Male,7,2026-08-27,2026-08-30,referred
10928,52,Male,7,2026-08-01,2026-08-02,recovered
10929,30,Male,7,2026-08-13,2026-08-15,ongoing
10930,57,Male,7,2026-08-17,2026-08-18,recovered
10931,35,Male,7,2026-08-07,2026-08-08,referred
10932,39,Female,7,2026-08-01,2026-08-03,recovered
10933,22,Male,7,2026-08-18,2026-08-20,recovered
10934,46,Female,7,2026-08-26,2026-08-27,recovered
10935,70,Female,7,2026-08-04,2026-08-06,recovered
10936,68,Female,7,2026-08-04,2026-08-06,ongoing
10937,42,Other,7,2026-08-26,2026-08-27,recovered
10938,43,Male,7,2026-08-12,2026-08-13,referred
10939,51,Female,7,2026-08-26,2026-08-27,deceased
10940,40,Female,7,2026-08-02,2026-08-05,recovered
10941,58,Female,7,2026-08-26,2026-08-28,recovered
10942,38,Other,7,2026-08-18,2026-08-19,ongoing
10943,36,Female,7,2026-08-28,2026-08-29,recovered
10944,44,Female,7,2026-08-10,2026-08-11,recovered
10945,23,Female,7,2026-08-03,2026-08-05,referred
10946,62,Female,7,2026-08-28,2026-08-30,ongoing
10947,50,Female,7,2026-08-25,2026-08-27,recovered
10948,47,Other,7,2026-08-21,2026-08-22,recovered
10949,22,Female,7,2026-08-07,2026-08-09,recovered
10950,71,Male,7,2026-08-15,2026-08-17,recovered
10951,49,Female,7,2026-08-10,2026-08-12,referred
10952,32,Other,7,2026-08-06,2026-08-07,referred
10953,44,Male,7,2026-08-20,2026-08-21,referred
10954,48,Female,7,2026-08-06,2026-08-07,referred
10955,40,Other,7,2026-08-24,2026-08-25,recovered
10956,39,Other,7,2026-08-07,2026-08-09,recovered
10957,53,Female,7,2026-08-02,2026-08-03,recovered
10958,37,Male,7,2026-08-24,2026-08-25,recovered
10959,51,Other,7,2026-08-16,2026-08-18,deceased
10960,48,Male,7,2026-09-25,2026-09-27,recovered
10961,44,Male,7,2026-09-10,2026-09-11,recovered
10962,22,Male,7,2026-09-16,2026-09-17,recovered
10963,18,Male,7,2026-09-20,2026-09-22,recovered
10964,52,Female,7,2026-09-07,2026-09-08,recovered
10965,55,Male,7,2026-09-15,2026-09-17,deceased
10966,43,Female,7,2026-09-11,2026-09-14,recovered
10967,55,Male,7,2026-09-10,2026-09-12,recovered
10968,37,Female,7,2026-09-19,2026-09-21,recovered
10969,47,Female,7,2026-09-25,2026-09-26,recovered
10970,71,Male,7,2026-09-20,2026-09-21,recovered
10971,40,Other,7,2026-09-27,2026-09-29,referred
10972,52,Female,7,2026-09-06,2026-09-08,deceased
10973,18,Female,7,2026-09-19,2026-09-20,recovered
10974,26,Male,7,2026-09-28,2026-09-30,recovered
10975,33,Female,7,2026-09-18,2026-09-19,recovered
10976,41,Male,7,2026-09-03,2026-09-05,referred
10977,32,Male,7,2026-09-16,2026-09-17,deceased
10978,21,Other,7,2026-09-17,2026-09-20,deceased
10979,62,Female,7,2026-09-08,2026-09-09,recovered
10980,46,Other,7,2026-09-22,2026-09-23,recovered
10981,50,Female,7,2026-09-24,2026-09-26,deceased
10982,59,Other,7,2026-09-21,2026-09-22,recovered
10983,32,Other,7,2026-09-28,2026-09-29,recovered
10984,43,Female,7,2026-09-18,2026-09-21,ongoing
10985,45,Female,7,2026-09-12,2026-09-13,deceased
10986,48,Male,7,2026-09-05,2026-09-07,recovered
10987,24,Male,7,2026-09-20,2026-09-21,recovered
10988,58,Female,7,2026-09-28,2026-09-29,ongoing
10989,49,Male,7,2026-09-02,2026-09-03,recovered
10990,68,Female,7,2026-09-22,2026-09-23,recovered
10991,27,Other,7,2026-09-15,2026-09-17,recovered
10992,45,Female,7,2026-09-21,2026-09-22,referred
10993,41,Male,7,2026-09-23,2026-09-25,recovered
10994,62,Female,7,2026-09-16,2026-09-18,ongoing
10995,47,Other,7,2026-09-08,2026-09-10,deceased
10996,13,Male,7,2026-09-17,2026-09-18,recovered
10997,49,Other,7,2026-09-22,2026-09-24,deceased
10998,29,Male,7,2026-09-12,2026-09-14,referred
10999,58,Other,7,2026-09-22,2026-09-23,deceased
11000,52,Male,7,2026-09-17,2026-09-19,ongoing
11001,47,Female,7,2026-09-18,2026-09-20,recovered
11002,46,Female,7,2026-09-13,2026-09-15,recovered
11003,41,Female,7,2026-09-09,2026-09-11,recovered
11004,51,Female,7,2026-09-20,2026-09-21,recovered
11005,37,Female,7,2026-09-08,2026-09-10,recovered
11006,25,Male,7,2026-09-06,2026-09-08,deceased
11007,45,Male,7,2026-09-11,2026-09-14,recovered
11008,56,Female,7,2026-09-20,2026-09-22,deceased
11009,58,Male,7,2026-09-28,2026-09-29,recovered
11010,39,Female,7,2026-09-03,2026-09-05,recovered
11011,45,Male,7,2026-09-27,2026-09-29,ongoing
11012,40,Male,7,2026-09-13,2026-09-14,deceased
11013,51,Other,7,2026-09-19,2026-09-21,recovered
11014,38,Male,7,2026-09-14,2026-09-16,referred
11015,41,Other,7,2026-09-11,2026-09-13,recovered
11016,51,Female,7,2026-09-13,2026-09-15,recovered
11017,70,Female,7,2026-09-22,2026-09-23,referred
11018,60,Female,7,2026-09-01,2026-09-02,referred
11019,40,Female,7,2026-09-19,2026-09-20,recovered
11020,28,Female,7,2026-09-12,2026-09-14,recovered
11021,36,Male,7,2026-09-14,2026-09-16,recovered
11022,31,Female,7,2026-09-15,2026-09-17,referred
11023,22,Other,7,2026-09-28,2026-09-29,recovered
11024,23,Female,7,2026-09-20,2026-09-21,ongoing
11025,44,Female,7,2026-09-15,2026-09-16,recovered
11026,37,Other,7,2026-09-10,2026-09-12,deceased
11027,53,Female,7,2026-09-26,2026-09-27,referred
11028,51,Female,7,2026-09-01,2026-09-03,referred
11029,43,Female,7,2026-09-09,2026-09-12,recovered
11030,50,Female,7,2026-09-14,2026-09-15,recovered
11031,42,Female,7,2026-09-16,2026-09-18,recovered
11032,34,Male,7,2026-09-04,2026-09-06,recovered
11033,41,Female,7,2026-09-21,2026-09-22,recovered
11034,27,Other,7,2026-09-17,2026-09-18,recovered
11035,49,Male,7,2026-09-08,2026-09-09,recovered
11036,59,Male,7,2026-09-22,2026-09-23,ongoing
11037,37,Female,7,2026-09-08,2026-09-10,recovered
11038,59,Male,7,2026-09-06,2026-09-08,recovered
11039,50,Female,7,2026-09-11,2026-09-12,recovered
11040,43,Female,7,2026-09-21,2026-09-22,referred
11041,48,Male,7,2026-09-23,2026-09-24,ongoing
11042,65,Male,7,2026-09-22,2026-09-25,recovered
11043,49,Female,7,2026-09-08,2026-09-11,referred
11044,56,Male,7,2026-09-03,2026-09-05,deceased
11045,34,Female,7,2026-09-07,2026-09-08,recovered
11046,32,Female,7,2026-09-10,2026-09-11,ongoing
11047,42,Female,7,2026-09-19,2026-09-22,ongoing
11048,38,Other,7,2026-09-05,2026-09-07,referred
11049,41,Other,7,2026-09-09,2026-09-10,recovered
11050,43,Other,7,2026-09-12,2026-09-13,recovered
11051,67,Other,7,2026-09-19,2026-09-22,recovered
11052,42,Male,7,2026-09-14,2026-09-16,recovered
11053,53,Female,7,2026-09-20,2026-09-22,referred
11054,52,Female,7,2026-09-14,2026-09-15,recovered
11055,52,Female,7,2026-09-17,2026-09-20,referred
11056,51,Male,7,2026-09-10,2026-09-12,recovered
11057,55,Female,7,2026-09-04,2026-09-05,recovered
11058,45,Female,7,2026-09-22,2026-09-23,recovered
11059,34,Male,7,2026-09-16,2026-09-17,recovered
11060,45,Male,7,2026-09-20,2026-09-22,recovered
11061,63,Other,7,2026-09-26,2026-09-27,recovered
11062,59,Female,7,2026-09-28,2026-09-29,ongoing
11063,59,Female,7,2026-09-25,2026-09-26,deceased
11064,43,Other,7,2026-09-02,2026-09-03,recovered
11065,65,Male,7,2026-09-06,2026-09-08,referred
11066,53,Other,7,2026-09-13,2026-09-15,referred
11067,38,Male,7,2026-09-15,2026-09-16,recovered
11068,29,Male,7,2026-09-09,2026-09-10,ongoing
11069,38,Male,7,2026-09-27,2026-09-28,recovered
11070,52,Male,7,2026-09-11,2026-09-12,recovered
11071,34,Female,7,2026-09-13,2026-09-15,ongoing
11072,49,Male,7,2026-09-28,2026-09-30,recovered
11073,19,Female,7,2026-09-08,2026-09-10,recovered
11074,50,Female,7,2026-09-10,2026-09-11,deceased
11075,39,Female,7,2026-09-19,2026-09-21,recovered
11076,42,Other,7,2026-09-22,2026-09-24,recovered
11077,42,Other,7,2026-09-13,2026-09-14,recovered
11078,40,Other,7,2026-09-21,2026-09-22,deceased
11079,51,Other,7,2026-09-17,2026-09-18,ongoing
11080,51,Female,7,2026-09-14,2026-09-16,deceased
11081,60,Male,7,2026-09-28,2026-09-29,ongoing
11082,38,Other,7,2026-09-19,2026-09-20,recovered
11083,45,Female,7,2026-09-25,2026-09-26,referred
11084,57,Female,7,2026-09-26,2026-09-28,recovered
11085,41,Female,7,2026-09-11,2026-09-13,referred
11086,34,Female,7,2026-09-14,2026-09-15,recovered
11087,66,Female,7,2026-09-17,2026-09-19,recovered
11088,56,Male,7,2026-09-28,2026-09-29,ongoing
11089,62,Male,7,2026-09-25,2026-09-26,deceased
11090,42,Other,7,2026-09-02,2026-09-03,ongoing
11091,46,Male,7,2026-09-20,2026-09-21,ongoing
11092,38,Male,7,2026-09-14,2026-09-15,ongoing
11093,40,Male,7,2026-09-19,2026-09-21,referred
11094,29,Female,7,2026-09-21,2026-09-22,ongoing
11095,46,Female,7,2026-09-07,2026-09-09,recovered
11096,33,Male,7,2026-09-10,2026-09-12,recovered
11097,37,Male,7,2026-09-06,2026-09-09,ongoing
11098,54,Female,7,2026-09-13,2026-09-14,recovered
11099,13,Female,7,2026-09-10,2026-09-13,recovered
11100,34,Male,7,2026-09-02,2026-09-03,recovered
11101,24,Male,7,2026-09-24,2026-09-26,recovered
11102,46,Female,7,2026-09-12,2026-09-13,recovered
11103,47,Female,7,2026-09-13,2026-09-16,deceased
11104,35,Other,7,2026-09-22,2026-09-24,deceased
11105,61,Other,7,2026-09-20,2026-09-22,recovered
11106,53,Male,7,2026-09-13,2026-09-15,deceased
11107,66,Male,7,2026-09-27,2026-09-30,recovered
11108,60,Female,7,2026-09-06,2026-09-08,recovered
11109,42,Male,7,2026-09-26,2026-09-27,referred
11110,47,Male,7,2026-09-24,2026-09-25,ongoing
11111,56,Male,7,2026-09-05,2026-09-07,recovered
11112,58,Other,7,2026-09-25,2026-09-27,recovered
11113,43,Male,7,2026-09-01,2026-09-02,recovered
11114,41,Female,7,2026-09-15,2026-09-16,recovered
11115,31,Male,7,2026-09-20,2026-09-22,recovered
11116,1,Female,7,2026-09-08,2026-09-10,referred
11117,22,Male,7,2026-09-20,2026-09-21,recovered
11118,25,Male,7,2026-09-23,2026-09-25,recovered
11119,53,Female,7,2026-09-18,2026-09-19,recovered
11120,54,Other,7,2026-09-27,2026-09-30,ongoing
11121,53,Other,7,2026-09-10,2026-09-12,recovered
11122,35,Other,7,2026-09-07,2026-09-09,recovered
11123,48,Male,7,2026-09-26,2026-09-27,recovered
11124,49,Female,7,2026-09-14,2026-09-16,referred
11125,33,Other,7,2026-09-25,2026-09-27,recovered
11126,26,Other,7,2026-09-07,2026-09-08,recovered
11127,51,Female,7,2026-09-28,2026-10-01,referred
11128,42,Female,7,2026-09-16,2026-09-18,recovered
11129,26,Male,7,2026-09-10,2026-09-12,deceased
11130,19,Female,7,2026-09-23,2026-09-25,recovered
11131,66,Other,7,2026-09-18,2026-09-20,recovered
11132,74,Male,7,2026-09-03,2026-09-05,recovered
11133,49,Other,7,2026-09-22,2026-09-23,recovered
11134,53,Other,7,2026-09-15,2026-09-18,recovered
11135,46,Male,7,2026-09-22,2026-09-23,recovered
11136,42,Other,7,2026-09-28,2026-09-29,ongoing
11137,65,Male,7,2026-09-08,2026-09-10,deceased
11138,44,Male,7,2026-09-22,2026-09-23,recovered
11139,45,Male,7,2026-09-20,2026-09-22,recovered
11140,57,Male,7,2026-09-22,2026-09-23,ongoing
11141,28,Female,7,2026-09-21,2026-09-23,referred
11142,68,Female,7,2026-09-06,2026-09-08,ongoing
11143,57,Female,7,2026-09-19,2026-09-21,recovered
11144,65,Other,7,2026-09-17,2026-09-19,recovered
11145,32,Male,7,2026-09-02,2026-09-03,recovered
11146,46,Male,7,2026-09-11,2026-09-12,ongoing
11147,52,Female,7,2026-09-21,2026-09-22,recovered
11148,63,Other,7,2026-09-17,2026-09-19,recovered
11149,28,Male,7,2026-09-20,2026-09-21,recovered
11150,36,Female,7,2026-09-13,2026-09-15,recovered
11151,30,Male,7,2026-09-08,2026-09-09,deceased
11152,43,Male,7,2026-09-07,2026-09-10,ongoing
11153,49,Female,7,2026-09-22,2026-09-23,recovered
11154,55,Female,7,2026-09-17,2026-09-19,recovered
11155,38,Female,7,2026-09-18,2026-09-19,recovered
11156,54,Male,7,2026-09-03,2026-09-04,referred
11157,36,Male,7,2026-09-23,2026-09-26,referred
11158,22,Male,7,2026-09-10,2026-09-11,ongoing
11159,44,Male,7,2026-09-28,2026-09-29,recovered
11160,44,Other,7,2026-09-12,2026-09-13,deceased
11161,47,Male,7,2026-09-15,2026-09-16,referred
11162,51,Male,7,2026-09-21,2026-09-22,ongoing
11163,39,Other,7,2026-09-20,2026-09-21,ongoing
11164,53,Male,7,2026-09-08,2026-09-10,recovered
11165,41,Female,7,2026-09-06,2026-09-07,referred
11166,66,Male,7,2026-09-16,2026-09-17,recovered
11167,55,Other,7,2026-09-05,2026-09-08,recovered
11168,35,Male,7,2026-09-27,2026-09-29,recovered
11169,45,Male,7,2026-09-04,2026-09-05,recovered
11170,49,Female,7,2026-09-25,2026-09-27,recovered
11171,50,Female,7,2026-09-23,2026-09-24,recovered
11172,56,Other,7,2026-09-14,2026-09-15,ongoing
11173,57,Female,7,2026-09-20,2026-09-21,recovered
11174,36,Female,7,2026-09-04,2026-09-06,recovered
11175,41,Other,7,2026-09-12,2026-09-14,recovered
11176,28,Female,7,2026-09-13,2026-09-16,recovered
11177,59,Male,7,2026-09-03,2026-09-05,deceased
11178,72,Other,7,2026-09-20,2026-09-21,recovered
11179,45,Female,7,2026-09-28,2026-09-29,deceased
11180,29,Female,7,2026-09-15,2026-09-16,deceased
11181,75,Female,7,2026-09-15,2026-09-17,recovered
11182,24,Other,7,2026-09-14,2026-09-17,recovered
11183,39,Female,7,2026-09-18,2026-09-19,ongoing
11184,59,Male,7,2026-09-12,2026-09-15,referred
11185,51,Female,7,2026-09-16,2026-09-18,deceased
11186,45,Male,7,2026-09-12,2026-09-15,recovered
11187,47,Male,7,2026-09-15,2026-09-17,deceased
11188,31,Male,7,2026-09-11,2026-09-12,ongoing
11189,24,Male,7,2026-09-21,2026-09-22,recovered
11190,26,Male,7,2026-09-17,2026-09-18,deceased
11191,31,Other,7,2026-09-06,2026-09-07,recovered
11192,57,Other,7,2026-09-02,2026-09-04,recovered
11193,39,Male,7,2026-09-26,2026-09-28,referred
11194,32,Other,7,2026-09-21,2026-09-22,referred
11195,50,Male,7,2026-09-26,2026-09-28,recovered
11196,56,Female,7,2026-09-14,2026-09-15,recovered
11197,39,Other,7,2026-09-01,2026-09-03,recovered
11198,39,Male,7,2026-09-06,2026-09-07,recovered
11199,45,Other,7,2026-09-25,2026-09-27,deceased
11200,47,Male,7,2026-09-22,2026-09-24,referred
11201,70,Female,7,2026-09-27,2026-09-28,recovered
11202,42,Male,7,2026-09-08,2026-09-09,deceased
11203,42,Male,7,2026-09-10,2026-09-12,recovered
11204,71,Other,7,2026-09-22,2026-09-23,recovered
11205,51,Other,7,2026-09-09,2026-09-10,recovered
11206,28,Female,7,2026-09-08,2026-09-11,recovered
11207,40,Other,7,2026-09-17,2026-09-19,referred
11208,62,Male,7,2026-09-20,2026-09-22,recovered
11209,73,Other,7,2026-09-19,2026-09-20,referred
11210,34,Other,7,2026-09-11,2026-09-12,referred
11211,41,Male,7,2026-09-16,2026-09-18,ongoing
11212,51,Other,7,2026-09-23,2026-09-24,recovered
11213,45,Male,7,2026-09-16,2026-09-18,recovered
11214,30,Other,7,2026-09-03,2026-09-04,recovered
11215,55,Other,7,2026-09-08,2026-09-09,referred
11216,31,Male,7,2026-09-04,2026-09-07,recovered
11217,34,Other,7,2026-09-22,2026-09-23,deceased
11218,25,Male,7,2026-09-13,2026-09-15,ongoing
11219,38,Male,7,2026-09-21,2026-09-22,deceased
11220,36,Female,7,2026-09-23,2026-09-24,recovered
11221,43,Male,7,2026-09-25,2026-09-27,recovered
11222,64,Female,7,2026-09-20,2026-09-22,recovered
11223,55,Male,7,2026-09-01,2026-09-03,deceased
11224,62,Female,7,2026-09-03,2026-09-05,ongoing
11225,36,Male,7,2026-09-21,2026-09-24,deceased
11226,50,Female,7,2026-09-15,2026-09-17,recovered
11227,40,Male,7,2026-09-11,2026-09-12,ongoing
11228,49,Female,7,2026-09-02,2026-09-04,recovered
11229,44,Female,7,2026-09-27,2026-09-28,deceased
11230,45,Female,7,2026-09-26,2026-09-28,referred
11231,42,Female,7,2026-09-01,2026-09-04,ongoing
11232,39,Male,7,2026-09-09,2026-09-10,deceased
11233,22,Other,7,2026-09-04,2026-09-05,recovered
11234,38,Male,7,2026-09-13,2026-09-15,deceased
11235,52,Female,7,2026-09-26,2026-09-27,recovered
11236,30,Female,7,2026-09-15,2026-09-17,ongoing
11237,55,Male,7,2026-09-20,2026-09-22,deceased
11238,35,Male,7,2026-09-12,2026-09-13,ongoing
11239,61,Female,7,2026-09-01,2026-09-02,recovered
11240,47,Male,7,2026-09-14,2026-09-15,recovered
11241,52,Male,7,2026-09-23,2026-09-24,ongoing
11242,27,Male,7,2026-09-25,2026-09-27,ongoing
11243,34,Female,7,2026-09-23,2026-09-25,recovered
11244,38,Male,7,2026-09-23,2026-09-24,recovered
11245,35,Female,7,2026-09-18,2026-09-19,recovered
11246,34,Other,7,2026-09-12,2026-09-14,referred
11247,41,Other,7,2026-09-24,2026-09-25,referred
11248,35,Other,7,2026-09-16,2026-09-18,recovered
11249,39,Male,7,2026-09-28,2026-09-29,recovered
11250,42,Female,7,2026-09-24,2026-09-25,ongoing
11251,53,Male,7,2026-09-11,2026-09-13,recovered
11252,41,Male,7,2026-09-08,2026-09-09,referred
11253,23,Male,7,2026-09-15,2026-09-16,recovered
11254,49,Other,7,2026-09-16,2026-09-18,recovered
11255,22,Other,7,2026-09-08,2026-09-09,referred
11256,43,Male,7,2026-09-02,2026-09-04,recovered
11257,47,Other,7,2026-09-22,2026-09-25,recovered
11258,48,Male,7,2026-09-06,2026-09-08,recovered
11259,45,Other,8,2025-10-22,2025-11-02,recovered
11260,56,Other,8,2025-10-17,2025-10-27,recovered
11261,32,Male,8,2025-10-14,2025-10-25,deceased
11262,37,Male,8,2025-10-10,2025-10-22,ongoing
11263,37,Female,8,2025-10-19,2025-10-22,ongoing
11264,19,Male,8,2025-10-10,2025-10-15,deceased
11265,40,Female,8,2025-10-04,2025-10-12,deceased
11266,29,Female,8,2025-10-21,2025-10-31,recovered
11267,45,Male,8,2025-10-16,2025-10-25,deceased
11268,48,Female,8,2025-10-11,2025-10-21,ongoing
11269,47,Female,8,2025-10-06,2025-10-12,recovered
11270,39,Other,8,2025-10-08,2025-10-20,recovered
11271,49,Male,8,2025-10-08,2025-10-15,referred
11272,51,Other,8,2025-10-11,2025-10-22,referred
11273,1,Female,8,2025-10-16,2025-10-25,recovered
11274,28,Female,8,2025-10-03,2025-10-07,recovered
11275,53,Male,8,2025-10-21,2025-10-25,deceased
11276,58,Female,8,2025-10-05,2025-10-11,deceased
11277,25,Male,8,2025-10-25,2025-11-03,referred
11278,53,Female,8,2025-10-27,2025-11-01,deceased
11279,45,Male,8,2025-10-19,2025-10-23,recovered
11280,35,Male,8,2025-10-21,2025-11-01,recovered
11281,31,Other,8,2025-10-09,2025-10-14,recovered
11282,34,Other,8,2025-10-01,2025-10-10,recovered
11283,38,Other,8,2025-10-27,2025-11-07,recovered
11284,75,Other,8,2025-10-12,2025-10-18,recovered
11285,52,Female,8,2025-10-24,2025-11-02,referred
11286,53,Female,8,2025-10-25,2025-10-29,recovered
11287,38,Male,8,2025-11-10,2025-11-22,recovered
11288,31,Other,8,2025-11-08,2025-11-16,recovered
11289,32,Male,8,2025-11-09,2025-11-20,recovered
11290,69,Male,8,2025-11-10,2025-11-17,recovered
11291,51,Female,8,2025-11-10,2025-11-18,recovered
11292,24,Other,8,2025-11-05,2025-11-15,deceased
11293,48,Male,8,2025-11-17,2025-11-25,deceased
11294,34,Other,8,2025-11-01,2025-11-12,recovered
11295,60,Other,8,2025-11-01,2025-11-06,recovered
11296,43,Other,8,2025-11-05,2025-11-09,recovered
11297,39,Female,8,2025-11-08,2025-11-18,recovered
11298,27,Other,8,2025-11-09,2025-11-17,recovered
11299,50,Female,8,2025-11-16,2025-11-24,referred
11300,40,Male,8,2025-11-04,2025-11-16,deceased
11301,77,Male,8,2025-11-05,2025-11-10,referred
11302,74,Female,8,2025-11-07,2025-11-18,recovered
11303,43,Female,8,2025-11-25,2025-11-29,deceased
11304,52,Female,8,2025-11-28,2025-12-05,recovered
11305,58,Female,8,2025-11-15,2025-11-21,deceased
11306,51,Male,8,2025-11-16,2025-11-20,deceased
11307,47,Other,8,2025-11-14,2025-11-19,ongoing
11308,74,Female,8,2025-11-22,2025-12-01,recovered
11309,40,Male,8,2025-11-07,2025-11-12,ongoing
11310,49,Female,8,2025-11-11,2025-11-23,referred
11311,38,Female,8,2025-11-15,2025-11-22,recovered
11312,29,Male,8,2025-11-08,2025-11-13,ongoing
11313,67,Male,8,2025-11-20,2025-11-26,referred
11314,43,Male,8,2025-11-02,2025-11-10,deceased
11315,39,Male,8,2025-11-17,2025-11-25,ongoing
11316,30,Other,8,2025-11-04,2025-11-16,ongoing
11317,53,Female,8,2025-12-18,2025-12-22,recovered
11318,25,Male,8,2025-12-05,2025-12-15,recovered
11319,35,Male,8,2025-12-09,2025-12-14,recovered
11320,30,Female,8,2025-12-07,2025-12-18,recovered
11321,39,Other,8,2025-12-10,2025-12-18,recovered
11322,46,Male,8,2025-12-05,2025-12-14,recovered
11323,15,Female,8,2025-12-27,2026-01-08,recovered
11324,32,Female,8,2025-12-05,2025-12-11,deceased
11325,46,Male,8,2025-12-21,2026-01-02,ongoing
11326,42,Female,8,2025-12-21,2025-12-25,recovered
11327,46,Female,8,2025-12-04,2025-12-11,recovered
11328,55,Female,8,2025-12-22,2025-12-30,deceased
11329,35,Other,8,2025-12-06,2025-12-12,referred
11330,46,Male,8,2025-12-01,2025-12-13,recovered
11331,52,Other,8,2025-12-03,2025-12-15,ongoing
11332,58,Male,8,2025-12-14,2025-12-26,recovered
11333,75,Female,8,2025-12-05,2025-12-11,recovered
11334,70,Male,8,2025-12-25,2025-12-30,recovered
11335,46,Female,8,2025-12-21,2025-12-30,ongoing
11336,48,Male,8,2025-12-19,2025-12-28,recovered
11337,39,Other,8,2025-12-05,2025-12-16,recovered
11338,43,Male,8,2025-12-16,2025-12-24,recovered
11339,47,Male,8,2025-12-14,2025-12-21,ongoing
11340,41,Male,8,2025-12-02,2025-12-06,recovered
11341,32,Male,8,2025-12-01,2025-12-11,referred
11342,47,Male,8,2025-12-28,2026-01-01,recovered
11343,76,Male,8,2026-01-27,2026-02-04,recovered
11344,65,Other,8,2026-01-13,2026-01-24,recovered
11345,46,Female,8,2026-01-16,2026-01-27,referred
11346,68,Female,8,2026-01-08,2026-01-16,referred
11347,44,Male,8,2026-01-27,2026-02-07,ongoing
11348,28,Female,8,2026-01-03,2026-01-14,deceased
11349,58,Male,8,2026-01-02,2026-01-14,ongoing
11350,56,Female,8,2026-01-06,2026-01-11,deceased
11351,41,Female,8,2026-01-16,2026-01-28,ongoing
11352,50,Male,8,2026-01-22,2026-01-30,referred
11353,45,Female,8,2026-01-28,2026-02-02,recovered
11354,39,Male,8,2026-01-05,2026-01-10,recovered
11355,34,Female,8,2026-01-02,2026-01-09,referred
11356,48,Female,8,2026-01-12,2026-01-17,ongoing
11357,58,Male,8,2026-01-06,2026-01-12,deceased
11358,25,Male,8,2026-01-25,2026-02-04,recovered
11359,61,Male,8,2026-01-13,2026-01-18,recovered
11360,53,Male,8,2026-01-12,2026-01-24,recovered
11361,31,Male,8,2026-01-13,2026-01-19,recovered
11362,62,Female,8,2026-01-27,2026-02-08,recovered
11363,32,Female,8,2026-01-09,2026-01-16,recovered
11364,48,Female,8,2026-01-14,2026-01-26,recovered
11365,34,Male,8,2026-01-03,2026-01-11,deceased
11366,31,Male,8,2026-01-12,2026-01-24,recovered
11367,46,Other,8,2026-02-10,2026-02-20,deceased
11368,48,Female,8,2026-02-14,2026-02-20,recovered
11369,32,Female,8,2026-02-10,2026-02-19,recovered
11370,42,Female,8,2026-02-03,2026-02-12,recovered
11371,39,Other,8,2026-02-23,2026-03-04,ongoing
11372,66,Female,8,2026-02-16,2026-02-28,recovered
11373,54,Male,8,2026-02-04,2026-02-11,recovered
11374,54,Female,8,2026-02-19,2026-02-28,recovered
11375,24,Male,8,2026-02-04,2026-02-14,recovered
11376,20,Male,8,2026-02-26,2026-03-03,recovered
11377,44,Female,8,2026-02-12,2026-02-15,ongoing
11378,35,Other,8,2026-02-26,2026-03-02,recovered
11379,29,Male,8,2026-02-27,2026-03-07,ongoing
11380,41,Male,8,2026-02-23,2026-03-05,ongoing
11381,46,Male,8,2026-02-21,2026-03-05,referred
11382,55,Other,8,2026-02-18,2026-02-25,recovered
11383,46,Female,8,2026-02-19,2026-02-27,recovered
11384,29,Female,8,2026-02-24,2026-03-02,referred
11385,66,Male,8,2026-02-19,2026-02-28,recovered
11386,53,Female,8,2026-02-13,2026-02-21,recovered
11387,31,Other,8,2026-02-13,2026-02-21,recovered
11388,37,Female,8,2026-02-02,2026-02-13,ongoing
11389,23,Female,8,2026-02-28,2026-03-09,deceased
11390,55,Other,8,2026-02-11,2026-02-16,recovered
11391,31,Female,8,2026-02-11,2026-02-19,ongoing
11392,41,Other,8,2026-02-22,2026-03-04,recovered
11393,61,Female,8,2026-02-12,2026-02-16,referred
11394,21,Male,8,2026-02-28,2026-03-05,recovered
11395,41,Other,8,2026-02-16,2026-02-20,recovered
11396,28,Female,8,2026-02-15,2026-02-21,recovered
11397,41,Other,8,2026-03-01,2026-03-12,deceased
11398,23,Female,8,2026-03-12,2026-03-23,recovered
11399,47,Male,8,2026-03-11,2026-03-15,recovered
11400,19,Female,8,2026-03-02,2026-03-09,recovered
11401,38,Male,8,2026-03-19,2026-03-29,recovered
11402,51,Female,8,2026-03-10,2026-03-16,recovered
11403,33,Other,8,2026-03-26,2026-04-07,deceased
11404,34,Male,8,2026-03-22,2026-03-28,recovered
11405,42,Other,8,2026-03-14,2026-03-22,deceased
11406,44,Other,8,2026-03-24,2026-03-29,ongoing
11407,59,Female,8,2026-03-09,2026-03-12,recovered
11408,41,Female,8,2026-03-25,2026-03-30,recovered
11409,31,Female,8,2026-03-20,2026-03-27,ongoing
11410,42,Female,8,2026-03-02,2026-03-10,deceased
11411,49,Female,8,2026-03-23,2026-03-28,deceased
11412,63,Female,8,2026-03-19,2026-03-30,recovered
11413,33,Male,8,2026-03-20,2026-03-25,recovered
11414,73,Other,8,2026-03-01,2026-03-13,referred
11415,44,Female,8,2026-03-27,2026-04-03,recovered
11416,45,Female,8,2026-03-03,2026-03-11,recovered
11417,47,Male,8,2026-03-21,2026-03-30,ongoing
11418,32,Male,8,2026-03-01,2026-03-08,ongoing
11419,46,Female,8,2026-03-11,2026-03-21,recovered
11420,41,Male,8,2026-03-27,2026-03-30,recovered
11421,43,Female,8,2026-03-25,2026-03-29,ongoing
11422,36,Other,8,2026-03-27,2026-04-01,recovered
11423,44,Male,8,2026-03-11,2026-03-15,deceased
11424,38,Female,8,2026-03-18,2026-03-30,ongoing
11425,44,Female,8,2026-03-07,2026-03-17,recovered
11426,38,Female,8,2026-03-14,2026-03-23,deceased
11427,55,Male,8,2026-03-03,2026-03-06,recovered
11428,43,Female,8,2026-04-26,2026-05-08,recovered
11429,49,Male,8,2026-04-27,2026-05-02,ongoing
11430,51,Female,8,2026-04-13,2026-04-19,ongoing
11431,34,Female,8,2026-04-11,2026-04-19,recovered
11432,54,Female,8,2026-04-03,2026-04-15,recovered
11433,48,Male,8,2026-04-28,2026-05-08,deceased
11434,35,Male,8,2026-04-27,2026-05-06,recovered
11435,36,Female,8,2026-04-02,2026-04-14,referred
11436,15,Female,8,2026-04-03,2026-04-14,recovered
11437,42,Female,8,2026-04-27,2026-05-08,recovered
11438,41,Male,8,2026-04-20,2026-05-01,recovered
11439,63,Female,8,2026-04-06,2026-04-12,recovered
11440,41,Male,8,2026-04-07,2026-04-12,recovered
11441,33,Other,8,2026-04-08,2026-04-12,recovered
11442,47,Female,8,2026-04-16,2026-04-28,recovered
11443,28,Other,8,2026-04-01,2026-04-06,deceased
11444,56,Female,8,2026-04-21,2026-04-25,recovered
11445,21,Female,8,2026-04-25,2026-05-03,recovered
11446,52,Female,8,2026-04-10,2026-04-18,recovered
11447,30,Female,8,2026-04-17,2026-04-27,ongoing
11448,39,Male,8,2026-04-02,2026-04-06,ongoing
11449,35,Female,8,2026-04-14,2026-04-19,recovered
11450,16,Female,8,2026-04-28,2026-05-05,recovered
11451,23,Other,8,2026-04-19,2026-04-26,deceased
11452,21,Other,8,2026-05-21,2026-05-27,ongoing
11453,38,Female,8,2026-05-03,2026-05-15,recovered
11454,37,Other,8,2026-05-14,2026-05-20,recovered
11455,50,Other,8,2026-05-28,2026-06-03,deceased
11456,34,Female,8,2026-05-09,2026-05-19,recovered
11457,54,Female,8,2026-05-15,2026-05-22,recovered
11458,41,Female,8,2026-05-12,2026-05-17,recovered
11459,51,Other,8,2026-05-17,2026-05-27,deceased
11460,69,Female,8,2026-05-15,2026-05-25,deceased
11461,32,Male,8,2026-05-25,2026-05-30,recovered
11462,47,Male,8,2026-05-25,2026-06-04,recovered
11463,47,Male,8,2026-05-16,2026-05-27,recovered
11464,22,Male,8,2026-05-23,2026-05-29,referred
11465,42,Female,8,2026-05-02,2026-05-07,referred
11466,23,Female,8,2026-05-04,2026-05-15,recovered
11467,65,Male,8,2026-05-14,2026-05-20,recovered
11468,17,Other,8,2026-05-07,2026-05-15,recovered
11469,45,Male,8,2026-05-07,2026-05-11,referred
11470,68,Female,8,2026-05-08,2026-05-13,recovered
11471,67,Other,8,2026-05-17,2026-05-28,ongoing
11472,42,Male,8,2026-05-24,2026-06-03,deceased
11473,35,Female,8,2026-05-16,2026-05-25,referred
11474,72,Female,8,2026-05-01,2026-05-13,deceased
11475,53,Female,8,2026-05-23,2026-06-01,referred
11476,45,Other,8,2026-05-13,2026-05-17,recovered
11477,43,Male,8,2026-05-12,2026-05-21,recovered
11478,45,Male,8,2026-05-04,2026-05-16,referred
11479,49,Male,8,2026-06-04,2026-06-13,recovered
11480,37,Other,8,2026-06-20,2026-06-26,recovered
11481,24,Female,8,2026-06-04,2026-06-10,recovered
11482,49,Male,8,2026-06-02,2026-06-10,recovered
11483,26,Male,8,2026-06-07,2026-06-19,recovered
11484,51,Other,8,2026-06-15,2026-06-26,deceased
11485,62,Male,8,2026-06-26,2026-07-06,recovered
11486,61,Other,8,2026-06-21,2026-07-03,deceased
11487,28,Male,8,2026-06-03,2026-06-07,recovered
11488,24,Female,8,2026-06-01,2026-06-04,recovered
11489,57,Female,8,2026-06-08,2026-06-12,ongoing
11490,46,Female,8,2026-06-10,2026-06-14,referred
11491,53,Female,8,2026-06-07,2026-06-15,deceased
11492,30,Female,8,2026-06-07,2026-06-19,deceased
11493,47,Male,8,2026-06-15,2026-06-22,recovered
11494,63,Male,8,2026-06-08,2026-06-12,recovered
11495,23,Female,8,2026-06-11,2026-06-16,recovered
11496,29,Female,8,2026-06-09,2026-06-13,recovered
11497,51,Female,8,2026-06-24,2026-07-05,referred
11498,52,Female,8,2026-06-26,2026-07-02,recovered
11499,36,Other,8,2026-06-10,2026-06-22,deceased
11500,44,Female,8,2026-06-24,2026-06-28,recovered
11501,37,Male,8,2026-06-23,2026-07-03,recovered
11502,25,Other,8,2026-06-28,2026-07-02,recovered
11503,45,Male,8,2026-06-22,2026-06-30,recovered
11504,68,Other,8,2026-06-11,2026-06-15,ongoing
11505,50,Other,8,2026-06-16,2026-06-27,recovered
11506,54,Other,8,2026-06-19,2026-06-27,ongoing
11507,48,Male,8,2026-06-06,2026-06-11,recovered
11508,33,Male,8,2026-06-24,2026-07-03,recovered
11509,32,Male,8,2026-07-01,2026-07-05,recovered
11510,31,Female,8,2026-07-25,2026-08-05,recovered
11511,43,Male,8,2026-07-17,2026-07-23,referred
11512,53,Other,8,2026-07-12,2026-07-19,ongoing
11513,60,Other,8,2026-07-13,2026-07-20,recovered
11514,60,Female,8,2026-07-28,2026-08-07,ongoing
11515,64,Male,8,2026-07-11,2026-07-22,recovered
11516,35,Female,8,2026-07-24,2026-08-02,referred
11517,61,Female,8,2026-07-12,2026-07-22,deceased
11518,38,Female,8,2026-07-21,2026-07-28,recovered
11519,40,Female,8,2026-07-27,2026-08-07,deceased
11520,36,Male,8,2026-07-12,2026-07-17,ongoing
11521,47,Male,8,2026-07-24,2026-08-04,referred
11522,38,Female,8,2026-07-27,2026-07-31,recovered
11523,38,Female,8,2026-07-04,2026-07-12,recovered
11524,33,Other,8,2026-07-05,2026-07-16,referred
11525,57,Male,8,2026-07-06,2026-07-10,recovered
11526,52,Other,8,2026-07-08,2026-07-16,recovered
11527,55,Other,8,2026-07-03,2026-07-10,recovered
11528,49,Other,8,2026-07-12,2026-07-23,referred
11529,56,Male,8,2026-07-19,2026-07-23,ongoing
11530,49,Female,8,2026-07-25,2026-08-04,recovered
11531,52,Female,8,2026-07-14,2026-07-19,deceased
11532,39,Female,8,2026-07-09,2026-07-14,deceased
11533,63,Female,8,2026-08-03,2026-08-13,ongoing
11534,45,Female,8,2026-08-14,2026-08-23,ongoing
11535,39,Male,8,2026-08-10,2026-08-15,recovered
11536,30,Female,8,2026-08-08,2026-08-15,deceased
11537,22,Male,8,2026-08-05,2026-08-09,recovered
11538,30,Other,8,2026-08-27,2026-09-03,ongoing
11539,16,Other,8,2026-08-04,2026-08-14,recovered
11540,9,Other,8,2026-08-28,2026-09-07,recovered
11541,41,Other,8,2026-08-19,2026-08-30,recovered
11542,58,Male,8,2026-08-07,2026-08-11,recovered
11543,34,Male,8,2026-08-11,2026-08-18,recovered
11544,32,Female,8,2026-08-06,2026-08-13,recovered
11545,40,Male,8,2026-08-17,2026-08-20,referred
11546,25,Female,8,2026-08-08,2026-08-18,recovered
11547,40,Male,8,2026-08-06,2026-08-11,deceased
11548,49,Male,8,2026-08-06,2026-08-10,recovered
11549,62,Male,8,2026-08-27,2026-09-02,deceased
11550,56,Female,8,2026-08-15,2026-08-25,deceased
11551,27,Male,8,2026-08-20,2026-08-28,ongoing
11552,52,Male,8,2026-08-10,2026-08-19,recovered
11553,64,Male,8,2026-08-28,2026-09-02,deceased
11554,45,Female,8,2026-08-22,2026-09-01,referred
11555,40,Male,8,2026-08-16,2026-08-23,recovered
11556,63,Male,8,2026-08-27,2026-09-07,deceased
11557,45,Male,8,2026-09-07,2026-09-11,recovered
11558,67,Female,8,2026-09-28,2026-10-08,referred
11559,34,Female,8,2026-09-14,2026-09-19,referred
11560,63,Female,8,2026-09-17,2026-09-28,deceased
11561,68,Male,8,2026-09-02,2026-09-09,recovered
11562,53,Female,8,2026-09-15,2026-09-25,recovered
11563,30,Male,8,2026-09-14,2026-09-18,recovered
11564,57,Female,8,2026-09-17,2026-09-29,recovered
11565,28,Male,8,2026-09-03,2026-09-15,recovered
11566,53,Female,8,2026-09-28,2026-10-09,recovered
11567,44,Male,8,2026-09-13,2026-09-23,referred
11568,55,Female,8,2026-09-23,2026-09-29,referred
11569,45,Other,8,2026-09-09,2026-09-12,recovered
11570,34,Female,8,2026-09-17,2026-09-23,recovered
11571,43,Male,8,2026-09-19,2026-09-29,ongoing
11572,46,Male,8,2026-09-22,2026-10-02,ongoing
11573,33,Other,8,2026-09-16,2026-09-20,recovered
11574,32,Other,8,2026-09-19,2026-09-24,referred
11575,50,Other,8,2026-09-21,2026-09-25,ongoing
11576,47,Male,8,2026-09-26,2026-10-01,ongoing
11577,40,Male,8,2026-09-18,2026-09-26,recovered
11578,41,Male,8,2026-09-04,2026-09-15,recovered
11579,43,Other,8,2026-09-24,2026-09-30,recovered
11580,45,Female,8,2026-09-17,2026-09-24,referred
